2026-08-13 09:09:36.683 +03:00 [INF] Executed DbCommand (35ms) [Parameters=[], CommandType='"Text"', CommandTimeout='30']
SELECT CASE
    WHEN EXISTS (
        SELECT 1
        FROM [Users] AS [u]
        WHERE [u].[Email] = N'superadmin@sistem.com') THEN CAST(1 AS bit)
    ELSE CAST(0 AS bit)
END
2026-08-13 09:09:36.708 +03:00 [INF] Executed DbCommand (5ms) [Parameters=[], CommandType='"Text"', CommandTimeout='30']
SELECT CASE
    WHEN EXISTS (
        SELECT 1
        FROM [Users] AS [u]
        WHERE [u].[Email] = N'admin@sistem.com') THEN CAST(1 AS bit)
    ELSE CAST(0 AS bit)
END
2026-08-13 09:09:36.712 +03:00 [INF] User profile is available. Using '/Users/yigit/.aspnet/DataProtection-Keys' as key repository; keys will not be encrypted at rest.
2026-08-13 09:09:36.731 +03:00 [INF] Now listening on: http://localhost:5275
2026-08-13 09:09:36.731 +03:00 [INF] Application started. Press Ctrl+C to shut down.
2026-08-13 09:09:36.731 +03:00 [INF] Hosting environment: Development
2026-08-13 09:09:36.731 +03:00 [INF] Content root path: /Users/yigit/RiderProjects/ECommerceManagement/src/ECommerceManagement.Api
2026-08-13 09:09:38.529 +03:00 [INF] Request starting HTTP/1.1 GET http://localhost:5275/index.html - null null
2026-08-13 09:09:38.582 +03:00 [INF] HTTP GET /index.html responded 200 in 39.6193 ms
2026-08-13 09:09:38.583 +03:00 [INF] Request finished HTTP/1.1 GET http://localhost:5275/index.html - 200 null text/html;charset=utf-8 55.7175ms
2026-08-13 09:09:39.075 +03:00 [INF] Request starting HTTP/1.1 GET http://localhost:5275/swagger/v1/swagger.json - null null
2026-08-13 09:09:39.104 +03:00 [INF] HTTP GET /swagger/v1/swagger.json responded 200 in 28.7262 ms
2026-08-13 09:09:39.104 +03:00 [INF] Request finished HTTP/1.1 GET http://localhost:5275/swagger/v1/swagger.json - 200 null application/json;charset=utf-8 29.4397ms
2026-08-13 09:10:12.289 +03:00 [INF] Application is shutting down...
2026-08-13 11:39:41.557 +03:00 [INF] Executed DbCommand (22ms) [Parameters=[], CommandType='"Text"', CommandTimeout='30']
SELECT CASE
    WHEN EXISTS (
        SELECT 1
        FROM [Users] AS [u]
        WHERE [u].[Email] = N'superadmin@sistem.com') THEN CAST(1 AS bit)
    ELSE CAST(0 AS bit)
END
2026-08-13 11:39:41.579 +03:00 [INF] Executed DbCommand (3ms) [Parameters=[], CommandType='"Text"', CommandTimeout='30']
SELECT CASE
    WHEN EXISTS (
        SELECT 1
        FROM [Users] AS [u]
        WHERE [u].[Email] = N'admin@sistem.com') THEN CAST(1 AS bit)
    ELSE CAST(0 AS bit)
END
2026-08-13 11:39:41.583 +03:00 [INF] User profile is available. Using '/Users/yigit/.aspnet/DataProtection-Keys' as key repository; keys will not be encrypted at rest.
2026-08-13 11:39:41.601 +03:00 [INF] Now listening on: http://localhost:5275
2026-08-13 11:39:41.601 +03:00 [INF] Application started. Press Ctrl+C to shut down.
2026-08-13 11:39:41.602 +03:00 [INF] Hosting environment: Development
2026-08-13 11:39:41.602 +03:00 [INF] Content root path: /Users/yigit/RiderProjects/ECommerceManagement/src/ECommerceManagement.Api
2026-08-13 11:39:44.321 +03:00 [INF] Request starting HTTP/1.1 GET http://localhost:5275/index.html - null null
2026-08-13 11:39:44.377 +03:00 [INF] HTTP GET /index.html responded 200 in 38.2965 ms
2026-08-13 11:39:44.379 +03:00 [INF] Request finished HTTP/1.1 GET http://localhost:5275/index.html - 200 null text/html;charset=utf-8 62.5501ms
2026-08-13 11:39:44.880 +03:00 [INF] Request starting HTTP/1.1 GET http://localhost:5275/swagger/v1/swagger.json - null null
2026-08-13 11:39:44.916 +03:00 [INF] HTTP GET /swagger/v1/swagger.json responded 200 in 34.0026 ms
2026-08-13 11:39:44.916 +03:00 [INF] Request finished HTTP/1.1 GET http://localhost:5275/swagger/v1/swagger.json - 200 null application/json;charset=utf-8 35.3732ms
2026-08-13 11:40:09.196 +03:00 [INF] Request starting HTTP/1.1 POST http://localhost:5275/api/Auth/login - application/json 60
2026-08-13 11:40:09.200 +03:00 [WRN] Failed to determine the https port for redirect.
2026-08-13 11:40:09.230 +03:00 [INF] Executing endpoint 'ECommerceManagement.Api.Controllers.AuthController.Login (ECommerceManagement.Api)'
2026-08-13 11:40:09.239 +03:00 [INF] Route matched with {action = "Login", controller = "Auth"}. Executing controller action with signature System.Threading.Tasks.Task`1[Microsoft.AspNetCore.Mvc.IActionResult] Login(ECommerceManagement.Application.DTOs.Auth.LoginDto) on controller ECommerceManagement.Api.Controllers.AuthController (ECommerceManagement.Api).
2026-08-13 11:40:09.279 +03:00 [WRN] You do not have a valid license key for the Lucky Penny software AutoMapper. This is allowed for development and testing scenarios. If you are running in production you are required to have a licensed version. Please visit https://luckypennysoftware.com to obtain a valid license.
2026-08-13 11:40:09.347 +03:00 [INF] Executed DbCommand (35ms) [Parameters=[@dto_Email='?' (Size = 450)], CommandType='"Text"', CommandTimeout='30']
SELECT TOP(1) [u].[Id], [u].[CreatedAt], [u].[Email], [u].[IsActive], [u].[PasswordHash], [u].[RefreshToken], [u].[RefreshTokenExpiresAt], [u].[Username]
FROM [Users] AS [u]
WHERE [u].[Email] = @dto_Email
2026-08-13 11:40:09.401 +03:00 [INF] Executed DbCommand (6ms) [Parameters=[@user_Id='?' (DbType = Int32)], CommandType='"Text"', CommandTimeout='30']
SELECT [u].[UserId], [u].[RoleId]
FROM [UserRoles] AS [u]
WHERE [u].[UserId] = @user_Id
2026-08-13 11:40:09.426 +03:00 [INF] Executed DbCommand (5ms) [Parameters=[@roleIds1='?' (DbType = Int32)], CommandType='"Text"', CommandTimeout='30']
SELECT [r].[Id], [r].[CreatedAt], [r].[Name]
FROM [Roles] AS [r]
WHERE [r].[Id] = @roleIds1
2026-08-13 11:40:09.499 +03:00 [INF] Executed DbCommand (38ms) [Parameters=[@p7='?' (DbType = Int32), @p0='?' (DbType = DateTime2), @p1='?' (Size = 450), @p2='?' (DbType = Boolean), @p3='?' (Size = 4000), @p4='?' (Size = 4000), @p5='?' (DbType = DateTime2), @p6='?' (Size = 4000)], CommandType='"Text"', CommandTimeout='30']
SET IMPLICIT_TRANSACTIONS OFF;
SET NOCOUNT ON;
UPDATE [Users] SET [CreatedAt] = @p0, [Email] = @p1, [IsActive] = @p2, [PasswordHash] = @p3, [RefreshToken] = @p4, [RefreshTokenExpiresAt] = @p5, [Username] = @p6
OUTPUT 1
WHERE [Id] = @p7;
2026-08-13 11:40:09.504 +03:00 [INF] Executing OkObjectResult, writing value of type 'ECommerceManagement.Application.DTOs.Auth.TokenResponseDto'.
2026-08-13 11:40:09.507 +03:00 [INF] Executed action ECommerceManagement.Api.Controllers.AuthController.Login (ECommerceManagement.Api) in 267.1638ms
2026-08-13 11:40:09.508 +03:00 [INF] Executed endpoint 'ECommerceManagement.Api.Controllers.AuthController.Login (ECommerceManagement.Api)'
2026-08-13 11:40:09.508 +03:00 [INF] HTTP POST /api/Auth/login responded 200 in 309.9344 ms
2026-08-13 11:40:09.509 +03:00 [INF] Request finished HTTP/1.1 POST http://localhost:5275/api/Auth/login - 200 null application/json; charset=utf-8 313.3322ms
2026-08-13 11:40:44.370 +03:00 [INF] Request starting HTTP/1.1 POST http://localhost:5275/api/Admin/warehouses - application/json 60
2026-08-13 11:40:44.517 +03:00 [INF] Executed DbCommand (17ms) [Parameters=[@userId='?' (DbType = Int32)], CommandType='"Text"', CommandTimeout='30']
SELECT [p].[Name]
FROM [UserRoles] AS [u]
INNER JOIN [Roles] AS [r] ON [u].[RoleId] = [r].[Id]
INNER JOIN [RolePermissions] AS [r0] ON [r].[Id] = [r0].[RoleId]
INNER JOIN [Permissions] AS [p] ON [r0].[PermissionId] = [p].[Id]
WHERE [u].[UserId] = @userId
2026-08-13 11:40:44.531 +03:00 [INF] Executed DbCommand (7ms) [Parameters=[@userId='?' (DbType = Int32)], CommandType='"Text"', CommandTimeout='30']
SELECT [u].[UserId], [u].[PermissionId], [u].[IsGranted], [p].[Id], [p].[CreatedAt], [p].[ModuleName], [p].[Name]
FROM [UserPermissions] AS [u]
INNER JOIN [Permissions] AS [p] ON [u].[PermissionId] = [p].[Id]
WHERE [u].[UserId] = @userId
2026-08-13 11:40:44.535 +03:00 [INF] Executing endpoint 'ECommerceManagement.Api.Controllers.AdminController.CreateWarehouse (ECommerceManagement.Api)'
2026-08-13 11:40:44.537 +03:00 [INF] Route matched with {action = "CreateWarehouse", controller = "Admin"}. Executing controller action with signature System.Threading.Tasks.Task`1[Microsoft.AspNetCore.Mvc.IActionResult] CreateWarehouse(ECommerceManagement.Application.DTOs.Catalog.CreateWarehouseDto) on controller ECommerceManagement.Api.Controllers.AdminController (ECommerceManagement.Api).
2026-08-13 11:40:44.539 +03:00 [INF] Executed action ECommerceManagement.Api.Controllers.AdminController.CreateWarehouse (ECommerceManagement.Api) in 1.6668ms
2026-08-13 11:40:44.539 +03:00 [INF] Executed endpoint 'ECommerceManagement.Api.Controllers.AdminController.CreateWarehouse (ECommerceManagement.Api)'
2026-08-13 11:40:44.539 +03:00 [ERR] HTTP POST /api/Admin/warehouses responded 500 in 166.6443 ms
System.ArgumentNullException: Value cannot be null. (Parameter 'uriString')
   at System.ArgumentNullException.Throw(String paramName)
   at System.ArgumentNullException.ThrowIfNull(Object argument, String paramName)
   at System.Uri..ctor(String uriString)
   at Program.<>c__DisplayClass0_0.<<Main>$>b__8(HttpClient client) in /Users/yigit/RiderProjects/ECommerceManagement/src/ECommerceManagement.Api/Program.cs:line 157
   at Microsoft.Extensions.Http.DefaultHttpClientFactory.CreateClient(String name)
   at Microsoft.Extensions.DependencyInjection.HttpClientBuilderExtensions.AddTransientHelper[TClient,TImplementation](IServiceProvider s, IHttpClientBuilder builder)
   at Microsoft.Extensions.DependencyInjection.ServiceLookup.CallSiteRuntimeResolver.VisitDisposeCache(ServiceCallSite transientCallSite, RuntimeResolverContext context)
   at Microsoft.Extensions.DependencyInjection.ServiceLookup.CallSiteVisitor`2.VisitCallSiteMain(ServiceCallSite callSite, TArgument argument)
   at Microsoft.Extensions.DependencyInjection.ServiceLookup.CallSiteRuntimeResolver.VisitDisposeCache(ServiceCallSite transientCallSite, RuntimeResolverContext context)
   at Microsoft.Extensions.DependencyInjection.ServiceLookup.DynamicServiceProviderEngine.<>c__DisplayClass2_0.<RealizeService>b__0(ServiceProviderEngineScope scope)
   at Microsoft.Extensions.DependencyInjection.ServiceProvider.GetService(ServiceIdentifier serviceIdentifier, ServiceProviderEngineScope serviceProviderEngineScope)
   at Microsoft.Extensions.DependencyInjection.ServiceProviderServiceExtensions.GetRequiredService[T](IServiceProvider provider)
   at Microsoft.Extensions.DependencyInjection.HttpClientBuilderExtensions.<>c__4`1.<AddHttpMessageHandler>b__4_1(HttpMessageHandlerBuilder b)
   at Microsoft.Extensions.Http.DefaultHttpClientFactory.<>c__DisplayClass17_0.<CreateHandlerEntry>g__Configure|0(HttpMessageHandlerBuilder b)
   at Microsoft.Extensions.Http.MetricsFactoryHttpMessageHandlerFilter.<>c__DisplayClass2_0.<Configure>b__0(HttpMessageHandlerBuilder builder)
   at Microsoft.Extensions.Http.LoggingHttpMessageHandlerBuilderFilter.<>c__DisplayClass6_0.<Configure>b__0(HttpMessageHandlerBuilder builder)
   at Microsoft.Extensions.Http.DefaultHttpClientFactory.CreateHandlerEntry(String name)
   at System.Lazy`1.ViaFactory(LazyThreadSafetyMode mode)
   at System.Lazy`1.ExecutionAndPublication(LazyHelper executionAndPublication, Boolean useDefaultConstructor)
   at System.Lazy`1.CreateValue()
   at Microsoft.Extensions.Http.DefaultHttpClientFactory.CreateHandler(String name)
   at Microsoft.Extensions.Http.DefaultHttpClientFactory.CreateClient(String name)
   at Microsoft.Extensions.DependencyInjection.HttpClientBuilderExtensions.AddTransientHelper[TClient,TImplementation](IServiceProvider s, IHttpClientBuilder builder)
   at Microsoft.Extensions.DependencyInjection.ServiceLookup.CallSiteRuntimeResolver.VisitDisposeCache(ServiceCallSite transientCallSite, RuntimeResolverContext context)
   at Microsoft.Extensions.DependencyInjection.ServiceLookup.CallSiteVisitor`2.VisitCallSiteMain(ServiceCallSite callSite, TArgument argument)
   at Microsoft.Extensions.DependencyInjection.ServiceLookup.CallSiteVisitor`2.VisitCallSite(ServiceCallSite callSite, TArgument argument)
   at Microsoft.Extensions.DependencyInjection.ServiceLookup.DynamicServiceProviderEngine.<>c__DisplayClass2_0.<RealizeService>b__0(ServiceProviderEngineScope scope)
   at Microsoft.Extensions.DependencyInjection.ServiceProvider.GetService(ServiceIdentifier serviceIdentifier, ServiceProviderEngineScope serviceProviderEngineScope)
   at lambda_method356(Closure, IServiceProvider, Object[])
   at Microsoft.AspNetCore.Mvc.Controllers.ControllerFactoryProvider.<>c__DisplayClass6_0.<CreateControllerFactory>g__CreateController|0(ControllerContext controllerContext)
   at Microsoft.AspNetCore.Mvc.Infrastructure.ControllerActionInvoker.Next(State& next, Scope& scope, Object& state, Boolean& isCompleted)
   at Microsoft.AspNetCore.Mvc.Infrastructure.ControllerActionInvoker.InvokeInnerFilterAsync()
--- End of stack trace from previous location ---
   at Microsoft.AspNetCore.Mvc.Infrastructure.ResourceInvoker.<InvokeFilterPipelineAsync>g__Awaited|20_0(ResourceInvoker invoker, Task lastTask, State next, Scope scope, Object state, Boolean isCompleted)
   at Microsoft.AspNetCore.Mvc.Infrastructure.ResourceInvoker.<InvokeAsync>g__Logged|17_1(ResourceInvoker invoker)
   at Microsoft.AspNetCore.Mvc.Infrastructure.ResourceInvoker.<InvokeAsync>g__Logged|17_1(ResourceInvoker invoker)
   at Microsoft.AspNetCore.Routing.EndpointMiddleware.<Invoke>g__AwaitRequestTask|7_0(Endpoint endpoint, Task requestTask, ILogger logger)
   at Microsoft.AspNetCore.Authorization.AuthorizationMiddleware.Invoke(HttpContext context)
   at Microsoft.AspNetCore.Authentication.AuthenticationMiddleware.Invoke(HttpContext context)
   at Swashbuckle.AspNetCore.SwaggerUI.SwaggerUIMiddleware.Invoke(HttpContext httpContext)
   at Swashbuckle.AspNetCore.Swagger.SwaggerMiddleware.Invoke(HttpContext httpContext, ISwaggerProvider swaggerProvider)
   at Serilog.AspNetCore.RequestLoggingMiddleware.Invoke(HttpContext httpContext)
2026-08-13 11:40:44.544 +03:00 [ERR] An unhandled exception has occurred while executing the request.
System.ArgumentNullException: Value cannot be null. (Parameter 'uriString')
   at System.ArgumentNullException.Throw(String paramName)
   at System.ArgumentNullException.ThrowIfNull(Object argument, String paramName)
   at System.Uri..ctor(String uriString)
   at Program.<>c__DisplayClass0_0.<<Main>$>b__8(HttpClient client) in /Users/yigit/RiderProjects/ECommerceManagement/src/ECommerceManagement.Api/Program.cs:line 157
   at Microsoft.Extensions.Http.DefaultHttpClientFactory.CreateClient(String name)
   at Microsoft.Extensions.DependencyInjection.HttpClientBuilderExtensions.AddTransientHelper[TClient,TImplementation](IServiceProvider s, IHttpClientBuilder builder)
   at Microsoft.Extensions.DependencyInjection.ServiceLookup.CallSiteRuntimeResolver.VisitDisposeCache(ServiceCallSite transientCallSite, RuntimeResolverContext context)
   at Microsoft.Extensions.DependencyInjection.ServiceLookup.CallSiteVisitor`2.VisitCallSiteMain(ServiceCallSite callSite, TArgument argument)
   at Microsoft.Extensions.DependencyInjection.ServiceLookup.CallSiteRuntimeResolver.VisitDisposeCache(ServiceCallSite transientCallSite, RuntimeResolverContext context)
   at Microsoft.Extensions.DependencyInjection.ServiceLookup.DynamicServiceProviderEngine.<>c__DisplayClass2_0.<RealizeService>b__0(ServiceProviderEngineScope scope)
   at Microsoft.Extensions.DependencyInjection.ServiceProvider.GetService(ServiceIdentifier serviceIdentifier, ServiceProviderEngineScope serviceProviderEngineScope)
   at Microsoft.Extensions.DependencyInjection.ServiceProviderServiceExtensions.GetRequiredService[T](IServiceProvider provider)
   at Microsoft.Extensions.DependencyInjection.HttpClientBuilderExtensions.<>c__4`1.<AddHttpMessageHandler>b__4_1(HttpMessageHandlerBuilder b)
   at Microsoft.Extensions.Http.DefaultHttpClientFactory.<>c__DisplayClass17_0.<CreateHandlerEntry>g__Configure|0(HttpMessageHandlerBuilder b)
   at Microsoft.Extensions.Http.MetricsFactoryHttpMessageHandlerFilter.<>c__DisplayClass2_0.<Configure>b__0(HttpMessageHandlerBuilder builder)
   at Microsoft.Extensions.Http.LoggingHttpMessageHandlerBuilderFilter.<>c__DisplayClass6_0.<Configure>b__0(HttpMessageHandlerBuilder builder)
   at Microsoft.Extensions.Http.DefaultHttpClientFactory.CreateHandlerEntry(String name)
   at System.Lazy`1.ViaFactory(LazyThreadSafetyMode mode)
   at System.Lazy`1.ExecutionAndPublication(LazyHelper executionAndPublication, Boolean useDefaultConstructor)
   at System.Lazy`1.CreateValue()
   at Microsoft.Extensions.Http.DefaultHttpClientFactory.CreateHandler(String name)
   at Microsoft.Extensions.Http.DefaultHttpClientFactory.CreateClient(String name)
   at Microsoft.Extensions.DependencyInjection.HttpClientBuilderExtensions.AddTransientHelper[TClient,TImplementation](IServiceProvider s, IHttpClientBuilder builder)
   at Microsoft.Extensions.DependencyInjection.ServiceLookup.CallSiteRuntimeResolver.VisitDisposeCache(ServiceCallSite transientCallSite, RuntimeResolverContext context)
   at Microsoft.Extensions.DependencyInjection.ServiceLookup.CallSiteVisitor`2.VisitCallSiteMain(ServiceCallSite callSite, TArgument argument)
   at Microsoft.Extensions.DependencyInjection.ServiceLookup.CallSiteVisitor`2.VisitCallSite(ServiceCallSite callSite, TArgument argument)
   at Microsoft.Extensions.DependencyInjection.ServiceLookup.DynamicServiceProviderEngine.<>c__DisplayClass2_0.<RealizeService>b__0(ServiceProviderEngineScope scope)
   at Microsoft.Extensions.DependencyInjection.ServiceProvider.GetService(ServiceIdentifier serviceIdentifier, ServiceProviderEngineScope serviceProviderEngineScope)
   at lambda_method356(Closure, IServiceProvider, Object[])
   at Microsoft.AspNetCore.Mvc.Controllers.ControllerFactoryProvider.<>c__DisplayClass6_0.<CreateControllerFactory>g__CreateController|0(ControllerContext controllerContext)
   at Microsoft.AspNetCore.Mvc.Infrastructure.ControllerActionInvoker.Next(State& next, Scope& scope, Object& state, Boolean& isCompleted)
   at Microsoft.AspNetCore.Mvc.Infrastructure.ControllerActionInvoker.InvokeInnerFilterAsync()
--- End of stack trace from previous location ---
   at Microsoft.AspNetCore.Mvc.Infrastructure.ResourceInvoker.<InvokeFilterPipelineAsync>g__Awaited|20_0(ResourceInvoker invoker, Task lastTask, State next, Scope scope, Object state, Boolean isCompleted)
   at Microsoft.AspNetCore.Mvc.Infrastructure.ResourceInvoker.<InvokeAsync>g__Logged|17_1(ResourceInvoker invoker)
   at Microsoft.AspNetCore.Mvc.Infrastructure.ResourceInvoker.<InvokeAsync>g__Logged|17_1(ResourceInvoker invoker)
   at Microsoft.AspNetCore.Routing.EndpointMiddleware.<Invoke>g__AwaitRequestTask|7_0(Endpoint endpoint, Task requestTask, ILogger logger)
   at Microsoft.AspNetCore.Authorization.AuthorizationMiddleware.Invoke(HttpContext context)
   at Microsoft.AspNetCore.Authentication.AuthenticationMiddleware.Invoke(HttpContext context)
   at Swashbuckle.AspNetCore.SwaggerUI.SwaggerUIMiddleware.Invoke(HttpContext httpContext)
   at Swashbuckle.AspNetCore.Swagger.SwaggerMiddleware.Invoke(HttpContext httpContext, ISwaggerProvider swaggerProvider)
   at Serilog.AspNetCore.RequestLoggingMiddleware.Invoke(HttpContext httpContext)
   at Microsoft.AspNetCore.Diagnostics.DeveloperExceptionPageMiddlewareImpl.Invoke(HttpContext context)
2026-08-13 11:40:44.546 +03:00 [INF] Request finished HTTP/1.1 POST http://localhost:5275/api/Admin/warehouses - 500 null text/plain; charset=utf-8 175.9622ms
2026-08-13 11:42:09.338 +03:00 [INF] Application is shutting down...
2026-08-13 11:45:33.193 +03:00 [INF] Executed DbCommand (13ms) [Parameters=[], CommandType='"Text"', CommandTimeout='30']
SELECT CASE
    WHEN EXISTS (
        SELECT 1
        FROM [Users] AS [u]
        WHERE [u].[Email] = N'superadmin@sistem.com') THEN CAST(1 AS bit)
    ELSE CAST(0 AS bit)
END
2026-08-13 11:45:33.213 +03:00 [INF] Executed DbCommand (1ms) [Parameters=[], CommandType='"Text"', CommandTimeout='30']
SELECT CASE
    WHEN EXISTS (
        SELECT 1
        FROM [Users] AS [u]
        WHERE [u].[Email] = N'admin@sistem.com') THEN CAST(1 AS bit)
    ELSE CAST(0 AS bit)
END
2026-08-13 11:45:33.216 +03:00 [INF] User profile is available. Using '/Users/yigit/.aspnet/DataProtection-Keys' as key repository; keys will not be encrypted at rest.
2026-08-13 11:45:33.235 +03:00 [INF] Now listening on: http://localhost:5275
2026-08-13 11:45:33.236 +03:00 [INF] Application started. Press Ctrl+C to shut down.
2026-08-13 11:45:33.236 +03:00 [INF] Hosting environment: Development
2026-08-13 11:45:33.236 +03:00 [INF] Content root path: /Users/yigit/RiderProjects/ECommerceManagement/src/ECommerceManagement.Api
2026-08-13 11:45:34.515 +03:00 [INF] Request starting HTTP/1.1 GET http://localhost:5275/index.html - null null
2026-08-13 11:45:34.545 +03:00 [INF] HTTP GET /index.html responded 200 in 19.9965 ms
2026-08-13 11:45:34.546 +03:00 [INF] Request finished HTTP/1.1 GET http://localhost:5275/index.html - 200 null text/html;charset=utf-8 32.1236ms
2026-08-13 11:45:34.956 +03:00 [INF] Request starting HTTP/1.1 GET http://localhost:5275/swagger/v1/swagger.json - null null
2026-08-13 11:45:34.996 +03:00 [INF] HTTP GET /swagger/v1/swagger.json responded 200 in 39.2101 ms
2026-08-13 11:45:34.997 +03:00 [INF] Request finished HTTP/1.1 GET http://localhost:5275/swagger/v1/swagger.json - 200 null application/json;charset=utf-8 40.2435ms
2026-08-13 11:45:56.768 +03:00 [INF] Request starting HTTP/1.1 POST http://localhost:5275/api/Auth/login - application/json 60
2026-08-13 11:45:56.773 +03:00 [WRN] Failed to determine the https port for redirect.
2026-08-13 11:45:56.810 +03:00 [INF] Executing endpoint 'ECommerceManagement.Api.Controllers.AuthController.Login (ECommerceManagement.Api)'
2026-08-13 11:45:56.835 +03:00 [INF] Route matched with {action = "Login", controller = "Auth"}. Executing controller action with signature System.Threading.Tasks.Task`1[Microsoft.AspNetCore.Mvc.IActionResult] Login(ECommerceManagement.Application.DTOs.Auth.LoginDto) on controller ECommerceManagement.Api.Controllers.AuthController (ECommerceManagement.Api).
2026-08-13 11:45:56.868 +03:00 [WRN] You do not have a valid license key for the Lucky Penny software AutoMapper. This is allowed for development and testing scenarios. If you are running in production you are required to have a licensed version. Please visit https://luckypennysoftware.com to obtain a valid license.
2026-08-13 11:45:56.914 +03:00 [INF] Executed DbCommand (12ms) [Parameters=[@dto_Email='?' (Size = 450)], CommandType='"Text"', CommandTimeout='30']
SELECT TOP(1) [u].[Id], [u].[CreatedAt], [u].[Email], [u].[IsActive], [u].[PasswordHash], [u].[RefreshToken], [u].[RefreshTokenExpiresAt], [u].[Username]
FROM [Users] AS [u]
WHERE [u].[Email] = @dto_Email
2026-08-13 11:45:56.964 +03:00 [INF] Executed DbCommand (3ms) [Parameters=[@user_Id='?' (DbType = Int32)], CommandType='"Text"', CommandTimeout='30']
SELECT [u].[UserId], [u].[RoleId]
FROM [UserRoles] AS [u]
WHERE [u].[UserId] = @user_Id
2026-08-13 11:45:56.989 +03:00 [INF] Executed DbCommand (3ms) [Parameters=[@roleIds1='?' (DbType = Int32)], CommandType='"Text"', CommandTimeout='30']
SELECT [r].[Id], [r].[CreatedAt], [r].[Name]
FROM [Roles] AS [r]
WHERE [r].[Id] = @roleIds1
2026-08-13 11:45:57.033 +03:00 [INF] Executed DbCommand (9ms) [Parameters=[@p7='?' (DbType = Int32), @p0='?' (DbType = DateTime2), @p1='?' (Size = 450), @p2='?' (DbType = Boolean), @p3='?' (Size = 4000), @p4='?' (Size = 4000), @p5='?' (DbType = DateTime2), @p6='?' (Size = 4000)], CommandType='"Text"', CommandTimeout='30']
SET IMPLICIT_TRANSACTIONS OFF;
SET NOCOUNT ON;
UPDATE [Users] SET [CreatedAt] = @p0, [Email] = @p1, [IsActive] = @p2, [PasswordHash] = @p3, [RefreshToken] = @p4, [RefreshTokenExpiresAt] = @p5, [Username] = @p6
OUTPUT 1
WHERE [Id] = @p7;
2026-08-13 11:45:57.037 +03:00 [INF] Executing OkObjectResult, writing value of type 'ECommerceManagement.Application.DTOs.Auth.TokenResponseDto'.
2026-08-13 11:45:57.039 +03:00 [INF] Executed action ECommerceManagement.Api.Controllers.AuthController.Login (ECommerceManagement.Api) in 203.2627ms
2026-08-13 11:45:57.039 +03:00 [INF] Executed endpoint 'ECommerceManagement.Api.Controllers.AuthController.Login (ECommerceManagement.Api)'
2026-08-13 11:45:57.039 +03:00 [INF] HTTP POST /api/Auth/login responded 200 in 270.1757 ms
2026-08-13 11:45:57.040 +03:00 [INF] Request finished HTTP/1.1 POST http://localhost:5275/api/Auth/login - 200 null application/json; charset=utf-8 272.6675ms
2026-08-13 11:46:27.308 +03:00 [INF] Request starting HTTP/1.1 POST http://localhost:5275/api/Admin/warehouses - application/json 51
2026-08-13 11:46:27.399 +03:00 [INF] Executing endpoint 'ECommerceManagement.Api.Controllers.AdminController.CreateWarehouse (ECommerceManagement.Api)'
2026-08-13 11:46:27.402 +03:00 [INF] Route matched with {action = "CreateWarehouse", controller = "Admin"}. Executing controller action with signature System.Threading.Tasks.Task`1[Microsoft.AspNetCore.Mvc.IActionResult] CreateWarehouse(ECommerceManagement.Application.DTOs.Catalog.CreateWarehouseDto) on controller ECommerceManagement.Api.Controllers.AdminController (ECommerceManagement.Api).
2026-08-13 11:46:27.805 +03:00 [INF] Executed action ECommerceManagement.Api.Controllers.AdminController.CreateWarehouse (ECommerceManagement.Api) in 403.6846ms
2026-08-13 11:46:27.806 +03:00 [INF] Executed endpoint 'ECommerceManagement.Api.Controllers.AdminController.CreateWarehouse (ECommerceManagement.Api)'
2026-08-13 11:46:27.806 +03:00 [ERR] HTTP POST /api/Admin/warehouses responded 500 in 496.9016 ms
System.Exception: SysmondAX Token alınamadı. Status: Unauthorized, Detay: {
  "error": "invalid_client",
  "error_description": "The mandatory 'client_id' parameter is missing.",
  "error_uri": "https://documentation.openiddict.com/errors/ID2029"
}
   at SysmondAx.Integration.Services.Auth.SysmondAuthService.GetAccessTokenAsync() in /Users/yigit/RiderProjects/ECommerceManagement/integrations/SysmondAx.Integration/Services/Auth/SysmondAuthService.cs:line 46
   at SysmondAx.Integration.Handlers.SysmondAuthDelegatingHandler.SendAsync(HttpRequestMessage request, CancellationToken cancellationToken) in /Users/yigit/RiderProjects/ECommerceManagement/integrations/SysmondAx.Integration/Handlers/SysmondAuthDelegatingHandler.cs:line 18
   at Microsoft.Extensions.Http.Logging.LoggingScopeHttpMessageHandler.<SendCoreAsync>g__Core|4_0(HttpRequestMessage request, Boolean useAsync, CancellationToken cancellationToken)
   at System.Net.Http.HttpClient.<SendAsync>g__Core|83_0(HttpRequestMessage request, HttpCompletionOption completionOption, CancellationTokenSource cts, Boolean disposeCts, CancellationTokenSource pendingRequestsCts, CancellationToken originalCancellationToken)
   at SysmondAx.Integration.Services.Warehouse.SysmondWarehouseService.CreateWarehouseAsync(SysmondWarehouseRequest request) in /Users/yigit/RiderProjects/ECommerceManagement/integrations/SysmondAx.Integration/Services/Warehouse/SysmondWarehouseService.cs:line 34
   at ECommerceManagement.Application.Services.AdminService.CreateWarehouseAsync(CreateWarehouseDto dto) in /Users/yigit/RiderProjects/ECommerceManagement/src/ECommerceManagement.Application/Services/AdminService.cs:line 75
   at ECommerceManagement.Api.Controllers.AdminController.CreateWarehouse(CreateWarehouseDto dto) in /Users/yigit/RiderProjects/ECommerceManagement/src/ECommerceManagement.Api/Controllers/AdminController.cs:line 51
   at Microsoft.AspNetCore.Mvc.Infrastructure.ActionMethodExecutor.TaskOfIActionResultExecutor.Execute(ActionContext actionContext, IActionResultTypeMapper mapper, ObjectMethodExecutor executor, Object controller, Object[] arguments)
   at Microsoft.AspNetCore.Mvc.Infrastructure.ControllerActionInvoker.<InvokeActionMethodAsync>g__Awaited|12_0(ControllerActionInvoker invoker, ValueTask`1 actionResultValueTask)
   at Microsoft.AspNetCore.Mvc.Infrastructure.ControllerActionInvoker.<InvokeNextActionFilterAsync>g__Awaited|10_0(ControllerActionInvoker invoker, Task lastTask, State next, Scope scope, Object state, Boolean isCompleted)
   at Microsoft.AspNetCore.Mvc.Infrastructure.ControllerActionInvoker.Rethrow(ActionExecutedContextSealed context)
   at Microsoft.AspNetCore.Mvc.Infrastructure.ControllerActionInvoker.Next(State& next, Scope& scope, Object& state, Boolean& isCompleted)
   at Microsoft.AspNetCore.Mvc.Infrastructure.ControllerActionInvoker.<InvokeInnerFilterAsync>g__Awaited|13_0(ControllerActionInvoker invoker, Task lastTask, State next, Scope scope, Object state, Boolean isCompleted)
   at Microsoft.AspNetCore.Mvc.Infrastructure.ResourceInvoker.<InvokeFilterPipelineAsync>g__Awaited|20_0(ResourceInvoker invoker, Task lastTask, State next, Scope scope, Object state, Boolean isCompleted)
   at Microsoft.AspNetCore.Mvc.Infrastructure.ResourceInvoker.<InvokeAsync>g__Logged|17_1(ResourceInvoker invoker)
   at Microsoft.AspNetCore.Mvc.Infrastructure.ResourceInvoker.<InvokeAsync>g__Logged|17_1(ResourceInvoker invoker)
   at Microsoft.AspNetCore.Routing.EndpointMiddleware.<Invoke>g__AwaitRequestTask|7_0(Endpoint endpoint, Task requestTask, ILogger logger)
   at Microsoft.AspNetCore.Authorization.AuthorizationMiddleware.Invoke(HttpContext context)
   at Microsoft.AspNetCore.Authentication.AuthenticationMiddleware.Invoke(HttpContext context)
   at Swashbuckle.AspNetCore.SwaggerUI.SwaggerUIMiddleware.Invoke(HttpContext httpContext)
   at Swashbuckle.AspNetCore.Swagger.SwaggerMiddleware.Invoke(HttpContext httpContext, ISwaggerProvider swaggerProvider)
   at Serilog.AspNetCore.RequestLoggingMiddleware.Invoke(HttpContext httpContext)
2026-08-13 11:46:27.822 +03:00 [ERR] An unhandled exception has occurred while executing the request.
System.Exception: SysmondAX Token alınamadı. Status: Unauthorized, Detay: {
  "error": "invalid_client",
  "error_description": "The mandatory 'client_id' parameter is missing.",
  "error_uri": "https://documentation.openiddict.com/errors/ID2029"
}
   at SysmondAx.Integration.Services.Auth.SysmondAuthService.GetAccessTokenAsync() in /Users/yigit/RiderProjects/ECommerceManagement/integrations/SysmondAx.Integration/Services/Auth/SysmondAuthService.cs:line 46
   at SysmondAx.Integration.Handlers.SysmondAuthDelegatingHandler.SendAsync(HttpRequestMessage request, CancellationToken cancellationToken) in /Users/yigit/RiderProjects/ECommerceManagement/integrations/SysmondAx.Integration/Handlers/SysmondAuthDelegatingHandler.cs:line 18
   at Microsoft.Extensions.Http.Logging.LoggingScopeHttpMessageHandler.<SendCoreAsync>g__Core|4_0(HttpRequestMessage request, Boolean useAsync, CancellationToken cancellationToken)
   at System.Net.Http.HttpClient.<SendAsync>g__Core|83_0(HttpRequestMessage request, HttpCompletionOption completionOption, CancellationTokenSource cts, Boolean disposeCts, CancellationTokenSource pendingRequestsCts, CancellationToken originalCancellationToken)
   at SysmondAx.Integration.Services.Warehouse.SysmondWarehouseService.CreateWarehouseAsync(SysmondWarehouseRequest request) in /Users/yigit/RiderProjects/ECommerceManagement/integrations/SysmondAx.Integration/Services/Warehouse/SysmondWarehouseService.cs:line 34
   at ECommerceManagement.Application.Services.AdminService.CreateWarehouseAsync(CreateWarehouseDto dto) in /Users/yigit/RiderProjects/ECommerceManagement/src/ECommerceManagement.Application/Services/AdminService.cs:line 75
   at ECommerceManagement.Api.Controllers.AdminController.CreateWarehouse(CreateWarehouseDto dto) in /Users/yigit/RiderProjects/ECommerceManagement/src/ECommerceManagement.Api/Controllers/AdminController.cs:line 51
   at Microsoft.AspNetCore.Mvc.Infrastructure.ActionMethodExecutor.TaskOfIActionResultExecutor.Execute(ActionContext actionContext, IActionResultTypeMapper mapper, ObjectMethodExecutor executor, Object controller, Object[] arguments)
   at Microsoft.AspNetCore.Mvc.Infrastructure.ControllerActionInvoker.<InvokeActionMethodAsync>g__Awaited|12_0(ControllerActionInvoker invoker, ValueTask`1 actionResultValueTask)
   at Microsoft.AspNetCore.Mvc.Infrastructure.ControllerActionInvoker.<InvokeNextActionFilterAsync>g__Awaited|10_0(ControllerActionInvoker invoker, Task lastTask, State next, Scope scope, Object state, Boolean isCompleted)
   at Microsoft.AspNetCore.Mvc.Infrastructure.ControllerActionInvoker.Rethrow(ActionExecutedContextSealed context)
   at Microsoft.AspNetCore.Mvc.Infrastructure.ControllerActionInvoker.Next(State& next, Scope& scope, Object& state, Boolean& isCompleted)
   at Microsoft.AspNetCore.Mvc.Infrastructure.ControllerActionInvoker.<InvokeInnerFilterAsync>g__Awaited|13_0(ControllerActionInvoker invoker, Task lastTask, State next, Scope scope, Object state, Boolean isCompleted)
   at Microsoft.AspNetCore.Mvc.Infrastructure.ResourceInvoker.<InvokeFilterPipelineAsync>g__Awaited|20_0(ResourceInvoker invoker, Task lastTask, State next, Scope scope, Object state, Boolean isCompleted)
   at Microsoft.AspNetCore.Mvc.Infrastructure.ResourceInvoker.<InvokeAsync>g__Logged|17_1(ResourceInvoker invoker)
   at Microsoft.AspNetCore.Mvc.Infrastructure.ResourceInvoker.<InvokeAsync>g__Logged|17_1(ResourceInvoker invoker)
   at Microsoft.AspNetCore.Routing.EndpointMiddleware.<Invoke>g__AwaitRequestTask|7_0(Endpoint endpoint, Task requestTask, ILogger logger)
   at Microsoft.AspNetCore.Authorization.AuthorizationMiddleware.Invoke(HttpContext context)
   at Microsoft.AspNetCore.Authentication.AuthenticationMiddleware.Invoke(HttpContext context)
   at Swashbuckle.AspNetCore.SwaggerUI.SwaggerUIMiddleware.Invoke(HttpContext httpContext)
   at Swashbuckle.AspNetCore.Swagger.SwaggerMiddleware.Invoke(HttpContext httpContext, ISwaggerProvider swaggerProvider)
   at Serilog.AspNetCore.RequestLoggingMiddleware.Invoke(HttpContext httpContext)
   at Microsoft.AspNetCore.Diagnostics.DeveloperExceptionPageMiddlewareImpl.Invoke(HttpContext context)
2026-08-13 11:46:27.826 +03:00 [INF] Request finished HTTP/1.1 POST http://localhost:5275/api/Admin/warehouses - 500 null text/plain; charset=utf-8 518.3776ms
2026-08-13 11:49:56.790 +03:00 [INF] Application is shutting down...
2026-08-13 11:50:01.073 +03:00 [INF] Executed DbCommand (14ms) [Parameters=[], CommandType='"Text"', CommandTimeout='30']
SELECT CASE
    WHEN EXISTS (
        SELECT 1
        FROM [Users] AS [u]
        WHERE [u].[Email] = N'superadmin@sistem.com') THEN CAST(1 AS bit)
    ELSE CAST(0 AS bit)
END
2026-08-13 11:50:01.092 +03:00 [INF] Executed DbCommand (1ms) [Parameters=[], CommandType='"Text"', CommandTimeout='30']
SELECT CASE
    WHEN EXISTS (
        SELECT 1
        FROM [Users] AS [u]
        WHERE [u].[Email] = N'admin@sistem.com') THEN CAST(1 AS bit)
    ELSE CAST(0 AS bit)
END
2026-08-13 11:50:01.096 +03:00 [INF] User profile is available. Using '/Users/yigit/.aspnet/DataProtection-Keys' as key repository; keys will not be encrypted at rest.
2026-08-13 11:50:01.111 +03:00 [INF] Now listening on: http://localhost:5275
2026-08-13 11:50:01.112 +03:00 [INF] Application started. Press Ctrl+C to shut down.
2026-08-13 11:50:01.113 +03:00 [INF] Hosting environment: Development
2026-08-13 11:50:01.113 +03:00 [INF] Content root path: /Users/yigit/RiderProjects/ECommerceManagement/src/ECommerceManagement.Api
2026-08-13 11:50:02.425 +03:00 [INF] Request starting HTTP/1.1 GET http://localhost:5275/index.html - null null
2026-08-13 11:50:02.457 +03:00 [INF] HTTP GET /index.html responded 200 in 24.0619 ms
2026-08-13 11:50:02.458 +03:00 [INF] Request finished HTTP/1.1 GET http://localhost:5275/index.html - 200 null text/html;charset=utf-8 33.5417ms
2026-08-13 11:50:02.545 +03:00 [INF] Request starting HTTP/1.1 GET http://localhost:5275/swagger/v1/swagger.json - null null
2026-08-13 11:50:02.583 +03:00 [INF] HTTP GET /swagger/v1/swagger.json responded 200 in 37.2963 ms
2026-08-13 11:50:02.583 +03:00 [INF] Request finished HTTP/1.1 GET http://localhost:5275/swagger/v1/swagger.json - 200 null application/json;charset=utf-8 38.1687ms
2026-08-13 11:50:27.221 +03:00 [INF] Request starting HTTP/1.1 POST http://localhost:5275/api/Auth/login - application/json 60
2026-08-13 11:50:27.227 +03:00 [WRN] Failed to determine the https port for redirect.
2026-08-13 11:50:27.260 +03:00 [INF] Executing endpoint 'ECommerceManagement.Api.Controllers.AuthController.Login (ECommerceManagement.Api)'
2026-08-13 11:50:27.271 +03:00 [INF] Route matched with {action = "Login", controller = "Auth"}. Executing controller action with signature System.Threading.Tasks.Task`1[Microsoft.AspNetCore.Mvc.IActionResult] Login(ECommerceManagement.Application.DTOs.Auth.LoginDto) on controller ECommerceManagement.Api.Controllers.AuthController (ECommerceManagement.Api).
2026-08-13 11:50:27.308 +03:00 [WRN] You do not have a valid license key for the Lucky Penny software AutoMapper. This is allowed for development and testing scenarios. If you are running in production you are required to have a licensed version. Please visit https://luckypennysoftware.com to obtain a valid license.
2026-08-13 11:50:27.354 +03:00 [INF] Executed DbCommand (13ms) [Parameters=[@dto_Email='?' (Size = 450)], CommandType='"Text"', CommandTimeout='30']
SELECT TOP(1) [u].[Id], [u].[CreatedAt], [u].[Email], [u].[IsActive], [u].[PasswordHash], [u].[RefreshToken], [u].[RefreshTokenExpiresAt], [u].[Username]
FROM [Users] AS [u]
WHERE [u].[Email] = @dto_Email
2026-08-13 11:50:27.405 +03:00 [INF] Executed DbCommand (4ms) [Parameters=[@user_Id='?' (DbType = Int32)], CommandType='"Text"', CommandTimeout='30']
SELECT [u].[UserId], [u].[RoleId]
FROM [UserRoles] AS [u]
WHERE [u].[UserId] = @user_Id
2026-08-13 11:50:27.428 +03:00 [INF] Executed DbCommand (3ms) [Parameters=[@roleIds1='?' (DbType = Int32)], CommandType='"Text"', CommandTimeout='30']
SELECT [r].[Id], [r].[CreatedAt], [r].[Name]
FROM [Roles] AS [r]
WHERE [r].[Id] = @roleIds1
2026-08-13 11:50:27.473 +03:00 [INF] Executed DbCommand (11ms) [Parameters=[@p7='?' (DbType = Int32), @p0='?' (DbType = DateTime2), @p1='?' (Size = 450), @p2='?' (DbType = Boolean), @p3='?' (Size = 4000), @p4='?' (Size = 4000), @p5='?' (DbType = DateTime2), @p6='?' (Size = 4000)], CommandType='"Text"', CommandTimeout='30']
SET IMPLICIT_TRANSACTIONS OFF;
SET NOCOUNT ON;
UPDATE [Users] SET [CreatedAt] = @p0, [Email] = @p1, [IsActive] = @p2, [PasswordHash] = @p3, [RefreshToken] = @p4, [RefreshTokenExpiresAt] = @p5, [Username] = @p6
OUTPUT 1
WHERE [Id] = @p7;
2026-08-13 11:50:27.477 +03:00 [INF] Executing OkObjectResult, writing value of type 'ECommerceManagement.Application.DTOs.Auth.TokenResponseDto'.
2026-08-13 11:50:27.479 +03:00 [INF] Executed action ECommerceManagement.Api.Controllers.AuthController.Login (ECommerceManagement.Api) in 207.9212ms
2026-08-13 11:50:27.480 +03:00 [INF] Executed endpoint 'ECommerceManagement.Api.Controllers.AuthController.Login (ECommerceManagement.Api)'
2026-08-13 11:50:27.480 +03:00 [INF] HTTP POST /api/Auth/login responded 200 in 257.2948 ms
2026-08-13 11:50:27.481 +03:00 [INF] Request finished HTTP/1.1 POST http://localhost:5275/api/Auth/login - 200 null application/json; charset=utf-8 259.5222ms
2026-08-13 11:51:35.112 +03:00 [INF] Request starting HTTP/1.1 POST http://localhost:5275/api/Admin/warehouses - application/json 51
2026-08-13 11:51:35.230 +03:00 [INF] Executing endpoint 'ECommerceManagement.Api.Controllers.AdminController.CreateWarehouse (ECommerceManagement.Api)'
2026-08-13 11:51:35.233 +03:00 [INF] Route matched with {action = "CreateWarehouse", controller = "Admin"}. Executing controller action with signature System.Threading.Tasks.Task`1[Microsoft.AspNetCore.Mvc.IActionResult] CreateWarehouse(ECommerceManagement.Application.DTOs.Catalog.CreateWarehouseDto) on controller ECommerceManagement.Api.Controllers.AdminController (ECommerceManagement.Api).
2026-08-13 11:51:35.802 +03:00 [INF] Executed action ECommerceManagement.Api.Controllers.AdminController.CreateWarehouse (ECommerceManagement.Api) in 569.5079ms
2026-08-13 11:51:35.803 +03:00 [INF] Executed endpoint 'ECommerceManagement.Api.Controllers.AdminController.CreateWarehouse (ECommerceManagement.Api)'
2026-08-13 11:51:35.803 +03:00 [ERR] HTTP POST /api/Admin/warehouses responded 500 in 686.7125 ms
Microsoft.CSharp.RuntimeBinder.RuntimeBinderException: 'System.Text.Json.JsonElement' does not contain a definition for 'data'
   at CallSite.Target(Closure, CallSite, Object)
   at System.Dynamic.UpdateDelegates.UpdateAndExecute1[T0,TRet](CallSite site, T0 arg0)
   at SysmondAx.Integration.Services.Warehouse.SysmondWarehouseService.CreateWarehouseAsync(SysmondWarehouseRequest request) in /Users/yigit/RiderProjects/ECommerceManagement/integrations/SysmondAx.Integration/Services/Warehouse/SysmondWarehouseService.cs:line 39
   at ECommerceManagement.Application.Services.AdminService.CreateWarehouseAsync(CreateWarehouseDto dto) in /Users/yigit/RiderProjects/ECommerceManagement/src/ECommerceManagement.Application/Services/AdminService.cs:line 75
   at ECommerceManagement.Api.Controllers.AdminController.CreateWarehouse(CreateWarehouseDto dto) in /Users/yigit/RiderProjects/ECommerceManagement/src/ECommerceManagement.Api/Controllers/AdminController.cs:line 51
   at Microsoft.AspNetCore.Mvc.Infrastructure.ActionMethodExecutor.TaskOfIActionResultExecutor.Execute(ActionContext actionContext, IActionResultTypeMapper mapper, ObjectMethodExecutor executor, Object controller, Object[] arguments)
   at Microsoft.AspNetCore.Mvc.Infrastructure.ControllerActionInvoker.<InvokeActionMethodAsync>g__Awaited|12_0(ControllerActionInvoker invoker, ValueTask`1 actionResultValueTask)
   at Microsoft.AspNetCore.Mvc.Infrastructure.ControllerActionInvoker.<InvokeNextActionFilterAsync>g__Awaited|10_0(ControllerActionInvoker invoker, Task lastTask, State next, Scope scope, Object state, Boolean isCompleted)
   at Microsoft.AspNetCore.Mvc.Infrastructure.ControllerActionInvoker.Rethrow(ActionExecutedContextSealed context)
   at Microsoft.AspNetCore.Mvc.Infrastructure.ControllerActionInvoker.Next(State& next, Scope& scope, Object& state, Boolean& isCompleted)
   at Microsoft.AspNetCore.Mvc.Infrastructure.ControllerActionInvoker.<InvokeInnerFilterAsync>g__Awaited|13_0(ControllerActionInvoker invoker, Task lastTask, State next, Scope scope, Object state, Boolean isCompleted)
   at Microsoft.AspNetCore.Mvc.Infrastructure.ResourceInvoker.<InvokeFilterPipelineAsync>g__Awaited|20_0(ResourceInvoker invoker, Task lastTask, State next, Scope scope, Object state, Boolean isCompleted)
   at Microsoft.AspNetCore.Mvc.Infrastructure.ResourceInvoker.<InvokeAsync>g__Logged|17_1(ResourceInvoker invoker)
   at Microsoft.AspNetCore.Mvc.Infrastructure.ResourceInvoker.<InvokeAsync>g__Logged|17_1(ResourceInvoker invoker)
   at Microsoft.AspNetCore.Routing.EndpointMiddleware.<Invoke>g__AwaitRequestTask|7_0(Endpoint endpoint, Task requestTask, ILogger logger)
   at Microsoft.AspNetCore.Authorization.AuthorizationMiddleware.Invoke(HttpContext context)
   at Microsoft.AspNetCore.Authentication.AuthenticationMiddleware.Invoke(HttpContext context)
   at Swashbuckle.AspNetCore.SwaggerUI.SwaggerUIMiddleware.Invoke(HttpContext httpContext)
   at Swashbuckle.AspNetCore.Swagger.SwaggerMiddleware.Invoke(HttpContext httpContext, ISwaggerProvider swaggerProvider)
   at Serilog.AspNetCore.RequestLoggingMiddleware.Invoke(HttpContext httpContext)
2026-08-13 11:51:35.812 +03:00 [ERR] An unhandled exception has occurred while executing the request.
Microsoft.CSharp.RuntimeBinder.RuntimeBinderException: 'System.Text.Json.JsonElement' does not contain a definition for 'data'
   at CallSite.Target(Closure, CallSite, Object)
   at System.Dynamic.UpdateDelegates.UpdateAndExecute1[T0,TRet](CallSite site, T0 arg0)
   at SysmondAx.Integration.Services.Warehouse.SysmondWarehouseService.CreateWarehouseAsync(SysmondWarehouseRequest request) in /Users/yigit/RiderProjects/ECommerceManagement/integrations/SysmondAx.Integration/Services/Warehouse/SysmondWarehouseService.cs:line 39
   at ECommerceManagement.Application.Services.AdminService.CreateWarehouseAsync(CreateWarehouseDto dto) in /Users/yigit/RiderProjects/ECommerceManagement/src/ECommerceManagement.Application/Services/AdminService.cs:line 75
   at ECommerceManagement.Api.Controllers.AdminController.CreateWarehouse(CreateWarehouseDto dto) in /Users/yigit/RiderProjects/ECommerceManagement/src/ECommerceManagement.Api/Controllers/AdminController.cs:line 51
   at Microsoft.AspNetCore.Mvc.Infrastructure.ActionMethodExecutor.TaskOfIActionResultExecutor.Execute(ActionContext actionContext, IActionResultTypeMapper mapper, ObjectMethodExecutor executor, Object controller, Object[] arguments)
   at Microsoft.AspNetCore.Mvc.Infrastructure.ControllerActionInvoker.<InvokeActionMethodAsync>g__Awaited|12_0(ControllerActionInvoker invoker, ValueTask`1 actionResultValueTask)
   at Microsoft.AspNetCore.Mvc.Infrastructure.ControllerActionInvoker.<InvokeNextActionFilterAsync>g__Awaited|10_0(ControllerActionInvoker invoker, Task lastTask, State next, Scope scope, Object state, Boolean isCompleted)
   at Microsoft.AspNetCore.Mvc.Infrastructure.ControllerActionInvoker.Rethrow(ActionExecutedContextSealed context)
   at Microsoft.AspNetCore.Mvc.Infrastructure.ControllerActionInvoker.Next(State& next, Scope& scope, Object& state, Boolean& isCompleted)
   at Microsoft.AspNetCore.Mvc.Infrastructure.ControllerActionInvoker.<InvokeInnerFilterAsync>g__Awaited|13_0(ControllerActionInvoker invoker, Task lastTask, State next, Scope scope, Object state, Boolean isCompleted)
   at Microsoft.AspNetCore.Mvc.Infrastructure.ResourceInvoker.<InvokeFilterPipelineAsync>g__Awaited|20_0(ResourceInvoker invoker, Task lastTask, State next, Scope scope, Object state, Boolean isCompleted)
   at Microsoft.AspNetCore.Mvc.Infrastructure.ResourceInvoker.<InvokeAsync>g__Logged|17_1(ResourceInvoker invoker)
   at Microsoft.AspNetCore.Mvc.Infrastructure.ResourceInvoker.<InvokeAsync>g__Logged|17_1(ResourceInvoker invoker)
   at Microsoft.AspNetCore.Routing.EndpointMiddleware.<Invoke>g__AwaitRequestTask|7_0(Endpoint endpoint, Task requestTask, ILogger logger)
   at Microsoft.AspNetCore.Authorization.AuthorizationMiddleware.Invoke(HttpContext context)
   at Microsoft.AspNetCore.Authentication.AuthenticationMiddleware.Invoke(HttpContext context)
   at Swashbuckle.AspNetCore.SwaggerUI.SwaggerUIMiddleware.Invoke(HttpContext httpContext)
   at Swashbuckle.AspNetCore.Swagger.SwaggerMiddleware.Invoke(HttpContext httpContext, ISwaggerProvider swaggerProvider)
   at Serilog.AspNetCore.RequestLoggingMiddleware.Invoke(HttpContext httpContext)
   at Microsoft.AspNetCore.Diagnostics.DeveloperExceptionPageMiddlewareImpl.Invoke(HttpContext context)
2026-08-13 11:51:35.816 +03:00 [INF] Request finished HTTP/1.1 POST http://localhost:5275/api/Admin/warehouses - 500 null text/plain; charset=utf-8 704.1504ms
2026-08-13 13:07:56.138 +03:00 [INF] Application is shutting down...
2026-08-13 13:09:46.162 +03:00 [INF] Executed DbCommand (18ms) [Parameters=[], CommandType='"Text"', CommandTimeout='30']
SELECT CASE
    WHEN EXISTS (
        SELECT 1
        FROM [Users] AS [u]
        WHERE [u].[Email] = N'superadmin@sistem.com') THEN CAST(1 AS bit)
    ELSE CAST(0 AS bit)
END
2026-08-13 13:09:46.185 +03:00 [INF] Executed DbCommand (3ms) [Parameters=[], CommandType='"Text"', CommandTimeout='30']
SELECT CASE
    WHEN EXISTS (
        SELECT 1
        FROM [Users] AS [u]
        WHERE [u].[Email] = N'admin@sistem.com') THEN CAST(1 AS bit)
    ELSE CAST(0 AS bit)
END
2026-08-13 13:09:46.188 +03:00 [INF] User profile is available. Using '/Users/yigit/.aspnet/DataProtection-Keys' as key repository; keys will not be encrypted at rest.
2026-08-13 13:09:46.207 +03:00 [INF] Now listening on: http://localhost:5275
2026-08-13 13:09:46.208 +03:00 [INF] Application started. Press Ctrl+C to shut down.
2026-08-13 13:09:46.208 +03:00 [INF] Hosting environment: Development
2026-08-13 13:09:46.208 +03:00 [INF] Content root path: /Users/yigit/RiderProjects/ECommerceManagement/src/ECommerceManagement.Api
2026-08-13 13:09:47.643 +03:00 [INF] Request starting HTTP/1.1 GET http://localhost:5275/index.html - null null
2026-08-13 13:09:47.682 +03:00 [INF] HTTP GET /index.html responded 200 in 23.5192 ms
2026-08-13 13:09:47.683 +03:00 [INF] Request finished HTTP/1.1 GET http://localhost:5275/index.html - 200 null text/html;charset=utf-8 42.11ms
2026-08-13 13:09:48.136 +03:00 [INF] Request starting HTTP/1.1 GET http://localhost:5275/swagger/v1/swagger.json - null null
2026-08-13 13:09:48.167 +03:00 [INF] HTTP GET /swagger/v1/swagger.json responded 200 in 30.8710 ms
2026-08-13 13:09:48.167 +03:00 [INF] Request finished HTTP/1.1 GET http://localhost:5275/swagger/v1/swagger.json - 200 null application/json;charset=utf-8 31.6182ms
2026-08-13 13:10:05.722 +03:00 [INF] Request starting HTTP/1.1 POST http://localhost:5275/api/Auth/login - application/json 60
2026-08-13 13:10:05.727 +03:00 [WRN] Failed to determine the https port for redirect.
2026-08-13 13:10:05.782 +03:00 [INF] Executing endpoint 'ECommerceManagement.Api.Controllers.AuthController.Login (ECommerceManagement.Api)'
2026-08-13 13:10:05.791 +03:00 [INF] Route matched with {action = "Login", controller = "Auth"}. Executing controller action with signature System.Threading.Tasks.Task`1[Microsoft.AspNetCore.Mvc.IActionResult] Login(ECommerceManagement.Application.DTOs.Auth.LoginDto) on controller ECommerceManagement.Api.Controllers.AuthController (ECommerceManagement.Api).
2026-08-13 13:10:05.829 +03:00 [WRN] You do not have a valid license key for the Lucky Penny software AutoMapper. This is allowed for development and testing scenarios. If you are running in production you are required to have a licensed version. Please visit https://luckypennysoftware.com to obtain a valid license.
2026-08-13 13:10:05.872 +03:00 [INF] Executed DbCommand (11ms) [Parameters=[@dto_Email='?' (Size = 450)], CommandType='"Text"', CommandTimeout='30']
SELECT TOP(1) [u].[Id], [u].[CreatedAt], [u].[Email], [u].[IsActive], [u].[PasswordHash], [u].[RefreshToken], [u].[RefreshTokenExpiresAt], [u].[Username]
FROM [Users] AS [u]
WHERE [u].[Email] = @dto_Email
2026-08-13 13:10:05.921 +03:00 [INF] Executed DbCommand (3ms) [Parameters=[@user_Id='?' (DbType = Int32)], CommandType='"Text"', CommandTimeout='30']
SELECT [u].[UserId], [u].[RoleId]
FROM [UserRoles] AS [u]
WHERE [u].[UserId] = @user_Id
2026-08-13 13:10:05.944 +03:00 [INF] Executed DbCommand (3ms) [Parameters=[@roleIds1='?' (DbType = Int32)], CommandType='"Text"', CommandTimeout='30']
SELECT [r].[Id], [r].[CreatedAt], [r].[Name]
FROM [Roles] AS [r]
WHERE [r].[Id] = @roleIds1
2026-08-13 13:10:05.988 +03:00 [INF] Executed DbCommand (10ms) [Parameters=[@p7='?' (DbType = Int32), @p0='?' (DbType = DateTime2), @p1='?' (Size = 450), @p2='?' (DbType = Boolean), @p3='?' (Size = 4000), @p4='?' (Size = 4000), @p5='?' (DbType = DateTime2), @p6='?' (Size = 4000)], CommandType='"Text"', CommandTimeout='30']
SET IMPLICIT_TRANSACTIONS OFF;
SET NOCOUNT ON;
UPDATE [Users] SET [CreatedAt] = @p0, [Email] = @p1, [IsActive] = @p2, [PasswordHash] = @p3, [RefreshToken] = @p4, [RefreshTokenExpiresAt] = @p5, [Username] = @p6
OUTPUT 1
WHERE [Id] = @p7;
2026-08-13 13:10:05.992 +03:00 [INF] Executing OkObjectResult, writing value of type 'ECommerceManagement.Application.DTOs.Auth.TokenResponseDto'.
2026-08-13 13:10:05.995 +03:00 [INF] Executed action ECommerceManagement.Api.Controllers.AuthController.Login (ECommerceManagement.Api) in 203.2559ms
2026-08-13 13:10:05.995 +03:00 [INF] Executed endpoint 'ECommerceManagement.Api.Controllers.AuthController.Login (ECommerceManagement.Api)'
2026-08-13 13:10:05.996 +03:00 [INF] HTTP POST /api/Auth/login responded 200 in 271.2486 ms
2026-08-13 13:10:05.997 +03:00 [INF] Request finished HTTP/1.1 POST http://localhost:5275/api/Auth/login - 200 null application/json; charset=utf-8 274.6172ms
2026-08-13 13:10:34.935 +03:00 [INF] Request starting HTTP/1.1 POST http://localhost:5275/api/Admin/warehouses - application/json 51
2026-08-13 13:10:35.065 +03:00 [INF] Executed DbCommand (5ms) [Parameters=[@userId='?' (DbType = Int32)], CommandType='"Text"', CommandTimeout='30']
SELECT [p].[Name]
FROM [UserRoles] AS [u]
INNER JOIN [Roles] AS [r] ON [u].[RoleId] = [r].[Id]
INNER JOIN [RolePermissions] AS [r0] ON [r].[Id] = [r0].[RoleId]
INNER JOIN [Permissions] AS [p] ON [r0].[PermissionId] = [p].[Id]
WHERE [u].[UserId] = @userId
2026-08-13 13:10:35.073 +03:00 [INF] Executed DbCommand (3ms) [Parameters=[@userId='?' (DbType = Int32)], CommandType='"Text"', CommandTimeout='30']
SELECT [u].[UserId], [u].[PermissionId], [u].[IsGranted], [p].[Id], [p].[CreatedAt], [p].[ModuleName], [p].[Name]
FROM [UserPermissions] AS [u]
INNER JOIN [Permissions] AS [p] ON [u].[PermissionId] = [p].[Id]
WHERE [u].[UserId] = @userId
2026-08-13 13:10:35.079 +03:00 [INF] Executing endpoint 'ECommerceManagement.Api.Controllers.AdminController.CreateWarehouse (ECommerceManagement.Api)'
2026-08-13 13:10:35.081 +03:00 [INF] Route matched with {action = "CreateWarehouse", controller = "Admin"}. Executing controller action with signature System.Threading.Tasks.Task`1[Microsoft.AspNetCore.Mvc.IActionResult] CreateWarehouse(ECommerceManagement.Application.DTOs.Catalog.CreateWarehouseDto) on controller ECommerceManagement.Api.Controllers.AdminController (ECommerceManagement.Api).
2026-08-13 13:10:35.555 +03:00 [ERR] Failed executing DbCommand (18ms) [Parameters=[@p0='?' (DbType = DateTime2), @p1='?' (DbType = Boolean), @p2='?' (Size = 4000), @p3='?' (Size = 4000), @p4='?' (DbType = Guid)], CommandType='"Text"', CommandTimeout='30']
SET IMPLICIT_TRANSACTIONS OFF;
SET NOCOUNT ON;
INSERT INTO [Warehouses] ([CreatedAt], [IsActive], [Location], [Name], [SysmondId])
OUTPUT INSERTED.[Id]
VALUES (@p0, @p1, @p2, @p3, @p4);
2026-08-13 13:10:35.566 +03:00 [ERR] An exception occurred in the database while saving changes for context type 'ECommerceManagement.Repository.Context.ECommerceDbContext'.
Microsoft.EntityFrameworkCore.DbUpdateException: An error occurred while saving the entity changes. See the inner exception for details.
 ---> Microsoft.Data.SqlClient.SqlException (0x80131904): Invalid column name 'SysmondId'.
   at Microsoft.Data.SqlClient.SqlCommand.<>c.<ExecuteDbDataReaderAsync>b__195_0(Task`1 result)
   at System.Threading.Tasks.ContinuationResultTaskFromResultTask`2.InnerInvoke()
   at System.Threading.ExecutionContext.RunInternal(ExecutionContext executionContext, ContextCallback callback, Object state)
--- End of stack trace from previous location ---
   at System.Threading.ExecutionContext.RunInternal(ExecutionContext executionContext, ContextCallback callback, Object state)
   at System.Threading.Tasks.Task.ExecuteWithThreadLocal(Task& currentTaskSlot, Thread threadPoolThread)
--- End of stack trace from previous location ---
   at Microsoft.EntityFrameworkCore.Storage.RelationalCommand.ExecuteReaderAsync(RelationalCommandParameterObject parameterObject, CancellationToken cancellationToken)
   at Microsoft.EntityFrameworkCore.Storage.RelationalCommand.ExecuteReaderAsync(RelationalCommandParameterObject parameterObject, CancellationToken cancellationToken)
   at Microsoft.EntityFrameworkCore.Update.ReaderModificationCommandBatch.ExecuteAsync(IRelationalConnection connection, CancellationToken cancellationToken)
ClientConnectionId:797fe762-8c41-479b-be91-57764fa4b55a
Hata Numarası: 207,Durum: 1,Sınıf:16
   --- End of inner exception stack trace ---
   at Microsoft.EntityFrameworkCore.Update.ReaderModificationCommandBatch.ExecuteAsync(IRelationalConnection connection, CancellationToken cancellationToken)
   at Microsoft.EntityFrameworkCore.SqlServer.Update.Internal.SqlServerModificationCommandBatch.ExecuteAsync(IRelationalConnection connection, CancellationToken cancellationToken)
   at Microsoft.EntityFrameworkCore.Update.Internal.BatchExecutor.ExecuteAsync(IEnumerable`1 commandBatches, IRelationalConnection connection, CancellationToken cancellationToken)
   at Microsoft.EntityFrameworkCore.Update.Internal.BatchExecutor.ExecuteAsync(IEnumerable`1 commandBatches, IRelationalConnection connection, CancellationToken cancellationToken)
   at Microsoft.EntityFrameworkCore.Update.Internal.BatchExecutor.ExecuteAsync(IEnumerable`1 commandBatches, IRelationalConnection connection, CancellationToken cancellationToken)
   at Microsoft.EntityFrameworkCore.Storage.RelationalDatabase.SaveChangesAsync(IList`1 entries, CancellationToken cancellationToken)
   at Microsoft.EntityFrameworkCore.ChangeTracking.Internal.StateManager.SaveChangesAsync(IList`1 entriesToSave, CancellationToken cancellationToken)
   at Microsoft.EntityFrameworkCore.ChangeTracking.Internal.StateManager.SaveChangesAsync(StateManager stateManager, Boolean acceptAllChangesOnSuccess, CancellationToken cancellationToken)
   at Microsoft.EntityFrameworkCore.SqlServer.Storage.Internal.SqlServerExecutionStrategy.ExecuteAsync[TState,TResult](TState state, Func`4 operation, Func`4 verifySucceeded, CancellationToken cancellationToken)
   at Microsoft.EntityFrameworkCore.DbContext.SaveChangesAsync(Boolean acceptAllChangesOnSuccess, CancellationToken cancellationToken)
Microsoft.EntityFrameworkCore.DbUpdateException: An error occurred while saving the entity changes. See the inner exception for details.
 ---> Microsoft.Data.SqlClient.SqlException (0x80131904): Invalid column name 'SysmondId'.
   at Microsoft.Data.SqlClient.SqlCommand.<>c.<ExecuteDbDataReaderAsync>b__195_0(Task`1 result)
   at System.Threading.Tasks.ContinuationResultTaskFromResultTask`2.InnerInvoke()
   at System.Threading.ExecutionContext.RunInternal(ExecutionContext executionContext, ContextCallback callback, Object state)
--- End of stack trace from previous location ---
   at System.Threading.ExecutionContext.RunInternal(ExecutionContext executionContext, ContextCallback callback, Object state)
   at System.Threading.Tasks.Task.ExecuteWithThreadLocal(Task& currentTaskSlot, Thread threadPoolThread)
--- End of stack trace from previous location ---
   at Microsoft.EntityFrameworkCore.Storage.RelationalCommand.ExecuteReaderAsync(RelationalCommandParameterObject parameterObject, CancellationToken cancellationToken)
   at Microsoft.EntityFrameworkCore.Storage.RelationalCommand.ExecuteReaderAsync(RelationalCommandParameterObject parameterObject, CancellationToken cancellationToken)
   at Microsoft.EntityFrameworkCore.Update.ReaderModificationCommandBatch.ExecuteAsync(IRelationalConnection connection, CancellationToken cancellationToken)
ClientConnectionId:797fe762-8c41-479b-be91-57764fa4b55a
Hata Numarası: 207,Durum: 1,Sınıf:16
   --- End of inner exception stack trace ---
   at Microsoft.EntityFrameworkCore.Update.ReaderModificationCommandBatch.ExecuteAsync(IRelationalConnection connection, CancellationToken cancellationToken)
   at Microsoft.EntityFrameworkCore.SqlServer.Update.Internal.SqlServerModificationCommandBatch.ExecuteAsync(IRelationalConnection connection, CancellationToken cancellationToken)
   at Microsoft.EntityFrameworkCore.Update.Internal.BatchExecutor.ExecuteAsync(IEnumerable`1 commandBatches, IRelationalConnection connection, CancellationToken cancellationToken)
   at Microsoft.EntityFrameworkCore.Update.Internal.BatchExecutor.ExecuteAsync(IEnumerable`1 commandBatches, IRelationalConnection connection, CancellationToken cancellationToken)
   at Microsoft.EntityFrameworkCore.Update.Internal.BatchExecutor.ExecuteAsync(IEnumerable`1 commandBatches, IRelationalConnection connection, CancellationToken cancellationToken)
   at Microsoft.EntityFrameworkCore.Storage.RelationalDatabase.SaveChangesAsync(IList`1 entries, CancellationToken cancellationToken)
   at Microsoft.EntityFrameworkCore.ChangeTracking.Internal.StateManager.SaveChangesAsync(IList`1 entriesToSave, CancellationToken cancellationToken)
   at Microsoft.EntityFrameworkCore.ChangeTracking.Internal.StateManager.SaveChangesAsync(StateManager stateManager, Boolean acceptAllChangesOnSuccess, CancellationToken cancellationToken)
   at Microsoft.EntityFrameworkCore.SqlServer.Storage.Internal.SqlServerExecutionStrategy.ExecuteAsync[TState,TResult](TState state, Func`4 operation, Func`4 verifySucceeded, CancellationToken cancellationToken)
   at Microsoft.EntityFrameworkCore.DbContext.SaveChangesAsync(Boolean acceptAllChangesOnSuccess, CancellationToken cancellationToken)
2026-08-13 13:10:35.568 +03:00 [INF] Executed action ECommerceManagement.Api.Controllers.AdminController.CreateWarehouse (ECommerceManagement.Api) in 487.6518ms
2026-08-13 13:10:35.569 +03:00 [INF] Executed endpoint 'ECommerceManagement.Api.Controllers.AdminController.CreateWarehouse (ECommerceManagement.Api)'
2026-08-13 13:10:35.569 +03:00 [ERR] HTTP POST /api/Admin/warehouses responded 500 in 629.3028 ms
Microsoft.EntityFrameworkCore.DbUpdateException: An error occurred while saving the entity changes. See the inner exception for details.
 ---> Microsoft.Data.SqlClient.SqlException (0x80131904): Invalid column name 'SysmondId'.
   at Microsoft.Data.SqlClient.SqlCommand.<>c.<ExecuteDbDataReaderAsync>b__195_0(Task`1 result)
   at System.Threading.Tasks.ContinuationResultTaskFromResultTask`2.InnerInvoke()
   at System.Threading.ExecutionContext.RunInternal(ExecutionContext executionContext, ContextCallback callback, Object state)
--- End of stack trace from previous location ---
   at System.Threading.ExecutionContext.RunInternal(ExecutionContext executionContext, ContextCallback callback, Object state)
   at System.Threading.Tasks.Task.ExecuteWithThreadLocal(Task& currentTaskSlot, Thread threadPoolThread)
--- End of stack trace from previous location ---
   at Microsoft.EntityFrameworkCore.Storage.RelationalCommand.ExecuteReaderAsync(RelationalCommandParameterObject parameterObject, CancellationToken cancellationToken)
   at Microsoft.EntityFrameworkCore.Storage.RelationalCommand.ExecuteReaderAsync(RelationalCommandParameterObject parameterObject, CancellationToken cancellationToken)
   at Microsoft.EntityFrameworkCore.Update.ReaderModificationCommandBatch.ExecuteAsync(IRelationalConnection connection, CancellationToken cancellationToken)
ClientConnectionId:797fe762-8c41-479b-be91-57764fa4b55a
Hata Numarası: 207,Durum: 1,Sınıf:16
   --- End of inner exception stack trace ---
   at Microsoft.EntityFrameworkCore.Update.ReaderModificationCommandBatch.ExecuteAsync(IRelationalConnection connection, CancellationToken cancellationToken)
   at Microsoft.EntityFrameworkCore.SqlServer.Update.Internal.SqlServerModificationCommandBatch.ExecuteAsync(IRelationalConnection connection, CancellationToken cancellationToken)
   at Microsoft.EntityFrameworkCore.Update.Internal.BatchExecutor.ExecuteAsync(IEnumerable`1 commandBatches, IRelationalConnection connection, CancellationToken cancellationToken)
   at Microsoft.EntityFrameworkCore.Update.Internal.BatchExecutor.ExecuteAsync(IEnumerable`1 commandBatches, IRelationalConnection connection, CancellationToken cancellationToken)
   at Microsoft.EntityFrameworkCore.Update.Internal.BatchExecutor.ExecuteAsync(IEnumerable`1 commandBatches, IRelationalConnection connection, CancellationToken cancellationToken)
   at Microsoft.EntityFrameworkCore.Storage.RelationalDatabase.SaveChangesAsync(IList`1 entries, CancellationToken cancellationToken)
   at Microsoft.EntityFrameworkCore.ChangeTracking.Internal.StateManager.SaveChangesAsync(IList`1 entriesToSave, CancellationToken cancellationToken)
   at Microsoft.EntityFrameworkCore.ChangeTracking.Internal.StateManager.SaveChangesAsync(StateManager stateManager, Boolean acceptAllChangesOnSuccess, CancellationToken cancellationToken)
   at Microsoft.EntityFrameworkCore.SqlServer.Storage.Internal.SqlServerExecutionStrategy.ExecuteAsync[TState,TResult](TState state, Func`4 operation, Func`4 verifySucceeded, CancellationToken cancellationToken)
   at Microsoft.EntityFrameworkCore.DbContext.SaveChangesAsync(Boolean acceptAllChangesOnSuccess, CancellationToken cancellationToken)
   at Microsoft.EntityFrameworkCore.DbContext.SaveChangesAsync(Boolean acceptAllChangesOnSuccess, CancellationToken cancellationToken)
   at ECommerceManagement.Repository.Repositories.UnitOfWork.SaveChangesAsync() in /Users/yigit/RiderProjects/ECommerceManagement/src/ECommerceManagement.Repository/Repositories/UnitOfWork.cs:line 17
   at ECommerceManagement.Application.Services.AdminService.CreateWarehouseAsync(CreateWarehouseDto dto) in /Users/yigit/RiderProjects/ECommerceManagement/src/ECommerceManagement.Application/Services/AdminService.cs:line 84
   at ECommerceManagement.Api.Controllers.AdminController.CreateWarehouse(CreateWarehouseDto dto) in /Users/yigit/RiderProjects/ECommerceManagement/src/ECommerceManagement.Api/Controllers/AdminController.cs:line 51
   at Microsoft.AspNetCore.Mvc.Infrastructure.ActionMethodExecutor.TaskOfIActionResultExecutor.Execute(ActionContext actionContext, IActionResultTypeMapper mapper, ObjectMethodExecutor executor, Object controller, Object[] arguments)
   at Microsoft.AspNetCore.Mvc.Infrastructure.ControllerActionInvoker.<InvokeActionMethodAsync>g__Awaited|12_0(ControllerActionInvoker invoker, ValueTask`1 actionResultValueTask)
   at Microsoft.AspNetCore.Mvc.Infrastructure.ControllerActionInvoker.<InvokeNextActionFilterAsync>g__Awaited|10_0(ControllerActionInvoker invoker, Task lastTask, State next, Scope scope, Object state, Boolean isCompleted)
   at Microsoft.AspNetCore.Mvc.Infrastructure.ControllerActionInvoker.Rethrow(ActionExecutedContextSealed context)
   at Microsoft.AspNetCore.Mvc.Infrastructure.ControllerActionInvoker.Next(State& next, Scope& scope, Object& state, Boolean& isCompleted)
   at Microsoft.AspNetCore.Mvc.Infrastructure.ControllerActionInvoker.<InvokeInnerFilterAsync>g__Awaited|13_0(ControllerActionInvoker invoker, Task lastTask, State next, Scope scope, Object state, Boolean isCompleted)
   at Microsoft.AspNetCore.Mvc.Infrastructure.ResourceInvoker.<InvokeFilterPipelineAsync>g__Awaited|20_0(ResourceInvoker invoker, Task lastTask, State next, Scope scope, Object state, Boolean isCompleted)
   at Microsoft.AspNetCore.Mvc.Infrastructure.ResourceInvoker.<InvokeAsync>g__Logged|17_1(ResourceInvoker invoker)
   at Microsoft.AspNetCore.Mvc.Infrastructure.ResourceInvoker.<InvokeAsync>g__Logged|17_1(ResourceInvoker invoker)
   at Microsoft.AspNetCore.Routing.EndpointMiddleware.<Invoke>g__AwaitRequestTask|7_0(Endpoint endpoint, Task requestTask, ILogger logger)
   at Microsoft.AspNetCore.Authorization.AuthorizationMiddleware.Invoke(HttpContext context)
   at Microsoft.AspNetCore.Authentication.AuthenticationMiddleware.Invoke(HttpContext context)
   at Swashbuckle.AspNetCore.SwaggerUI.SwaggerUIMiddleware.Invoke(HttpContext httpContext)
   at Swashbuckle.AspNetCore.Swagger.SwaggerMiddleware.Invoke(HttpContext httpContext, ISwaggerProvider swaggerProvider)
   at Serilog.AspNetCore.RequestLoggingMiddleware.Invoke(HttpContext httpContext)
2026-08-13 13:10:35.575 +03:00 [ERR] An unhandled exception has occurred while executing the request.
Microsoft.EntityFrameworkCore.DbUpdateException: An error occurred while saving the entity changes. See the inner exception for details.
 ---> Microsoft.Data.SqlClient.SqlException (0x80131904): Invalid column name 'SysmondId'.
   at Microsoft.Data.SqlClient.SqlCommand.<>c.<ExecuteDbDataReaderAsync>b__195_0(Task`1 result)
   at System.Threading.Tasks.ContinuationResultTaskFromResultTask`2.InnerInvoke()
   at System.Threading.ExecutionContext.RunInternal(ExecutionContext executionContext, ContextCallback callback, Object state)
--- End of stack trace from previous location ---
   at System.Threading.ExecutionContext.RunInternal(ExecutionContext executionContext, ContextCallback callback, Object state)
   at System.Threading.Tasks.Task.ExecuteWithThreadLocal(Task& currentTaskSlot, Thread threadPoolThread)
--- End of stack trace from previous location ---
   at Microsoft.EntityFrameworkCore.Storage.RelationalCommand.ExecuteReaderAsync(RelationalCommandParameterObject parameterObject, CancellationToken cancellationToken)
   at Microsoft.EntityFrameworkCore.Storage.RelationalCommand.ExecuteReaderAsync(RelationalCommandParameterObject parameterObject, CancellationToken cancellationToken)
   at Microsoft.EntityFrameworkCore.Update.ReaderModificationCommandBatch.ExecuteAsync(IRelationalConnection connection, CancellationToken cancellationToken)
ClientConnectionId:797fe762-8c41-479b-be91-57764fa4b55a
Hata Numarası: 207,Durum: 1,Sınıf:16
   --- End of inner exception stack trace ---
   at Microsoft.EntityFrameworkCore.Update.ReaderModificationCommandBatch.ExecuteAsync(IRelationalConnection connection, CancellationToken cancellationToken)
   at Microsoft.EntityFrameworkCore.SqlServer.Update.Internal.SqlServerModificationCommandBatch.ExecuteAsync(IRelationalConnection connection, CancellationToken cancellationToken)
   at Microsoft.EntityFrameworkCore.Update.Internal.BatchExecutor.ExecuteAsync(IEnumerable`1 commandBatches, IRelationalConnection connection, CancellationToken cancellationToken)
   at Microsoft.EntityFrameworkCore.Update.Internal.BatchExecutor.ExecuteAsync(IEnumerable`1 commandBatches, IRelationalConnection connection, CancellationToken cancellationToken)
   at Microsoft.EntityFrameworkCore.Update.Internal.BatchExecutor.ExecuteAsync(IEnumerable`1 commandBatches, IRelationalConnection connection, CancellationToken cancellationToken)
   at Microsoft.EntityFrameworkCore.Storage.RelationalDatabase.SaveChangesAsync(IList`1 entries, CancellationToken cancellationToken)
   at Microsoft.EntityFrameworkCore.ChangeTracking.Internal.StateManager.SaveChangesAsync(IList`1 entriesToSave, CancellationToken cancellationToken)
   at Microsoft.EntityFrameworkCore.ChangeTracking.Internal.StateManager.SaveChangesAsync(StateManager stateManager, Boolean acceptAllChangesOnSuccess, CancellationToken cancellationToken)
   at Microsoft.EntityFrameworkCore.SqlServer.Storage.Internal.SqlServerExecutionStrategy.ExecuteAsync[TState,TResult](TState state, Func`4 operation, Func`4 verifySucceeded, CancellationToken cancellationToken)
   at Microsoft.EntityFrameworkCore.DbContext.SaveChangesAsync(Boolean acceptAllChangesOnSuccess, CancellationToken cancellationToken)
   at Microsoft.EntityFrameworkCore.DbContext.SaveChangesAsync(Boolean acceptAllChangesOnSuccess, CancellationToken cancellationToken)
   at ECommerceManagement.Repository.Repositories.UnitOfWork.SaveChangesAsync() in /Users/yigit/RiderProjects/ECommerceManagement/src/ECommerceManagement.Repository/Repositories/UnitOfWork.cs:line 17
   at ECommerceManagement.Application.Services.AdminService.CreateWarehouseAsync(CreateWarehouseDto dto) in /Users/yigit/RiderProjects/ECommerceManagement/src/ECommerceManagement.Application/Services/AdminService.cs:line 84
   at ECommerceManagement.Api.Controllers.AdminController.CreateWarehouse(CreateWarehouseDto dto) in /Users/yigit/RiderProjects/ECommerceManagement/src/ECommerceManagement.Api/Controllers/AdminController.cs:line 51
   at Microsoft.AspNetCore.Mvc.Infrastructure.ActionMethodExecutor.TaskOfIActionResultExecutor.Execute(ActionContext actionContext, IActionResultTypeMapper mapper, ObjectMethodExecutor executor, Object controller, Object[] arguments)
   at Microsoft.AspNetCore.Mvc.Infrastructure.ControllerActionInvoker.<InvokeActionMethodAsync>g__Awaited|12_0(ControllerActionInvoker invoker, ValueTask`1 actionResultValueTask)
   at Microsoft.AspNetCore.Mvc.Infrastructure.ControllerActionInvoker.<InvokeNextActionFilterAsync>g__Awaited|10_0(ControllerActionInvoker invoker, Task lastTask, State next, Scope scope, Object state, Boolean isCompleted)
   at Microsoft.AspNetCore.Mvc.Infrastructure.ControllerActionInvoker.Rethrow(ActionExecutedContextSealed context)
   at Microsoft.AspNetCore.Mvc.Infrastructure.ControllerActionInvoker.Next(State& next, Scope& scope, Object& state, Boolean& isCompleted)
   at Microsoft.AspNetCore.Mvc.Infrastructure.ControllerActionInvoker.<InvokeInnerFilterAsync>g__Awaited|13_0(ControllerActionInvoker invoker, Task lastTask, State next, Scope scope, Object state, Boolean isCompleted)
   at Microsoft.AspNetCore.Mvc.Infrastructure.ResourceInvoker.<InvokeFilterPipelineAsync>g__Awaited|20_0(ResourceInvoker invoker, Task lastTask, State next, Scope scope, Object state, Boolean isCompleted)
   at Microsoft.AspNetCore.Mvc.Infrastructure.ResourceInvoker.<InvokeAsync>g__Logged|17_1(ResourceInvoker invoker)
   at Microsoft.AspNetCore.Mvc.Infrastructure.ResourceInvoker.<InvokeAsync>g__Logged|17_1(ResourceInvoker invoker)
   at Microsoft.AspNetCore.Routing.EndpointMiddleware.<Invoke>g__AwaitRequestTask|7_0(Endpoint endpoint, Task requestTask, ILogger logger)
   at Microsoft.AspNetCore.Authorization.AuthorizationMiddleware.Invoke(HttpContext context)
   at Microsoft.AspNetCore.Authentication.AuthenticationMiddleware.Invoke(HttpContext context)
   at Swashbuckle.AspNetCore.SwaggerUI.SwaggerUIMiddleware.Invoke(HttpContext httpContext)
   at Swashbuckle.AspNetCore.Swagger.SwaggerMiddleware.Invoke(HttpContext httpContext, ISwaggerProvider swaggerProvider)
   at Serilog.AspNetCore.RequestLoggingMiddleware.Invoke(HttpContext httpContext)
   at Microsoft.AspNetCore.Diagnostics.DeveloperExceptionPageMiddlewareImpl.Invoke(HttpContext context)
2026-08-13 13:10:35.578 +03:00 [INF] Request finished HTTP/1.1 POST http://localhost:5275/api/Admin/warehouses - 500 null text/plain; charset=utf-8 643.2727ms
2026-08-13 13:11:47.387 +03:00 [INF] Application is shutting down...
2026-08-13 13:12:53.608 +03:00 [INF] Executed DbCommand (9ms) [Parameters=[], CommandType='"Text"', CommandTimeout='30']
SELECT 1
2026-08-13 13:12:53.621 +03:00 [INF] Acquiring an exclusive lock for migration application. See https://aka.ms/efcore-docs-migrations-lock for more information if this takes too long.
2026-08-13 13:12:53.647 +03:00 [INF] Executed DbCommand (25ms) [Parameters=[], CommandType='"Text"', CommandTimeout='30']
DECLARE @result int;
EXEC @result = sp_getapplock @Resource = '__EFMigrationsLock', @LockOwner = 'Session', @LockMode = 'Exclusive';
SELECT @result
2026-08-13 13:12:53.672 +03:00 [INF] Executed DbCommand (4ms) [Parameters=[], CommandType='"Text"', CommandTimeout='30']
IF OBJECT_ID(N'[__EFMigrationsHistory]') IS NULL
BEGIN
    CREATE TABLE [__EFMigrationsHistory] (
        [MigrationId] nvarchar(150) NOT NULL,
        [ProductVersion] nvarchar(32) NOT NULL,
        CONSTRAINT [PK___EFMigrationsHistory] PRIMARY KEY ([MigrationId])
    );
END;
2026-08-13 13:12:53.680 +03:00 [INF] Executed DbCommand (2ms) [Parameters=[], CommandType='"Text"', CommandTimeout='30']
SELECT 1
2026-08-13 13:12:53.681 +03:00 [INF] Executed DbCommand (1ms) [Parameters=[], CommandType='"Text"', CommandTimeout='30']
SELECT OBJECT_ID(N'[__EFMigrationsHistory]');
2026-08-13 13:12:53.687 +03:00 [INF] Executed DbCommand (5ms) [Parameters=[], CommandType='"Text"', CommandTimeout='30']
SELECT [MigrationId], [ProductVersion]
FROM [__EFMigrationsHistory]
ORDER BY [MigrationId];
2026-08-13 13:12:53.690 +03:00 [INF] Applying migration '20260813101244_SyncWarehouseSysmondId'.
2026-08-13 13:12:53.707 +03:00 [INF] Executed DbCommand (9ms) [Parameters=[], CommandType='"Text"', CommandTimeout='30']
ALTER TABLE [Warehouses] ADD [SysmondId] uniqueidentifier NULL;
2026-08-13 13:12:53.709 +03:00 [INF] Executed DbCommand (1ms) [Parameters=[], CommandType='"Text"', CommandTimeout='30']
ALTER TABLE [Products] ADD [SysmondStockId] uniqueidentifier NULL;
2026-08-13 13:12:53.714 +03:00 [INF] Executed DbCommand (5ms) [Parameters=[], CommandType='"Text"', CommandTimeout='30']
INSERT INTO [__EFMigrationsHistory] ([MigrationId], [ProductVersion])
VALUES (N'20260813101244_SyncWarehouseSysmondId', N'10.0.10');
2026-08-13 13:12:53.717 +03:00 [INF] Executed DbCommand (2ms) [Parameters=[], CommandType='"Text"', CommandTimeout='30']
DECLARE @result int;
EXEC @result = sp_releaseapplock @Resource = '__EFMigrationsLock', @LockOwner = 'Session';
SELECT @result
2026-08-13 13:13:20.013 +03:00 [INF] Executed DbCommand (12ms) [Parameters=[], CommandType='"Text"', CommandTimeout='30']
SELECT CASE
    WHEN EXISTS (
        SELECT 1
        FROM [Users] AS [u]
        WHERE [u].[Email] = N'superadmin@sistem.com') THEN CAST(1 AS bit)
    ELSE CAST(0 AS bit)
END
2026-08-13 13:13:20.035 +03:00 [INF] Executed DbCommand (3ms) [Parameters=[], CommandType='"Text"', CommandTimeout='30']
SELECT CASE
    WHEN EXISTS (
        SELECT 1
        FROM [Users] AS [u]
        WHERE [u].[Email] = N'admin@sistem.com') THEN CAST(1 AS bit)
    ELSE CAST(0 AS bit)
END
2026-08-13 13:13:20.038 +03:00 [INF] User profile is available. Using '/Users/yigit/.aspnet/DataProtection-Keys' as key repository; keys will not be encrypted at rest.
2026-08-13 13:13:20.057 +03:00 [INF] Now listening on: http://localhost:5275
2026-08-13 13:13:20.058 +03:00 [INF] Application started. Press Ctrl+C to shut down.
2026-08-13 13:13:20.058 +03:00 [INF] Hosting environment: Development
2026-08-13 13:13:20.058 +03:00 [INF] Content root path: /Users/yigit/RiderProjects/ECommerceManagement/src/ECommerceManagement.Api
2026-08-13 13:13:24.544 +03:00 [INF] Request starting HTTP/1.1 GET http://localhost:5275/index.html - null null
2026-08-13 13:13:24.585 +03:00 [INF] HTTP GET /index.html responded 200 in 27.9482 ms
2026-08-13 13:13:24.586 +03:00 [INF] Request finished HTTP/1.1 GET http://localhost:5275/index.html - 200 null text/html;charset=utf-8 43.3205ms
2026-08-13 13:13:24.686 +03:00 [INF] Request starting HTTP/1.1 GET http://localhost:5275/swagger/v1/swagger.json - null null
2026-08-13 13:13:24.721 +03:00 [INF] HTTP GET /swagger/v1/swagger.json responded 200 in 33.8701 ms
2026-08-13 13:13:24.721 +03:00 [INF] Request finished HTTP/1.1 GET http://localhost:5275/swagger/v1/swagger.json - 200 null application/json;charset=utf-8 34.9716ms
2026-08-13 13:13:43.125 +03:00 [INF] Request starting HTTP/1.1 POST http://localhost:5275/api/Auth/login - application/json 60
2026-08-13 13:13:43.132 +03:00 [WRN] Failed to determine the https port for redirect.
2026-08-13 13:13:43.159 +03:00 [INF] Executing endpoint 'ECommerceManagement.Api.Controllers.AuthController.Login (ECommerceManagement.Api)'
2026-08-13 13:13:43.169 +03:00 [INF] Route matched with {action = "Login", controller = "Auth"}. Executing controller action with signature System.Threading.Tasks.Task`1[Microsoft.AspNetCore.Mvc.IActionResult] Login(ECommerceManagement.Application.DTOs.Auth.LoginDto) on controller ECommerceManagement.Api.Controllers.AuthController (ECommerceManagement.Api).
2026-08-13 13:13:43.206 +03:00 [WRN] You do not have a valid license key for the Lucky Penny software AutoMapper. This is allowed for development and testing scenarios. If you are running in production you are required to have a licensed version. Please visit https://luckypennysoftware.com to obtain a valid license.
2026-08-13 13:13:43.248 +03:00 [INF] Executed DbCommand (10ms) [Parameters=[@dto_Email='?' (Size = 450)], CommandType='"Text"', CommandTimeout='30']
SELECT TOP(1) [u].[Id], [u].[CreatedAt], [u].[Email], [u].[IsActive], [u].[PasswordHash], [u].[RefreshToken], [u].[RefreshTokenExpiresAt], [u].[Username]
FROM [Users] AS [u]
WHERE [u].[Email] = @dto_Email
2026-08-13 13:13:43.300 +03:00 [INF] Executed DbCommand (4ms) [Parameters=[@user_Id='?' (DbType = Int32)], CommandType='"Text"', CommandTimeout='30']
SELECT [u].[UserId], [u].[RoleId]
FROM [UserRoles] AS [u]
WHERE [u].[UserId] = @user_Id
2026-08-13 13:13:43.323 +03:00 [INF] Executed DbCommand (2ms) [Parameters=[@roleIds1='?' (DbType = Int32)], CommandType='"Text"', CommandTimeout='30']
SELECT [r].[Id], [r].[CreatedAt], [r].[Name]
FROM [Roles] AS [r]
WHERE [r].[Id] = @roleIds1
2026-08-13 13:13:43.364 +03:00 [INF] Executed DbCommand (9ms) [Parameters=[@p7='?' (DbType = Int32), @p0='?' (DbType = DateTime2), @p1='?' (Size = 450), @p2='?' (DbType = Boolean), @p3='?' (Size = 4000), @p4='?' (Size = 4000), @p5='?' (DbType = DateTime2), @p6='?' (Size = 4000)], CommandType='"Text"', CommandTimeout='30']
SET IMPLICIT_TRANSACTIONS OFF;
SET NOCOUNT ON;
UPDATE [Users] SET [CreatedAt] = @p0, [Email] = @p1, [IsActive] = @p2, [PasswordHash] = @p3, [RefreshToken] = @p4, [RefreshTokenExpiresAt] = @p5, [Username] = @p6
OUTPUT 1
WHERE [Id] = @p7;
2026-08-13 13:13:43.368 +03:00 [INF] Executing OkObjectResult, writing value of type 'ECommerceManagement.Application.DTOs.Auth.TokenResponseDto'.
2026-08-13 13:13:43.371 +03:00 [INF] Executed action ECommerceManagement.Api.Controllers.AuthController.Login (ECommerceManagement.Api) in 201.1678ms
2026-08-13 13:13:43.371 +03:00 [INF] Executed endpoint 'ECommerceManagement.Api.Controllers.AuthController.Login (ECommerceManagement.Api)'
2026-08-13 13:13:43.371 +03:00 [INF] HTTP POST /api/Auth/login responded 200 in 242.7266 ms
2026-08-13 13:13:43.372 +03:00 [INF] Request finished HTTP/1.1 POST http://localhost:5275/api/Auth/login - 200 null application/json; charset=utf-8 247.6092ms
2026-08-13 13:14:22.560 +03:00 [INF] Request starting HTTP/1.1 POST http://localhost:5275/api/Admin/warehouses - application/json 50
2026-08-13 13:14:22.665 +03:00 [INF] Executing endpoint 'ECommerceManagement.Api.Controllers.AdminController.CreateWarehouse (ECommerceManagement.Api)'
2026-08-13 13:14:22.668 +03:00 [INF] Route matched with {action = "CreateWarehouse", controller = "Admin"}. Executing controller action with signature System.Threading.Tasks.Task`1[Microsoft.AspNetCore.Mvc.IActionResult] CreateWarehouse(ECommerceManagement.Application.DTOs.Catalog.CreateWarehouseDto) on controller ECommerceManagement.Api.Controllers.AdminController (ECommerceManagement.Api).
2026-08-13 13:14:23.087 +03:00 [INF] Executed DbCommand (44ms) [Parameters=[@p0='?' (DbType = DateTime2), @p1='?' (DbType = Boolean), @p2='?' (Size = 4000), @p3='?' (Size = 4000), @p4='?' (DbType = Guid)], CommandType='"Text"', CommandTimeout='30']
SET IMPLICIT_TRANSACTIONS OFF;
SET NOCOUNT ON;
INSERT INTO [Warehouses] ([CreatedAt], [IsActive], [Location], [Name], [SysmondId])
OUTPUT INSERTED.[Id]
VALUES (@p0, @p1, @p2, @p3, @p4);
2026-08-13 13:14:23.096 +03:00 [INF] Executing OkObjectResult, writing value of type '<>f__AnonymousType0`1[[System.String, System.Private.CoreLib, Version=10.0.0.0, Culture=neutral, PublicKeyToken=7cec85d7bea7798e]]'.
2026-08-13 13:14:23.098 +03:00 [INF] Executed action ECommerceManagement.Api.Controllers.AdminController.CreateWarehouse (ECommerceManagement.Api) in 430.408ms
2026-08-13 13:14:23.098 +03:00 [INF] Executed endpoint 'ECommerceManagement.Api.Controllers.AdminController.CreateWarehouse (ECommerceManagement.Api)'
2026-08-13 13:14:23.098 +03:00 [INF] HTTP POST /api/Admin/warehouses responded 200 in 536.9872 ms
2026-08-13 13:14:23.099 +03:00 [INF] Request finished HTTP/1.1 POST http://localhost:5275/api/Admin/warehouses - 200 null application/json; charset=utf-8 538.3132ms
2026-08-13 13:30:31.155 +03:00 [INF] Application is shutting down...
2026-08-13 13:36:57.317 +03:00 [INF] Executed DbCommand (12ms) [Parameters=[], CommandType='"Text"', CommandTimeout='30']
SELECT CASE
    WHEN EXISTS (
        SELECT 1
        FROM [Users] AS [u]
        WHERE [u].[Email] = N'superadmin@sistem.com') THEN CAST(1 AS bit)
    ELSE CAST(0 AS bit)
END
2026-08-13 13:36:57.340 +03:00 [INF] Executed DbCommand (3ms) [Parameters=[], CommandType='"Text"', CommandTimeout='30']
SELECT CASE
    WHEN EXISTS (
        SELECT 1
        FROM [Users] AS [u]
        WHERE [u].[Email] = N'admin@sistem.com') THEN CAST(1 AS bit)
    ELSE CAST(0 AS bit)
END
2026-08-13 13:36:57.343 +03:00 [INF] User profile is available. Using '/Users/yigit/.aspnet/DataProtection-Keys' as key repository; keys will not be encrypted at rest.
2026-08-13 13:36:57.361 +03:00 [INF] Now listening on: http://localhost:5275
2026-08-13 13:36:57.362 +03:00 [INF] Application started. Press Ctrl+C to shut down.
2026-08-13 13:36:57.362 +03:00 [INF] Hosting environment: Development
2026-08-13 13:36:57.362 +03:00 [INF] Content root path: /Users/yigit/RiderProjects/ECommerceManagement/src/ECommerceManagement.Api
2026-08-13 13:37:19.485 +03:00 [INF] Request starting HTTP/1.1 GET http://localhost:5275/api/Admin/categories - null null
2026-08-13 13:37:19.504 +03:00 [WRN] Failed to determine the https port for redirect.
2026-08-13 13:37:19.580 +03:00 [INF] Executing endpoint 'ECommerceManagement.Api.Controllers.AdminController.GetAllCategories (ECommerceManagement.Api)'
2026-08-13 13:37:19.583 +03:00 [INF] Route matched with {action = "GetAllCategories", controller = "Admin"}. Executing controller action with signature System.Threading.Tasks.Task`1[Microsoft.AspNetCore.Mvc.IActionResult] GetAllCategories() on controller ECommerceManagement.Api.Controllers.AdminController (ECommerceManagement.Api).
2026-08-13 13:37:19.606 +03:00 [WRN] You do not have a valid license key for the Lucky Penny software AutoMapper. This is allowed for development and testing scenarios. If you are running in production you are required to have a licensed version. Please visit https://luckypennysoftware.com to obtain a valid license.
2026-08-13 13:37:19.630 +03:00 [INF] Executed DbCommand (11ms) [Parameters=[], CommandType='"Text"', CommandTimeout='30']
SELECT [c].[Id], [c].[CreatedAt], [c].[Name], [c].[ParentCategoryId]
FROM [Categories] AS [c]
2026-08-13 13:37:19.635 +03:00 [INF] Executing OkObjectResult, writing value of type 'System.Collections.Generic.List`1[[ECommerceManagement.Application.DTOs.Catalog.CategoryDto, ECommerceManagement.Application, Version=1.0.0.0, Culture=neutral, PublicKeyToken=null]]'.
2026-08-13 13:37:19.640 +03:00 [INF] Executed action ECommerceManagement.Api.Controllers.AdminController.GetAllCategories (ECommerceManagement.Api) in 55.9548ms
2026-08-13 13:37:19.640 +03:00 [INF] Executed endpoint 'ECommerceManagement.Api.Controllers.AdminController.GetAllCategories (ECommerceManagement.Api)'
2026-08-13 13:37:19.641 +03:00 [INF] HTTP GET /api/Admin/categories responded 200 in 145.7399 ms
2026-08-13 13:37:19.642 +03:00 [INF] Request finished HTTP/1.1 GET http://localhost:5275/api/Admin/categories - 200 null application/json; charset=utf-8 159.1642ms
2026-08-13 13:38:00.764 +03:00 [INF] Request starting HTTP/1.1 POST http://localhost:5275/api/Seller/products - application/json 134
2026-08-13 13:38:00.772 +03:00 [INF] Authorization failed. These requirements were not met:
RolesAuthorizationRequirement:User.IsInRole must be true for one of the following roles: (Seller)
2026-08-13 13:38:00.776 +03:00 [INF] AuthenticationScheme: Bearer was forbidden.
2026-08-13 13:38:00.776 +03:00 [INF] HTTP POST /api/Seller/products responded 403 in 8.6843 ms
2026-08-13 13:38:00.777 +03:00 [INF] Request finished HTTP/1.1 POST http://localhost:5275/api/Seller/products - 403 0 null 13.1321ms
2026-08-13 13:39:01.972 +03:00 [INF] Request starting HTTP/1.1 POST http://localhost:5275/api/Admin/categories - application/json 49
2026-08-13 13:39:01.990 +03:00 [INF] Executing endpoint 'ECommerceManagement.Api.Controllers.AdminController.CreateCategory (ECommerceManagement.Api)'
2026-08-13 13:39:02.001 +03:00 [INF] Route matched with {action = "CreateCategory", controller = "Admin"}. Executing controller action with signature System.Threading.Tasks.Task`1[Microsoft.AspNetCore.Mvc.IActionResult] CreateCategory(ECommerceManagement.Application.DTOs.Catalog.CreateCategoryDto) on controller ECommerceManagement.Api.Controllers.AdminController (ECommerceManagement.Api).
2026-08-13 13:39:02.149 +03:00 [INF] Executed DbCommand (45ms) [Parameters=[@p0='?' (DbType = DateTime2), @p1='?' (Size = 4000), @p2='?' (DbType = Int32)], CommandType='"Text"', CommandTimeout='30']
SET IMPLICIT_TRANSACTIONS OFF;
SET NOCOUNT ON;
INSERT INTO [Categories] ([CreatedAt], [Name], [ParentCategoryId])
OUTPUT INSERTED.[Id]
VALUES (@p0, @p1, @p2);
2026-08-13 13:39:02.159 +03:00 [ERR] An exception occurred in the database while saving changes for context type 'ECommerceManagement.Repository.Context.ECommerceDbContext'.
Microsoft.EntityFrameworkCore.DbUpdateException: An error occurred while saving the entity changes. See the inner exception for details.
 ---> Microsoft.Data.SqlClient.SqlException (0x80131904): The INSERT statement conflicted with the FOREIGN KEY SAME TABLE constraint "FK_Categories_Categories_ParentCategoryId". The conflict occurred in database "ECommerceDb", table "dbo.Categories", column 'Id'.
   at Microsoft.Data.SqlClient.SqlConnection.OnError(SqlException exception, Boolean breakConnection, Action`1 wrapCloseInAction)
   at Microsoft.Data.SqlClient.SqlInternalConnection.OnError(SqlException exception, Boolean breakConnection, Action`1 wrapCloseInAction)
   at Microsoft.Data.SqlClient.TdsParser.ThrowExceptionAndWarning(TdsParserStateObject stateObj, SqlCommand command, Boolean callerHasConnectionLock, Boolean asyncClose)
   at Microsoft.Data.SqlClient.TdsParser.TryRun(RunBehavior runBehavior, SqlCommand cmdHandler, SqlDataReader dataStream, BulkCopySimpleResultSet bulkCopyHandler, TdsParserStateObject stateObj, Boolean& dataReady)
   at Microsoft.Data.SqlClient.SqlDataReader.TryHasMoreRows(Boolean& moreRows)
   at Microsoft.Data.SqlClient.SqlDataReader.TryReadInternal(Boolean setTimeout, Boolean& more)
   at Microsoft.Data.SqlClient.SqlDataReader.ReadAsyncExecute(Task task, Object state)
   at Microsoft.Data.SqlClient.SqlDataReader.InvokeAsyncCall[T](SqlDataReaderBaseAsyncCallContext`1 context)
--- End of stack trace from previous location ---
   at Microsoft.EntityFrameworkCore.Update.AffectedCountModificationCommandBatch.ConsumeResultSetAsync(Int32 startCommandIndex, RelationalDataReader reader, CancellationToken cancellationToken)
ClientConnectionId:455342c4-6090-4e1f-908d-8f65077f0574
Hata Numarası: 547,Durum: 0,Sınıf:16
   --- End of inner exception stack trace ---
   at Microsoft.EntityFrameworkCore.Update.AffectedCountModificationCommandBatch.ConsumeResultSetAsync(Int32 startCommandIndex, RelationalDataReader reader, CancellationToken cancellationToken)
   at Microsoft.EntityFrameworkCore.Update.AffectedCountModificationCommandBatch.ConsumeAsync(RelationalDataReader reader, CancellationToken cancellationToken)
   at Microsoft.EntityFrameworkCore.Update.ReaderModificationCommandBatch.ExecuteAsync(IRelationalConnection connection, CancellationToken cancellationToken)
   at Microsoft.EntityFrameworkCore.Update.ReaderModificationCommandBatch.ExecuteAsync(IRelationalConnection connection, CancellationToken cancellationToken)
   at Microsoft.EntityFrameworkCore.SqlServer.Update.Internal.SqlServerModificationCommandBatch.ExecuteAsync(IRelationalConnection connection, CancellationToken cancellationToken)
   at Microsoft.EntityFrameworkCore.Update.Internal.BatchExecutor.ExecuteAsync(IEnumerable`1 commandBatches, IRelationalConnection connection, CancellationToken cancellationToken)
   at Microsoft.EntityFrameworkCore.Update.Internal.BatchExecutor.ExecuteAsync(IEnumerable`1 commandBatches, IRelationalConnection connection, CancellationToken cancellationToken)
   at Microsoft.EntityFrameworkCore.Update.Internal.BatchExecutor.ExecuteAsync(IEnumerable`1 commandBatches, IRelationalConnection connection, CancellationToken cancellationToken)
   at Microsoft.EntityFrameworkCore.Storage.RelationalDatabase.SaveChangesAsync(IList`1 entries, CancellationToken cancellationToken)
   at Microsoft.EntityFrameworkCore.ChangeTracking.Internal.StateManager.SaveChangesAsync(IList`1 entriesToSave, CancellationToken cancellationToken)
   at Microsoft.EntityFrameworkCore.ChangeTracking.Internal.StateManager.SaveChangesAsync(StateManager stateManager, Boolean acceptAllChangesOnSuccess, CancellationToken cancellationToken)
   at Microsoft.EntityFrameworkCore.SqlServer.Storage.Internal.SqlServerExecutionStrategy.ExecuteAsync[TState,TResult](TState state, Func`4 operation, Func`4 verifySucceeded, CancellationToken cancellationToken)
   at Microsoft.EntityFrameworkCore.DbContext.SaveChangesAsync(Boolean acceptAllChangesOnSuccess, CancellationToken cancellationToken)
Microsoft.EntityFrameworkCore.DbUpdateException: An error occurred while saving the entity changes. See the inner exception for details.
 ---> Microsoft.Data.SqlClient.SqlException (0x80131904): The INSERT statement conflicted with the FOREIGN KEY SAME TABLE constraint "FK_Categories_Categories_ParentCategoryId". The conflict occurred in database "ECommerceDb", table "dbo.Categories", column 'Id'.
   at Microsoft.Data.SqlClient.SqlConnection.OnError(SqlException exception, Boolean breakConnection, Action`1 wrapCloseInAction)
   at Microsoft.Data.SqlClient.SqlInternalConnection.OnError(SqlException exception, Boolean breakConnection, Action`1 wrapCloseInAction)
   at Microsoft.Data.SqlClient.TdsParser.ThrowExceptionAndWarning(TdsParserStateObject stateObj, SqlCommand command, Boolean callerHasConnectionLock, Boolean asyncClose)
   at Microsoft.Data.SqlClient.TdsParser.TryRun(RunBehavior runBehavior, SqlCommand cmdHandler, SqlDataReader dataStream, BulkCopySimpleResultSet bulkCopyHandler, TdsParserStateObject stateObj, Boolean& dataReady)
   at Microsoft.Data.SqlClient.SqlDataReader.TryHasMoreRows(Boolean& moreRows)
   at Microsoft.Data.SqlClient.SqlDataReader.TryReadInternal(Boolean setTimeout, Boolean& more)
   at Microsoft.Data.SqlClient.SqlDataReader.ReadAsyncExecute(Task task, Object state)
   at Microsoft.Data.SqlClient.SqlDataReader.InvokeAsyncCall[T](SqlDataReaderBaseAsyncCallContext`1 context)
--- End of stack trace from previous location ---
   at Microsoft.EntityFrameworkCore.Update.AffectedCountModificationCommandBatch.ConsumeResultSetAsync(Int32 startCommandIndex, RelationalDataReader reader, CancellationToken cancellationToken)
ClientConnectionId:455342c4-6090-4e1f-908d-8f65077f0574
Hata Numarası: 547,Durum: 0,Sınıf:16
   --- End of inner exception stack trace ---
   at Microsoft.EntityFrameworkCore.Update.AffectedCountModificationCommandBatch.ConsumeResultSetAsync(Int32 startCommandIndex, RelationalDataReader reader, CancellationToken cancellationToken)
   at Microsoft.EntityFrameworkCore.Update.AffectedCountModificationCommandBatch.ConsumeAsync(RelationalDataReader reader, CancellationToken cancellationToken)
   at Microsoft.EntityFrameworkCore.Update.ReaderModificationCommandBatch.ExecuteAsync(IRelationalConnection connection, CancellationToken cancellationToken)
   at Microsoft.EntityFrameworkCore.Update.ReaderModificationCommandBatch.ExecuteAsync(IRelationalConnection connection, CancellationToken cancellationToken)
   at Microsoft.EntityFrameworkCore.SqlServer.Update.Internal.SqlServerModificationCommandBatch.ExecuteAsync(IRelationalConnection connection, CancellationToken cancellationToken)
   at Microsoft.EntityFrameworkCore.Update.Internal.BatchExecutor.ExecuteAsync(IEnumerable`1 commandBatches, IRelationalConnection connection, CancellationToken cancellationToken)
   at Microsoft.EntityFrameworkCore.Update.Internal.BatchExecutor.ExecuteAsync(IEnumerable`1 commandBatches, IRelationalConnection connection, CancellationToken cancellationToken)
   at Microsoft.EntityFrameworkCore.Update.Internal.BatchExecutor.ExecuteAsync(IEnumerable`1 commandBatches, IRelationalConnection connection, CancellationToken cancellationToken)
   at Microsoft.EntityFrameworkCore.Storage.RelationalDatabase.SaveChangesAsync(IList`1 entries, CancellationToken cancellationToken)
   at Microsoft.EntityFrameworkCore.ChangeTracking.Internal.StateManager.SaveChangesAsync(IList`1 entriesToSave, CancellationToken cancellationToken)
   at Microsoft.EntityFrameworkCore.ChangeTracking.Internal.StateManager.SaveChangesAsync(StateManager stateManager, Boolean acceptAllChangesOnSuccess, CancellationToken cancellationToken)
   at Microsoft.EntityFrameworkCore.SqlServer.Storage.Internal.SqlServerExecutionStrategy.ExecuteAsync[TState,TResult](TState state, Func`4 operation, Func`4 verifySucceeded, CancellationToken cancellationToken)
   at Microsoft.EntityFrameworkCore.DbContext.SaveChangesAsync(Boolean acceptAllChangesOnSuccess, CancellationToken cancellationToken)
2026-08-13 13:39:02.160 +03:00 [INF] Executed action ECommerceManagement.Api.Controllers.AdminController.CreateCategory (ECommerceManagement.Api) in 158.6057ms
2026-08-13 13:39:02.160 +03:00 [INF] Executed endpoint 'ECommerceManagement.Api.Controllers.AdminController.CreateCategory (ECommerceManagement.Api)'
2026-08-13 13:39:02.160 +03:00 [ERR] HTTP POST /api/Admin/categories responded 500 in 184.9864 ms
Microsoft.EntityFrameworkCore.DbUpdateException: An error occurred while saving the entity changes. See the inner exception for details.
 ---> Microsoft.Data.SqlClient.SqlException (0x80131904): The INSERT statement conflicted with the FOREIGN KEY SAME TABLE constraint "FK_Categories_Categories_ParentCategoryId". The conflict occurred in database "ECommerceDb", table "dbo.Categories", column 'Id'.
   at Microsoft.Data.SqlClient.SqlConnection.OnError(SqlException exception, Boolean breakConnection, Action`1 wrapCloseInAction)
   at Microsoft.Data.SqlClient.SqlInternalConnection.OnError(SqlException exception, Boolean breakConnection, Action`1 wrapCloseInAction)
   at Microsoft.Data.SqlClient.TdsParser.ThrowExceptionAndWarning(TdsParserStateObject stateObj, SqlCommand command, Boolean callerHasConnectionLock, Boolean asyncClose)
   at Microsoft.Data.SqlClient.TdsParser.TryRun(RunBehavior runBehavior, SqlCommand cmdHandler, SqlDataReader dataStream, BulkCopySimpleResultSet bulkCopyHandler, TdsParserStateObject stateObj, Boolean& dataReady)
   at Microsoft.Data.SqlClient.SqlDataReader.TryHasMoreRows(Boolean& moreRows)
   at Microsoft.Data.SqlClient.SqlDataReader.TryReadInternal(Boolean setTimeout, Boolean& more)
   at Microsoft.Data.SqlClient.SqlDataReader.ReadAsyncExecute(Task task, Object state)
   at Microsoft.Data.SqlClient.SqlDataReader.InvokeAsyncCall[T](SqlDataReaderBaseAsyncCallContext`1 context)
--- End of stack trace from previous location ---
   at Microsoft.EntityFrameworkCore.Update.AffectedCountModificationCommandBatch.ConsumeResultSetAsync(Int32 startCommandIndex, RelationalDataReader reader, CancellationToken cancellationToken)
ClientConnectionId:455342c4-6090-4e1f-908d-8f65077f0574
Hata Numarası: 547,Durum: 0,Sınıf:16
   --- End of inner exception stack trace ---
   at Microsoft.EntityFrameworkCore.Update.AffectedCountModificationCommandBatch.ConsumeResultSetAsync(Int32 startCommandIndex, RelationalDataReader reader, CancellationToken cancellationToken)
   at Microsoft.EntityFrameworkCore.Update.AffectedCountModificationCommandBatch.ConsumeAsync(RelationalDataReader reader, CancellationToken cancellationToken)
   at Microsoft.EntityFrameworkCore.Update.ReaderModificationCommandBatch.ExecuteAsync(IRelationalConnection connection, CancellationToken cancellationToken)
   at Microsoft.EntityFrameworkCore.Update.ReaderModificationCommandBatch.ExecuteAsync(IRelationalConnection connection, CancellationToken cancellationToken)
   at Microsoft.EntityFrameworkCore.SqlServer.Update.Internal.SqlServerModificationCommandBatch.ExecuteAsync(IRelationalConnection connection, CancellationToken cancellationToken)
   at Microsoft.EntityFrameworkCore.Update.Internal.BatchExecutor.ExecuteAsync(IEnumerable`1 commandBatches, IRelationalConnection connection, CancellationToken cancellationToken)
   at Microsoft.EntityFrameworkCore.Update.Internal.BatchExecutor.ExecuteAsync(IEnumerable`1 commandBatches, IRelationalConnection connection, CancellationToken cancellationToken)
   at Microsoft.EntityFrameworkCore.Update.Internal.BatchExecutor.ExecuteAsync(IEnumerable`1 commandBatches, IRelationalConnection connection, CancellationToken cancellationToken)
   at Microsoft.EntityFrameworkCore.Storage.RelationalDatabase.SaveChangesAsync(IList`1 entries, CancellationToken cancellationToken)
   at Microsoft.EntityFrameworkCore.ChangeTracking.Internal.StateManager.SaveChangesAsync(IList`1 entriesToSave, CancellationToken cancellationToken)
   at Microsoft.EntityFrameworkCore.ChangeTracking.Internal.StateManager.SaveChangesAsync(StateManager stateManager, Boolean acceptAllChangesOnSuccess, CancellationToken cancellationToken)
   at Microsoft.EntityFrameworkCore.SqlServer.Storage.Internal.SqlServerExecutionStrategy.ExecuteAsync[TState,TResult](TState state, Func`4 operation, Func`4 verifySucceeded, CancellationToken cancellationToken)
   at Microsoft.EntityFrameworkCore.DbContext.SaveChangesAsync(Boolean acceptAllChangesOnSuccess, CancellationToken cancellationToken)
   at Microsoft.EntityFrameworkCore.DbContext.SaveChangesAsync(Boolean acceptAllChangesOnSuccess, CancellationToken cancellationToken)
   at ECommerceManagement.Repository.Repositories.UnitOfWork.SaveChangesAsync() in /Users/yigit/RiderProjects/ECommerceManagement/src/ECommerceManagement.Repository/Repositories/UnitOfWork.cs:line 17
   at ECommerceManagement.Application.Services.AdminService.CreateCategoryAsync(CreateCategoryDto dto) in /Users/yigit/RiderProjects/ECommerceManagement/src/ECommerceManagement.Application/Services/AdminService.cs:line 54
   at ECommerceManagement.Api.Controllers.AdminController.CreateCategory(CreateCategoryDto dto) in /Users/yigit/RiderProjects/ECommerceManagement/src/ECommerceManagement.Api/Controllers/AdminController.cs:line 35
   at Microsoft.AspNetCore.Mvc.Infrastructure.ActionMethodExecutor.TaskOfIActionResultExecutor.Execute(ActionContext actionContext, IActionResultTypeMapper mapper, ObjectMethodExecutor executor, Object controller, Object[] arguments)
   at Microsoft.AspNetCore.Mvc.Infrastructure.ControllerActionInvoker.<InvokeActionMethodAsync>g__Awaited|12_0(ControllerActionInvoker invoker, ValueTask`1 actionResultValueTask)
   at Microsoft.AspNetCore.Mvc.Infrastructure.ControllerActionInvoker.<InvokeNextActionFilterAsync>g__Awaited|10_0(ControllerActionInvoker invoker, Task lastTask, State next, Scope scope, Object state, Boolean isCompleted)
   at Microsoft.AspNetCore.Mvc.Infrastructure.ControllerActionInvoker.Rethrow(ActionExecutedContextSealed context)
   at Microsoft.AspNetCore.Mvc.Infrastructure.ControllerActionInvoker.Next(State& next, Scope& scope, Object& state, Boolean& isCompleted)
   at Microsoft.AspNetCore.Mvc.Infrastructure.ControllerActionInvoker.<InvokeInnerFilterAsync>g__Awaited|13_0(ControllerActionInvoker invoker, Task lastTask, State next, Scope scope, Object state, Boolean isCompleted)
   at Microsoft.AspNetCore.Mvc.Infrastructure.ResourceInvoker.<InvokeFilterPipelineAsync>g__Awaited|20_0(ResourceInvoker invoker, Task lastTask, State next, Scope scope, Object state, Boolean isCompleted)
   at Microsoft.AspNetCore.Mvc.Infrastructure.ResourceInvoker.<InvokeAsync>g__Logged|17_1(ResourceInvoker invoker)
   at Microsoft.AspNetCore.Mvc.Infrastructure.ResourceInvoker.<InvokeAsync>g__Logged|17_1(ResourceInvoker invoker)
   at Microsoft.AspNetCore.Routing.EndpointMiddleware.<Invoke>g__AwaitRequestTask|7_0(Endpoint endpoint, Task requestTask, ILogger logger)
   at Microsoft.AspNetCore.Authorization.AuthorizationMiddleware.Invoke(HttpContext context)
   at Microsoft.AspNetCore.Authentication.AuthenticationMiddleware.Invoke(HttpContext context)
   at Swashbuckle.AspNetCore.SwaggerUI.SwaggerUIMiddleware.Invoke(HttpContext httpContext)
   at Swashbuckle.AspNetCore.Swagger.SwaggerMiddleware.Invoke(HttpContext httpContext, ISwaggerProvider swaggerProvider)
   at Serilog.AspNetCore.RequestLoggingMiddleware.Invoke(HttpContext httpContext)
2026-08-13 13:39:02.163 +03:00 [ERR] An unhandled exception has occurred while executing the request.
Microsoft.EntityFrameworkCore.DbUpdateException: An error occurred while saving the entity changes. See the inner exception for details.
 ---> Microsoft.Data.SqlClient.SqlException (0x80131904): The INSERT statement conflicted with the FOREIGN KEY SAME TABLE constraint "FK_Categories_Categories_ParentCategoryId". The conflict occurred in database "ECommerceDb", table "dbo.Categories", column 'Id'.
   at Microsoft.Data.SqlClient.SqlConnection.OnError(SqlException exception, Boolean breakConnection, Action`1 wrapCloseInAction)
   at Microsoft.Data.SqlClient.SqlInternalConnection.OnError(SqlException exception, Boolean breakConnection, Action`1 wrapCloseInAction)
   at Microsoft.Data.SqlClient.TdsParser.ThrowExceptionAndWarning(TdsParserStateObject stateObj, SqlCommand command, Boolean callerHasConnectionLock, Boolean asyncClose)
   at Microsoft.Data.SqlClient.TdsParser.TryRun(RunBehavior runBehavior, SqlCommand cmdHandler, SqlDataReader dataStream, BulkCopySimpleResultSet bulkCopyHandler, TdsParserStateObject stateObj, Boolean& dataReady)
   at Microsoft.Data.SqlClient.SqlDataReader.TryHasMoreRows(Boolean& moreRows)
   at Microsoft.Data.SqlClient.SqlDataReader.TryReadInternal(Boolean setTimeout, Boolean& more)
   at Microsoft.Data.SqlClient.SqlDataReader.ReadAsyncExecute(Task task, Object state)
   at Microsoft.Data.SqlClient.SqlDataReader.InvokeAsyncCall[T](SqlDataReaderBaseAsyncCallContext`1 context)
--- End of stack trace from previous location ---
   at Microsoft.EntityFrameworkCore.Update.AffectedCountModificationCommandBatch.ConsumeResultSetAsync(Int32 startCommandIndex, RelationalDataReader reader, CancellationToken cancellationToken)
ClientConnectionId:455342c4-6090-4e1f-908d-8f65077f0574
Hata Numarası: 547,Durum: 0,Sınıf:16
   --- End of inner exception stack trace ---
   at Microsoft.EntityFrameworkCore.Update.AffectedCountModificationCommandBatch.ConsumeResultSetAsync(Int32 startCommandIndex, RelationalDataReader reader, CancellationToken cancellationToken)
   at Microsoft.EntityFrameworkCore.Update.AffectedCountModificationCommandBatch.ConsumeAsync(RelationalDataReader reader, CancellationToken cancellationToken)
   at Microsoft.EntityFrameworkCore.Update.ReaderModificationCommandBatch.ExecuteAsync(IRelationalConnection connection, CancellationToken cancellationToken)
   at Microsoft.EntityFrameworkCore.Update.ReaderModificationCommandBatch.ExecuteAsync(IRelationalConnection connection, CancellationToken cancellationToken)
   at Microsoft.EntityFrameworkCore.SqlServer.Update.Internal.SqlServerModificationCommandBatch.ExecuteAsync(IRelationalConnection connection, CancellationToken cancellationToken)
   at Microsoft.EntityFrameworkCore.Update.Internal.BatchExecutor.ExecuteAsync(IEnumerable`1 commandBatches, IRelationalConnection connection, CancellationToken cancellationToken)
   at Microsoft.EntityFrameworkCore.Update.Internal.BatchExecutor.ExecuteAsync(IEnumerable`1 commandBatches, IRelationalConnection connection, CancellationToken cancellationToken)
   at Microsoft.EntityFrameworkCore.Update.Internal.BatchExecutor.ExecuteAsync(IEnumerable`1 commandBatches, IRelationalConnection connection, CancellationToken cancellationToken)
   at Microsoft.EntityFrameworkCore.Storage.RelationalDatabase.SaveChangesAsync(IList`1 entries, CancellationToken cancellationToken)
   at Microsoft.EntityFrameworkCore.ChangeTracking.Internal.StateManager.SaveChangesAsync(IList`1 entriesToSave, CancellationToken cancellationToken)
   at Microsoft.EntityFrameworkCore.ChangeTracking.Internal.StateManager.SaveChangesAsync(StateManager stateManager, Boolean acceptAllChangesOnSuccess, CancellationToken cancellationToken)
   at Microsoft.EntityFrameworkCore.SqlServer.Storage.Internal.SqlServerExecutionStrategy.ExecuteAsync[TState,TResult](TState state, Func`4 operation, Func`4 verifySucceeded, CancellationToken cancellationToken)
   at Microsoft.EntityFrameworkCore.DbContext.SaveChangesAsync(Boolean acceptAllChangesOnSuccess, CancellationToken cancellationToken)
   at Microsoft.EntityFrameworkCore.DbContext.SaveChangesAsync(Boolean acceptAllChangesOnSuccess, CancellationToken cancellationToken)
   at ECommerceManagement.Repository.Repositories.UnitOfWork.SaveChangesAsync() in /Users/yigit/RiderProjects/ECommerceManagement/src/ECommerceManagement.Repository/Repositories/UnitOfWork.cs:line 17
   at ECommerceManagement.Application.Services.AdminService.CreateCategoryAsync(CreateCategoryDto dto) in /Users/yigit/RiderProjects/ECommerceManagement/src/ECommerceManagement.Application/Services/AdminService.cs:line 54
   at ECommerceManagement.Api.Controllers.AdminController.CreateCategory(CreateCategoryDto dto) in /Users/yigit/RiderProjects/ECommerceManagement/src/ECommerceManagement.Api/Controllers/AdminController.cs:line 35
   at Microsoft.AspNetCore.Mvc.Infrastructure.ActionMethodExecutor.TaskOfIActionResultExecutor.Execute(ActionContext actionContext, IActionResultTypeMapper mapper, ObjectMethodExecutor executor, Object controller, Object[] arguments)
   at Microsoft.AspNetCore.Mvc.Infrastructure.ControllerActionInvoker.<InvokeActionMethodAsync>g__Awaited|12_0(ControllerActionInvoker invoker, ValueTask`1 actionResultValueTask)
   at Microsoft.AspNetCore.Mvc.Infrastructure.ControllerActionInvoker.<InvokeNextActionFilterAsync>g__Awaited|10_0(ControllerActionInvoker invoker, Task lastTask, State next, Scope scope, Object state, Boolean isCompleted)
   at Microsoft.AspNetCore.Mvc.Infrastructure.ControllerActionInvoker.Rethrow(ActionExecutedContextSealed context)
   at Microsoft.AspNetCore.Mvc.Infrastructure.ControllerActionInvoker.Next(State& next, Scope& scope, Object& state, Boolean& isCompleted)
   at Microsoft.AspNetCore.Mvc.Infrastructure.ControllerActionInvoker.<InvokeInnerFilterAsync>g__Awaited|13_0(ControllerActionInvoker invoker, Task lastTask, State next, Scope scope, Object state, Boolean isCompleted)
   at Microsoft.AspNetCore.Mvc.Infrastructure.ResourceInvoker.<InvokeFilterPipelineAsync>g__Awaited|20_0(ResourceInvoker invoker, Task lastTask, State next, Scope scope, Object state, Boolean isCompleted)
   at Microsoft.AspNetCore.Mvc.Infrastructure.ResourceInvoker.<InvokeAsync>g__Logged|17_1(ResourceInvoker invoker)
   at Microsoft.AspNetCore.Mvc.Infrastructure.ResourceInvoker.<InvokeAsync>g__Logged|17_1(ResourceInvoker invoker)
   at Microsoft.AspNetCore.Routing.EndpointMiddleware.<Invoke>g__AwaitRequestTask|7_0(Endpoint endpoint, Task requestTask, ILogger logger)
   at Microsoft.AspNetCore.Authorization.AuthorizationMiddleware.Invoke(HttpContext context)
   at Microsoft.AspNetCore.Authentication.AuthenticationMiddleware.Invoke(HttpContext context)
   at Swashbuckle.AspNetCore.SwaggerUI.SwaggerUIMiddleware.Invoke(HttpContext httpContext)
   at Swashbuckle.AspNetCore.Swagger.SwaggerMiddleware.Invoke(HttpContext httpContext, ISwaggerProvider swaggerProvider)
   at Serilog.AspNetCore.RequestLoggingMiddleware.Invoke(HttpContext httpContext)
   at Microsoft.AspNetCore.Diagnostics.DeveloperExceptionPageMiddlewareImpl.Invoke(HttpContext context)
2026-08-13 13:39:02.165 +03:00 [INF] Request finished HTTP/1.1 POST http://localhost:5275/api/Admin/categories - 500 null text/plain; charset=utf-8 193.3738ms
2026-08-13 13:39:09.163 +03:00 [INF] Request starting HTTP/1.1 POST http://localhost:5275/api/Admin/categories - application/json 49
2026-08-13 13:39:09.164 +03:00 [INF] Executing endpoint 'ECommerceManagement.Api.Controllers.AdminController.CreateCategory (ECommerceManagement.Api)'
2026-08-13 13:39:09.165 +03:00 [INF] Route matched with {action = "CreateCategory", controller = "Admin"}. Executing controller action with signature System.Threading.Tasks.Task`1[Microsoft.AspNetCore.Mvc.IActionResult] CreateCategory(ECommerceManagement.Application.DTOs.Catalog.CreateCategoryDto) on controller ECommerceManagement.Api.Controllers.AdminController (ECommerceManagement.Api).
2026-08-13 13:39:09.179 +03:00 [INF] Executed DbCommand (6ms) [Parameters=[@p0='?' (DbType = DateTime2), @p1='?' (Size = 4000), @p2='?' (DbType = Int32)], CommandType='"Text"', CommandTimeout='30']
SET IMPLICIT_TRANSACTIONS OFF;
SET NOCOUNT ON;
INSERT INTO [Categories] ([CreatedAt], [Name], [ParentCategoryId])
OUTPUT INSERTED.[Id]
VALUES (@p0, @p1, @p2);
2026-08-13 13:39:09.181 +03:00 [ERR] An exception occurred in the database while saving changes for context type 'ECommerceManagement.Repository.Context.ECommerceDbContext'.
Microsoft.EntityFrameworkCore.DbUpdateException: An error occurred while saving the entity changes. See the inner exception for details.
 ---> Microsoft.Data.SqlClient.SqlException (0x80131904): The INSERT statement conflicted with the FOREIGN KEY SAME TABLE constraint "FK_Categories_Categories_ParentCategoryId". The conflict occurred in database "ECommerceDb", table "dbo.Categories", column 'Id'.
   at Microsoft.Data.SqlClient.SqlConnection.OnError(SqlException exception, Boolean breakConnection, Action`1 wrapCloseInAction)
   at Microsoft.Data.SqlClient.SqlInternalConnection.OnError(SqlException exception, Boolean breakConnection, Action`1 wrapCloseInAction)
   at Microsoft.Data.SqlClient.TdsParser.ThrowExceptionAndWarning(TdsParserStateObject stateObj, SqlCommand command, Boolean callerHasConnectionLock, Boolean asyncClose)
   at Microsoft.Data.SqlClient.TdsParser.TryRun(RunBehavior runBehavior, SqlCommand cmdHandler, SqlDataReader dataStream, BulkCopySimpleResultSet bulkCopyHandler, TdsParserStateObject stateObj, Boolean& dataReady)
   at Microsoft.Data.SqlClient.SqlDataReader.TryHasMoreRows(Boolean& moreRows)
   at Microsoft.Data.SqlClient.SqlDataReader.TryReadInternal(Boolean setTimeout, Boolean& more)
   at Microsoft.Data.SqlClient.SqlDataReader.ReadAsyncExecute(Task task, Object state)
   at Microsoft.Data.SqlClient.SqlDataReader.InvokeAsyncCall[T](SqlDataReaderBaseAsyncCallContext`1 context)
--- End of stack trace from previous location ---
   at Microsoft.EntityFrameworkCore.Update.AffectedCountModificationCommandBatch.ConsumeResultSetAsync(Int32 startCommandIndex, RelationalDataReader reader, CancellationToken cancellationToken)
ClientConnectionId:455342c4-6090-4e1f-908d-8f65077f0574
Hata Numarası: 547,Durum: 0,Sınıf:16
   --- End of inner exception stack trace ---
   at Microsoft.EntityFrameworkCore.Update.AffectedCountModificationCommandBatch.ConsumeResultSetAsync(Int32 startCommandIndex, RelationalDataReader reader, CancellationToken cancellationToken)
   at Microsoft.EntityFrameworkCore.Update.AffectedCountModificationCommandBatch.ConsumeAsync(RelationalDataReader reader, CancellationToken cancellationToken)
   at Microsoft.EntityFrameworkCore.Update.ReaderModificationCommandBatch.ExecuteAsync(IRelationalConnection connection, CancellationToken cancellationToken)
   at Microsoft.EntityFrameworkCore.Update.ReaderModificationCommandBatch.ExecuteAsync(IRelationalConnection connection, CancellationToken cancellationToken)
   at Microsoft.EntityFrameworkCore.SqlServer.Update.Internal.SqlServerModificationCommandBatch.ExecuteAsync(IRelationalConnection connection, CancellationToken cancellationToken)
   at Microsoft.EntityFrameworkCore.Update.Internal.BatchExecutor.ExecuteAsync(IEnumerable`1 commandBatches, IRelationalConnection connection, CancellationToken cancellationToken)
   at Microsoft.EntityFrameworkCore.Update.Internal.BatchExecutor.ExecuteAsync(IEnumerable`1 commandBatches, IRelationalConnection connection, CancellationToken cancellationToken)
   at Microsoft.EntityFrameworkCore.Update.Internal.BatchExecutor.ExecuteAsync(IEnumerable`1 commandBatches, IRelationalConnection connection, CancellationToken cancellationToken)
   at Microsoft.EntityFrameworkCore.Storage.RelationalDatabase.SaveChangesAsync(IList`1 entries, CancellationToken cancellationToken)
   at Microsoft.EntityFrameworkCore.ChangeTracking.Internal.StateManager.SaveChangesAsync(IList`1 entriesToSave, CancellationToken cancellationToken)
   at Microsoft.EntityFrameworkCore.ChangeTracking.Internal.StateManager.SaveChangesAsync(StateManager stateManager, Boolean acceptAllChangesOnSuccess, CancellationToken cancellationToken)
   at Microsoft.EntityFrameworkCore.SqlServer.Storage.Internal.SqlServerExecutionStrategy.ExecuteAsync[TState,TResult](TState state, Func`4 operation, Func`4 verifySucceeded, CancellationToken cancellationToken)
   at Microsoft.EntityFrameworkCore.DbContext.SaveChangesAsync(Boolean acceptAllChangesOnSuccess, CancellationToken cancellationToken)
Microsoft.EntityFrameworkCore.DbUpdateException: An error occurred while saving the entity changes. See the inner exception for details.
 ---> Microsoft.Data.SqlClient.SqlException (0x80131904): The INSERT statement conflicted with the FOREIGN KEY SAME TABLE constraint "FK_Categories_Categories_ParentCategoryId". The conflict occurred in database "ECommerceDb", table "dbo.Categories", column 'Id'.
   at Microsoft.Data.SqlClient.SqlConnection.OnError(SqlException exception, Boolean breakConnection, Action`1 wrapCloseInAction)
   at Microsoft.Data.SqlClient.SqlInternalConnection.OnError(SqlException exception, Boolean breakConnection, Action`1 wrapCloseInAction)
   at Microsoft.Data.SqlClient.TdsParser.ThrowExceptionAndWarning(TdsParserStateObject stateObj, SqlCommand command, Boolean callerHasConnectionLock, Boolean asyncClose)
   at Microsoft.Data.SqlClient.TdsParser.TryRun(RunBehavior runBehavior, SqlCommand cmdHandler, SqlDataReader dataStream, BulkCopySimpleResultSet bulkCopyHandler, TdsParserStateObject stateObj, Boolean& dataReady)
   at Microsoft.Data.SqlClient.SqlDataReader.TryHasMoreRows(Boolean& moreRows)
   at Microsoft.Data.SqlClient.SqlDataReader.TryReadInternal(Boolean setTimeout, Boolean& more)
   at Microsoft.Data.SqlClient.SqlDataReader.ReadAsyncExecute(Task task, Object state)
   at Microsoft.Data.SqlClient.SqlDataReader.InvokeAsyncCall[T](SqlDataReaderBaseAsyncCallContext`1 context)
--- End of stack trace from previous location ---
   at Microsoft.EntityFrameworkCore.Update.AffectedCountModificationCommandBatch.ConsumeResultSetAsync(Int32 startCommandIndex, RelationalDataReader reader, CancellationToken cancellationToken)
ClientConnectionId:455342c4-6090-4e1f-908d-8f65077f0574
Hata Numarası: 547,Durum: 0,Sınıf:16
   --- End of inner exception stack trace ---
   at Microsoft.EntityFrameworkCore.Update.AffectedCountModificationCommandBatch.ConsumeResultSetAsync(Int32 startCommandIndex, RelationalDataReader reader, CancellationToken cancellationToken)
   at Microsoft.EntityFrameworkCore.Update.AffectedCountModificationCommandBatch.ConsumeAsync(RelationalDataReader reader, CancellationToken cancellationToken)
   at Microsoft.EntityFrameworkCore.Update.ReaderModificationCommandBatch.ExecuteAsync(IRelationalConnection connection, CancellationToken cancellationToken)
   at Microsoft.EntityFrameworkCore.Update.ReaderModificationCommandBatch.ExecuteAsync(IRelationalConnection connection, CancellationToken cancellationToken)
   at Microsoft.EntityFrameworkCore.SqlServer.Update.Internal.SqlServerModificationCommandBatch.ExecuteAsync(IRelationalConnection connection, CancellationToken cancellationToken)
   at Microsoft.EntityFrameworkCore.Update.Internal.BatchExecutor.ExecuteAsync(IEnumerable`1 commandBatches, IRelationalConnection connection, CancellationToken cancellationToken)
   at Microsoft.EntityFrameworkCore.Update.Internal.BatchExecutor.ExecuteAsync(IEnumerable`1 commandBatches, IRelationalConnection connection, CancellationToken cancellationToken)
   at Microsoft.EntityFrameworkCore.Update.Internal.BatchExecutor.ExecuteAsync(IEnumerable`1 commandBatches, IRelationalConnection connection, CancellationToken cancellationToken)
   at Microsoft.EntityFrameworkCore.Storage.RelationalDatabase.SaveChangesAsync(IList`1 entries, CancellationToken cancellationToken)
   at Microsoft.EntityFrameworkCore.ChangeTracking.Internal.StateManager.SaveChangesAsync(IList`1 entriesToSave, CancellationToken cancellationToken)
   at Microsoft.EntityFrameworkCore.ChangeTracking.Internal.StateManager.SaveChangesAsync(StateManager stateManager, Boolean acceptAllChangesOnSuccess, CancellationToken cancellationToken)
   at Microsoft.EntityFrameworkCore.SqlServer.Storage.Internal.SqlServerExecutionStrategy.ExecuteAsync[TState,TResult](TState state, Func`4 operation, Func`4 verifySucceeded, CancellationToken cancellationToken)
   at Microsoft.EntityFrameworkCore.DbContext.SaveChangesAsync(Boolean acceptAllChangesOnSuccess, CancellationToken cancellationToken)
2026-08-13 13:39:09.184 +03:00 [INF] Executed action ECommerceManagement.Api.Controllers.AdminController.CreateCategory (ECommerceManagement.Api) in 18.8179ms
2026-08-13 13:39:09.184 +03:00 [INF] Executed endpoint 'ECommerceManagement.Api.Controllers.AdminController.CreateCategory (ECommerceManagement.Api)'
2026-08-13 13:39:09.184 +03:00 [ERR] HTTP POST /api/Admin/categories responded 500 in 21.2000 ms
Microsoft.EntityFrameworkCore.DbUpdateException: An error occurred while saving the entity changes. See the inner exception for details.
 ---> Microsoft.Data.SqlClient.SqlException (0x80131904): The INSERT statement conflicted with the FOREIGN KEY SAME TABLE constraint "FK_Categories_Categories_ParentCategoryId". The conflict occurred in database "ECommerceDb", table "dbo.Categories", column 'Id'.
   at Microsoft.Data.SqlClient.SqlConnection.OnError(SqlException exception, Boolean breakConnection, Action`1 wrapCloseInAction)
   at Microsoft.Data.SqlClient.SqlInternalConnection.OnError(SqlException exception, Boolean breakConnection, Action`1 wrapCloseInAction)
   at Microsoft.Data.SqlClient.TdsParser.ThrowExceptionAndWarning(TdsParserStateObject stateObj, SqlCommand command, Boolean callerHasConnectionLock, Boolean asyncClose)
   at Microsoft.Data.SqlClient.TdsParser.TryRun(RunBehavior runBehavior, SqlCommand cmdHandler, SqlDataReader dataStream, BulkCopySimpleResultSet bulkCopyHandler, TdsParserStateObject stateObj, Boolean& dataReady)
   at Microsoft.Data.SqlClient.SqlDataReader.TryHasMoreRows(Boolean& moreRows)
   at Microsoft.Data.SqlClient.SqlDataReader.TryReadInternal(Boolean setTimeout, Boolean& more)
   at Microsoft.Data.SqlClient.SqlDataReader.ReadAsyncExecute(Task task, Object state)
   at Microsoft.Data.SqlClient.SqlDataReader.InvokeAsyncCall[T](SqlDataReaderBaseAsyncCallContext`1 context)
--- End of stack trace from previous location ---
   at Microsoft.EntityFrameworkCore.Update.AffectedCountModificationCommandBatch.ConsumeResultSetAsync(Int32 startCommandIndex, RelationalDataReader reader, CancellationToken cancellationToken)
ClientConnectionId:455342c4-6090-4e1f-908d-8f65077f0574
Hata Numarası: 547,Durum: 0,Sınıf:16
   --- End of inner exception stack trace ---
   at Microsoft.EntityFrameworkCore.Update.AffectedCountModificationCommandBatch.ConsumeResultSetAsync(Int32 startCommandIndex, RelationalDataReader reader, CancellationToken cancellationToken)
   at Microsoft.EntityFrameworkCore.Update.AffectedCountModificationCommandBatch.ConsumeAsync(RelationalDataReader reader, CancellationToken cancellationToken)
   at Microsoft.EntityFrameworkCore.Update.ReaderModificationCommandBatch.ExecuteAsync(IRelationalConnection connection, CancellationToken cancellationToken)
   at Microsoft.EntityFrameworkCore.Update.ReaderModificationCommandBatch.ExecuteAsync(IRelationalConnection connection, CancellationToken cancellationToken)
   at Microsoft.EntityFrameworkCore.SqlServer.Update.Internal.SqlServerModificationCommandBatch.ExecuteAsync(IRelationalConnection connection, CancellationToken cancellationToken)
   at Microsoft.EntityFrameworkCore.Update.Internal.BatchExecutor.ExecuteAsync(IEnumerable`1 commandBatches, IRelationalConnection connection, CancellationToken cancellationToken)
   at Microsoft.EntityFrameworkCore.Update.Internal.BatchExecutor.ExecuteAsync(IEnumerable`1 commandBatches, IRelationalConnection connection, CancellationToken cancellationToken)
   at Microsoft.EntityFrameworkCore.Update.Internal.BatchExecutor.ExecuteAsync(IEnumerable`1 commandBatches, IRelationalConnection connection, CancellationToken cancellationToken)
   at Microsoft.EntityFrameworkCore.Storage.RelationalDatabase.SaveChangesAsync(IList`1 entries, CancellationToken cancellationToken)
   at Microsoft.EntityFrameworkCore.ChangeTracking.Internal.StateManager.SaveChangesAsync(IList`1 entriesToSave, CancellationToken cancellationToken)
   at Microsoft.EntityFrameworkCore.ChangeTracking.Internal.StateManager.SaveChangesAsync(StateManager stateManager, Boolean acceptAllChangesOnSuccess, CancellationToken cancellationToken)
   at Microsoft.EntityFrameworkCore.SqlServer.Storage.Internal.SqlServerExecutionStrategy.ExecuteAsync[TState,TResult](TState state, Func`4 operation, Func`4 verifySucceeded, CancellationToken cancellationToken)
   at Microsoft.EntityFrameworkCore.DbContext.SaveChangesAsync(Boolean acceptAllChangesOnSuccess, CancellationToken cancellationToken)
   at Microsoft.EntityFrameworkCore.DbContext.SaveChangesAsync(Boolean acceptAllChangesOnSuccess, CancellationToken cancellationToken)
   at ECommerceManagement.Repository.Repositories.UnitOfWork.SaveChangesAsync() in /Users/yigit/RiderProjects/ECommerceManagement/src/ECommerceManagement.Repository/Repositories/UnitOfWork.cs:line 17
   at ECommerceManagement.Application.Services.AdminService.CreateCategoryAsync(CreateCategoryDto dto) in /Users/yigit/RiderProjects/ECommerceManagement/src/ECommerceManagement.Application/Services/AdminService.cs:line 54
   at ECommerceManagement.Api.Controllers.AdminController.CreateCategory(CreateCategoryDto dto) in /Users/yigit/RiderProjects/ECommerceManagement/src/ECommerceManagement.Api/Controllers/AdminController.cs:line 35
   at Microsoft.AspNetCore.Mvc.Infrastructure.ActionMethodExecutor.TaskOfIActionResultExecutor.Execute(ActionContext actionContext, IActionResultTypeMapper mapper, ObjectMethodExecutor executor, Object controller, Object[] arguments)
   at Microsoft.AspNetCore.Mvc.Infrastructure.ControllerActionInvoker.<InvokeActionMethodAsync>g__Awaited|12_0(ControllerActionInvoker invoker, ValueTask`1 actionResultValueTask)
   at Microsoft.AspNetCore.Mvc.Infrastructure.ControllerActionInvoker.<InvokeNextActionFilterAsync>g__Awaited|10_0(ControllerActionInvoker invoker, Task lastTask, State next, Scope scope, Object state, Boolean isCompleted)
   at Microsoft.AspNetCore.Mvc.Infrastructure.ControllerActionInvoker.Rethrow(ActionExecutedContextSealed context)
   at Microsoft.AspNetCore.Mvc.Infrastructure.ControllerActionInvoker.Next(State& next, Scope& scope, Object& state, Boolean& isCompleted)
   at Microsoft.AspNetCore.Mvc.Infrastructure.ControllerActionInvoker.<InvokeInnerFilterAsync>g__Awaited|13_0(ControllerActionInvoker invoker, Task lastTask, State next, Scope scope, Object state, Boolean isCompleted)
   at Microsoft.AspNetCore.Mvc.Infrastructure.ResourceInvoker.<InvokeFilterPipelineAsync>g__Awaited|20_0(ResourceInvoker invoker, Task lastTask, State next, Scope scope, Object state, Boolean isCompleted)
   at Microsoft.AspNetCore.Mvc.Infrastructure.ResourceInvoker.<InvokeAsync>g__Logged|17_1(ResourceInvoker invoker)
   at Microsoft.AspNetCore.Mvc.Infrastructure.ResourceInvoker.<InvokeAsync>g__Logged|17_1(ResourceInvoker invoker)
   at Microsoft.AspNetCore.Routing.EndpointMiddleware.<Invoke>g__AwaitRequestTask|7_0(Endpoint endpoint, Task requestTask, ILogger logger)
   at Microsoft.AspNetCore.Authorization.AuthorizationMiddleware.Invoke(HttpContext context)
   at Microsoft.AspNetCore.Authentication.AuthenticationMiddleware.Invoke(HttpContext context)
   at Swashbuckle.AspNetCore.SwaggerUI.SwaggerUIMiddleware.Invoke(HttpContext httpContext)
   at Swashbuckle.AspNetCore.Swagger.SwaggerMiddleware.Invoke(HttpContext httpContext, ISwaggerProvider swaggerProvider)
   at Serilog.AspNetCore.RequestLoggingMiddleware.Invoke(HttpContext httpContext)
2026-08-13 13:39:09.186 +03:00 [ERR] An unhandled exception has occurred while executing the request.
Microsoft.EntityFrameworkCore.DbUpdateException: An error occurred while saving the entity changes. See the inner exception for details.
 ---> Microsoft.Data.SqlClient.SqlException (0x80131904): The INSERT statement conflicted with the FOREIGN KEY SAME TABLE constraint "FK_Categories_Categories_ParentCategoryId". The conflict occurred in database "ECommerceDb", table "dbo.Categories", column 'Id'.
   at Microsoft.Data.SqlClient.SqlConnection.OnError(SqlException exception, Boolean breakConnection, Action`1 wrapCloseInAction)
   at Microsoft.Data.SqlClient.SqlInternalConnection.OnError(SqlException exception, Boolean breakConnection, Action`1 wrapCloseInAction)
   at Microsoft.Data.SqlClient.TdsParser.ThrowExceptionAndWarning(TdsParserStateObject stateObj, SqlCommand command, Boolean callerHasConnectionLock, Boolean asyncClose)
   at Microsoft.Data.SqlClient.TdsParser.TryRun(RunBehavior runBehavior, SqlCommand cmdHandler, SqlDataReader dataStream, BulkCopySimpleResultSet bulkCopyHandler, TdsParserStateObject stateObj, Boolean& dataReady)
   at Microsoft.Data.SqlClient.SqlDataReader.TryHasMoreRows(Boolean& moreRows)
   at Microsoft.Data.SqlClient.SqlDataReader.TryReadInternal(Boolean setTimeout, Boolean& more)
   at Microsoft.Data.SqlClient.SqlDataReader.ReadAsyncExecute(Task task, Object state)
   at Microsoft.Data.SqlClient.SqlDataReader.InvokeAsyncCall[T](SqlDataReaderBaseAsyncCallContext`1 context)
--- End of stack trace from previous location ---
   at Microsoft.EntityFrameworkCore.Update.AffectedCountModificationCommandBatch.ConsumeResultSetAsync(Int32 startCommandIndex, RelationalDataReader reader, CancellationToken cancellationToken)
ClientConnectionId:455342c4-6090-4e1f-908d-8f65077f0574
Hata Numarası: 547,Durum: 0,Sınıf:16
   --- End of inner exception stack trace ---
   at Microsoft.EntityFrameworkCore.Update.AffectedCountModificationCommandBatch.ConsumeResultSetAsync(Int32 startCommandIndex, RelationalDataReader reader, CancellationToken cancellationToken)
   at Microsoft.EntityFrameworkCore.Update.AffectedCountModificationCommandBatch.ConsumeAsync(RelationalDataReader reader, CancellationToken cancellationToken)
   at Microsoft.EntityFrameworkCore.Update.ReaderModificationCommandBatch.ExecuteAsync(IRelationalConnection connection, CancellationToken cancellationToken)
   at Microsoft.EntityFrameworkCore.Update.ReaderModificationCommandBatch.ExecuteAsync(IRelationalConnection connection, CancellationToken cancellationToken)
   at Microsoft.EntityFrameworkCore.SqlServer.Update.Internal.SqlServerModificationCommandBatch.ExecuteAsync(IRelationalConnection connection, CancellationToken cancellationToken)
   at Microsoft.EntityFrameworkCore.Update.Internal.BatchExecutor.ExecuteAsync(IEnumerable`1 commandBatches, IRelationalConnection connection, CancellationToken cancellationToken)
   at Microsoft.EntityFrameworkCore.Update.Internal.BatchExecutor.ExecuteAsync(IEnumerable`1 commandBatches, IRelationalConnection connection, CancellationToken cancellationToken)
   at Microsoft.EntityFrameworkCore.Update.Internal.BatchExecutor.ExecuteAsync(IEnumerable`1 commandBatches, IRelationalConnection connection, CancellationToken cancellationToken)
   at Microsoft.EntityFrameworkCore.Storage.RelationalDatabase.SaveChangesAsync(IList`1 entries, CancellationToken cancellationToken)
   at Microsoft.EntityFrameworkCore.ChangeTracking.Internal.StateManager.SaveChangesAsync(IList`1 entriesToSave, CancellationToken cancellationToken)
   at Microsoft.EntityFrameworkCore.ChangeTracking.Internal.StateManager.SaveChangesAsync(StateManager stateManager, Boolean acceptAllChangesOnSuccess, CancellationToken cancellationToken)
   at Microsoft.EntityFrameworkCore.SqlServer.Storage.Internal.SqlServerExecutionStrategy.ExecuteAsync[TState,TResult](TState state, Func`4 operation, Func`4 verifySucceeded, CancellationToken cancellationToken)
   at Microsoft.EntityFrameworkCore.DbContext.SaveChangesAsync(Boolean acceptAllChangesOnSuccess, CancellationToken cancellationToken)
   at Microsoft.EntityFrameworkCore.DbContext.SaveChangesAsync(Boolean acceptAllChangesOnSuccess, CancellationToken cancellationToken)
   at ECommerceManagement.Repository.Repositories.UnitOfWork.SaveChangesAsync() in /Users/yigit/RiderProjects/ECommerceManagement/src/ECommerceManagement.Repository/Repositories/UnitOfWork.cs:line 17
   at ECommerceManagement.Application.Services.AdminService.CreateCategoryAsync(CreateCategoryDto dto) in /Users/yigit/RiderProjects/ECommerceManagement/src/ECommerceManagement.Application/Services/AdminService.cs:line 54
   at ECommerceManagement.Api.Controllers.AdminController.CreateCategory(CreateCategoryDto dto) in /Users/yigit/RiderProjects/ECommerceManagement/src/ECommerceManagement.Api/Controllers/AdminController.cs:line 35
   at Microsoft.AspNetCore.Mvc.Infrastructure.ActionMethodExecutor.TaskOfIActionResultExecutor.Execute(ActionContext actionContext, IActionResultTypeMapper mapper, ObjectMethodExecutor executor, Object controller, Object[] arguments)
   at Microsoft.AspNetCore.Mvc.Infrastructure.ControllerActionInvoker.<InvokeActionMethodAsync>g__Awaited|12_0(ControllerActionInvoker invoker, ValueTask`1 actionResultValueTask)
   at Microsoft.AspNetCore.Mvc.Infrastructure.ControllerActionInvoker.<InvokeNextActionFilterAsync>g__Awaited|10_0(ControllerActionInvoker invoker, Task lastTask, State next, Scope scope, Object state, Boolean isCompleted)
   at Microsoft.AspNetCore.Mvc.Infrastructure.ControllerActionInvoker.Rethrow(ActionExecutedContextSealed context)
   at Microsoft.AspNetCore.Mvc.Infrastructure.ControllerActionInvoker.Next(State& next, Scope& scope, Object& state, Boolean& isCompleted)
   at Microsoft.AspNetCore.Mvc.Infrastructure.ControllerActionInvoker.<InvokeInnerFilterAsync>g__Awaited|13_0(ControllerActionInvoker invoker, Task lastTask, State next, Scope scope, Object state, Boolean isCompleted)
   at Microsoft.AspNetCore.Mvc.Infrastructure.ResourceInvoker.<InvokeFilterPipelineAsync>g__Awaited|20_0(ResourceInvoker invoker, Task lastTask, State next, Scope scope, Object state, Boolean isCompleted)
   at Microsoft.AspNetCore.Mvc.Infrastructure.ResourceInvoker.<InvokeAsync>g__Logged|17_1(ResourceInvoker invoker)
   at Microsoft.AspNetCore.Mvc.Infrastructure.ResourceInvoker.<InvokeAsync>g__Logged|17_1(ResourceInvoker invoker)
   at Microsoft.AspNetCore.Routing.EndpointMiddleware.<Invoke>g__AwaitRequestTask|7_0(Endpoint endpoint, Task requestTask, ILogger logger)
   at Microsoft.AspNetCore.Authorization.AuthorizationMiddleware.Invoke(HttpContext context)
   at Microsoft.AspNetCore.Authentication.AuthenticationMiddleware.Invoke(HttpContext context)
   at Swashbuckle.AspNetCore.SwaggerUI.SwaggerUIMiddleware.Invoke(HttpContext httpContext)
   at Swashbuckle.AspNetCore.Swagger.SwaggerMiddleware.Invoke(HttpContext httpContext, ISwaggerProvider swaggerProvider)
   at Serilog.AspNetCore.RequestLoggingMiddleware.Invoke(HttpContext httpContext)
   at Microsoft.AspNetCore.Diagnostics.DeveloperExceptionPageMiddlewareImpl.Invoke(HttpContext context)
2026-08-13 13:39:09.190 +03:00 [INF] Request finished HTTP/1.1 POST http://localhost:5275/api/Admin/categories - 500 null text/plain; charset=utf-8 26.9998ms
2026-08-13 13:39:17.795 +03:00 [INF] Request starting HTTP/1.1 POST http://localhost:5275/api/Admin/categories - application/json 49
2026-08-13 13:39:17.796 +03:00 [INF] Executing endpoint 'ECommerceManagement.Api.Controllers.AdminController.CreateCategory (ECommerceManagement.Api)'
2026-08-13 13:39:17.797 +03:00 [INF] Route matched with {action = "CreateCategory", controller = "Admin"}. Executing controller action with signature System.Threading.Tasks.Task`1[Microsoft.AspNetCore.Mvc.IActionResult] CreateCategory(ECommerceManagement.Application.DTOs.Catalog.CreateCategoryDto) on controller ECommerceManagement.Api.Controllers.AdminController (ECommerceManagement.Api).
2026-08-13 13:39:17.802 +03:00 [INF] Executed DbCommand (3ms) [Parameters=[@p0='?' (DbType = DateTime2), @p1='?' (Size = 4000), @p2='?' (DbType = Int32)], CommandType='"Text"', CommandTimeout='30']
SET IMPLICIT_TRANSACTIONS OFF;
SET NOCOUNT ON;
INSERT INTO [Categories] ([CreatedAt], [Name], [ParentCategoryId])
OUTPUT INSERTED.[Id]
VALUES (@p0, @p1, @p2);
2026-08-13 13:39:17.802 +03:00 [ERR] An exception occurred in the database while saving changes for context type 'ECommerceManagement.Repository.Context.ECommerceDbContext'.
Microsoft.EntityFrameworkCore.DbUpdateException: An error occurred while saving the entity changes. See the inner exception for details.
 ---> Microsoft.Data.SqlClient.SqlException (0x80131904): The INSERT statement conflicted with the FOREIGN KEY SAME TABLE constraint "FK_Categories_Categories_ParentCategoryId". The conflict occurred in database "ECommerceDb", table "dbo.Categories", column 'Id'.
   at Microsoft.Data.SqlClient.SqlConnection.OnError(SqlException exception, Boolean breakConnection, Action`1 wrapCloseInAction)
   at Microsoft.Data.SqlClient.SqlInternalConnection.OnError(SqlException exception, Boolean breakConnection, Action`1 wrapCloseInAction)
   at Microsoft.Data.SqlClient.TdsParser.ThrowExceptionAndWarning(TdsParserStateObject stateObj, SqlCommand command, Boolean callerHasConnectionLock, Boolean asyncClose)
   at Microsoft.Data.SqlClient.TdsParser.TryRun(RunBehavior runBehavior, SqlCommand cmdHandler, SqlDataReader dataStream, BulkCopySimpleResultSet bulkCopyHandler, TdsParserStateObject stateObj, Boolean& dataReady)
   at Microsoft.Data.SqlClient.SqlDataReader.TryHasMoreRows(Boolean& moreRows)
   at Microsoft.Data.SqlClient.SqlDataReader.TryReadInternal(Boolean setTimeout, Boolean& more)
   at Microsoft.Data.SqlClient.SqlDataReader.ReadAsyncExecute(Task task, Object state)
   at Microsoft.Data.SqlClient.SqlDataReader.InvokeAsyncCall[T](SqlDataReaderBaseAsyncCallContext`1 context)
--- End of stack trace from previous location ---
   at Microsoft.EntityFrameworkCore.Update.AffectedCountModificationCommandBatch.ConsumeResultSetAsync(Int32 startCommandIndex, RelationalDataReader reader, CancellationToken cancellationToken)
ClientConnectionId:455342c4-6090-4e1f-908d-8f65077f0574
Hata Numarası: 547,Durum: 0,Sınıf:16
   --- End of inner exception stack trace ---
   at Microsoft.EntityFrameworkCore.Update.AffectedCountModificationCommandBatch.ConsumeResultSetAsync(Int32 startCommandIndex, RelationalDataReader reader, CancellationToken cancellationToken)
   at Microsoft.EntityFrameworkCore.Update.AffectedCountModificationCommandBatch.ConsumeAsync(RelationalDataReader reader, CancellationToken cancellationToken)
   at Microsoft.EntityFrameworkCore.Update.ReaderModificationCommandBatch.ExecuteAsync(IRelationalConnection connection, CancellationToken cancellationToken)
   at Microsoft.EntityFrameworkCore.Update.ReaderModificationCommandBatch.ExecuteAsync(IRelationalConnection connection, CancellationToken cancellationToken)
   at Microsoft.EntityFrameworkCore.SqlServer.Update.Internal.SqlServerModificationCommandBatch.ExecuteAsync(IRelationalConnection connection, CancellationToken cancellationToken)
   at Microsoft.EntityFrameworkCore.Update.Internal.BatchExecutor.ExecuteAsync(IEnumerable`1 commandBatches, IRelationalConnection connection, CancellationToken cancellationToken)
   at Microsoft.EntityFrameworkCore.Update.Internal.BatchExecutor.ExecuteAsync(IEnumerable`1 commandBatches, IRelationalConnection connection, CancellationToken cancellationToken)
   at Microsoft.EntityFrameworkCore.Update.Internal.BatchExecutor.ExecuteAsync(IEnumerable`1 commandBatches, IRelationalConnection connection, CancellationToken cancellationToken)
   at Microsoft.EntityFrameworkCore.Storage.RelationalDatabase.SaveChangesAsync(IList`1 entries, CancellationToken cancellationToken)
   at Microsoft.EntityFrameworkCore.ChangeTracking.Internal.StateManager.SaveChangesAsync(IList`1 entriesToSave, CancellationToken cancellationToken)
   at Microsoft.EntityFrameworkCore.ChangeTracking.Internal.StateManager.SaveChangesAsync(StateManager stateManager, Boolean acceptAllChangesOnSuccess, CancellationToken cancellationToken)
   at Microsoft.EntityFrameworkCore.SqlServer.Storage.Internal.SqlServerExecutionStrategy.ExecuteAsync[TState,TResult](TState state, Func`4 operation, Func`4 verifySucceeded, CancellationToken cancellationToken)
   at Microsoft.EntityFrameworkCore.DbContext.SaveChangesAsync(Boolean acceptAllChangesOnSuccess, CancellationToken cancellationToken)
Microsoft.EntityFrameworkCore.DbUpdateException: An error occurred while saving the entity changes. See the inner exception for details.
 ---> Microsoft.Data.SqlClient.SqlException (0x80131904): The INSERT statement conflicted with the FOREIGN KEY SAME TABLE constraint "FK_Categories_Categories_ParentCategoryId". The conflict occurred in database "ECommerceDb", table "dbo.Categories", column 'Id'.
   at Microsoft.Data.SqlClient.SqlConnection.OnError(SqlException exception, Boolean breakConnection, Action`1 wrapCloseInAction)
   at Microsoft.Data.SqlClient.SqlInternalConnection.OnError(SqlException exception, Boolean breakConnection, Action`1 wrapCloseInAction)
   at Microsoft.Data.SqlClient.TdsParser.ThrowExceptionAndWarning(TdsParserStateObject stateObj, SqlCommand command, Boolean callerHasConnectionLock, Boolean asyncClose)
   at Microsoft.Data.SqlClient.TdsParser.TryRun(RunBehavior runBehavior, SqlCommand cmdHandler, SqlDataReader dataStream, BulkCopySimpleResultSet bulkCopyHandler, TdsParserStateObject stateObj, Boolean& dataReady)
   at Microsoft.Data.SqlClient.SqlDataReader.TryHasMoreRows(Boolean& moreRows)
   at Microsoft.Data.SqlClient.SqlDataReader.TryReadInternal(Boolean setTimeout, Boolean& more)
   at Microsoft.Data.SqlClient.SqlDataReader.ReadAsyncExecute(Task task, Object state)
   at Microsoft.Data.SqlClient.SqlDataReader.InvokeAsyncCall[T](SqlDataReaderBaseAsyncCallContext`1 context)
--- End of stack trace from previous location ---
   at Microsoft.EntityFrameworkCore.Update.AffectedCountModificationCommandBatch.ConsumeResultSetAsync(Int32 startCommandIndex, RelationalDataReader reader, CancellationToken cancellationToken)
ClientConnectionId:455342c4-6090-4e1f-908d-8f65077f0574
Hata Numarası: 547,Durum: 0,Sınıf:16
   --- End of inner exception stack trace ---
   at Microsoft.EntityFrameworkCore.Update.AffectedCountModificationCommandBatch.ConsumeResultSetAsync(Int32 startCommandIndex, RelationalDataReader reader, CancellationToken cancellationToken)
   at Microsoft.EntityFrameworkCore.Update.AffectedCountModificationCommandBatch.ConsumeAsync(RelationalDataReader reader, CancellationToken cancellationToken)
   at Microsoft.EntityFrameworkCore.Update.ReaderModificationCommandBatch.ExecuteAsync(IRelationalConnection connection, CancellationToken cancellationToken)
   at Microsoft.EntityFrameworkCore.Update.ReaderModificationCommandBatch.ExecuteAsync(IRelationalConnection connection, CancellationToken cancellationToken)
   at Microsoft.EntityFrameworkCore.SqlServer.Update.Internal.SqlServerModificationCommandBatch.ExecuteAsync(IRelationalConnection connection, CancellationToken cancellationToken)
   at Microsoft.EntityFrameworkCore.Update.Internal.BatchExecutor.ExecuteAsync(IEnumerable`1 commandBatches, IRelationalConnection connection, CancellationToken cancellationToken)
   at Microsoft.EntityFrameworkCore.Update.Internal.BatchExecutor.ExecuteAsync(IEnumerable`1 commandBatches, IRelationalConnection connection, CancellationToken cancellationToken)
   at Microsoft.EntityFrameworkCore.Update.Internal.BatchExecutor.ExecuteAsync(IEnumerable`1 commandBatches, IRelationalConnection connection, CancellationToken cancellationToken)
   at Microsoft.EntityFrameworkCore.Storage.RelationalDatabase.SaveChangesAsync(IList`1 entries, CancellationToken cancellationToken)
   at Microsoft.EntityFrameworkCore.ChangeTracking.Internal.StateManager.SaveChangesAsync(IList`1 entriesToSave, CancellationToken cancellationToken)
   at Microsoft.EntityFrameworkCore.ChangeTracking.Internal.StateManager.SaveChangesAsync(StateManager stateManager, Boolean acceptAllChangesOnSuccess, CancellationToken cancellationToken)
   at Microsoft.EntityFrameworkCore.SqlServer.Storage.Internal.SqlServerExecutionStrategy.ExecuteAsync[TState,TResult](TState state, Func`4 operation, Func`4 verifySucceeded, CancellationToken cancellationToken)
   at Microsoft.EntityFrameworkCore.DbContext.SaveChangesAsync(Boolean acceptAllChangesOnSuccess, CancellationToken cancellationToken)
2026-08-13 13:39:17.805 +03:00 [INF] Executed action ECommerceManagement.Api.Controllers.AdminController.CreateCategory (ECommerceManagement.Api) in 8.1591ms
2026-08-13 13:39:17.805 +03:00 [INF] Executed endpoint 'ECommerceManagement.Api.Controllers.AdminController.CreateCategory (ECommerceManagement.Api)'
2026-08-13 13:39:17.805 +03:00 [ERR] HTTP POST /api/Admin/categories responded 500 in 10.1345 ms
Microsoft.EntityFrameworkCore.DbUpdateException: An error occurred while saving the entity changes. See the inner exception for details.
 ---> Microsoft.Data.SqlClient.SqlException (0x80131904): The INSERT statement conflicted with the FOREIGN KEY SAME TABLE constraint "FK_Categories_Categories_ParentCategoryId". The conflict occurred in database "ECommerceDb", table "dbo.Categories", column 'Id'.
   at Microsoft.Data.SqlClient.SqlConnection.OnError(SqlException exception, Boolean breakConnection, Action`1 wrapCloseInAction)
   at Microsoft.Data.SqlClient.SqlInternalConnection.OnError(SqlException exception, Boolean breakConnection, Action`1 wrapCloseInAction)
   at Microsoft.Data.SqlClient.TdsParser.ThrowExceptionAndWarning(TdsParserStateObject stateObj, SqlCommand command, Boolean callerHasConnectionLock, Boolean asyncClose)
   at Microsoft.Data.SqlClient.TdsParser.TryRun(RunBehavior runBehavior, SqlCommand cmdHandler, SqlDataReader dataStream, BulkCopySimpleResultSet bulkCopyHandler, TdsParserStateObject stateObj, Boolean& dataReady)
   at Microsoft.Data.SqlClient.SqlDataReader.TryHasMoreRows(Boolean& moreRows)
   at Microsoft.Data.SqlClient.SqlDataReader.TryReadInternal(Boolean setTimeout, Boolean& more)
   at Microsoft.Data.SqlClient.SqlDataReader.ReadAsyncExecute(Task task, Object state)
   at Microsoft.Data.SqlClient.SqlDataReader.InvokeAsyncCall[T](SqlDataReaderBaseAsyncCallContext`1 context)
--- End of stack trace from previous location ---
   at Microsoft.EntityFrameworkCore.Update.AffectedCountModificationCommandBatch.ConsumeResultSetAsync(Int32 startCommandIndex, RelationalDataReader reader, CancellationToken cancellationToken)
ClientConnectionId:455342c4-6090-4e1f-908d-8f65077f0574
Hata Numarası: 547,Durum: 0,Sınıf:16
   --- End of inner exception stack trace ---
   at Microsoft.EntityFrameworkCore.Update.AffectedCountModificationCommandBatch.ConsumeResultSetAsync(Int32 startCommandIndex, RelationalDataReader reader, CancellationToken cancellationToken)
   at Microsoft.EntityFrameworkCore.Update.AffectedCountModificationCommandBatch.ConsumeAsync(RelationalDataReader reader, CancellationToken cancellationToken)
   at Microsoft.EntityFrameworkCore.Update.ReaderModificationCommandBatch.ExecuteAsync(IRelationalConnection connection, CancellationToken cancellationToken)
   at Microsoft.EntityFrameworkCore.Update.ReaderModificationCommandBatch.ExecuteAsync(IRelationalConnection connection, CancellationToken cancellationToken)
   at Microsoft.EntityFrameworkCore.SqlServer.Update.Internal.SqlServerModificationCommandBatch.ExecuteAsync(IRelationalConnection connection, CancellationToken cancellationToken)
   at Microsoft.EntityFrameworkCore.Update.Internal.BatchExecutor.ExecuteAsync(IEnumerable`1 commandBatches, IRelationalConnection connection, CancellationToken cancellationToken)
   at Microsoft.EntityFrameworkCore.Update.Internal.BatchExecutor.ExecuteAsync(IEnumerable`1 commandBatches, IRelationalConnection connection, CancellationToken cancellationToken)
   at Microsoft.EntityFrameworkCore.Update.Internal.BatchExecutor.ExecuteAsync(IEnumerable`1 commandBatches, IRelationalConnection connection, CancellationToken cancellationToken)
   at Microsoft.EntityFrameworkCore.Storage.RelationalDatabase.SaveChangesAsync(IList`1 entries, CancellationToken cancellationToken)
   at Microsoft.EntityFrameworkCore.ChangeTracking.Internal.StateManager.SaveChangesAsync(IList`1 entriesToSave, CancellationToken cancellationToken)
   at Microsoft.EntityFrameworkCore.ChangeTracking.Internal.StateManager.SaveChangesAsync(StateManager stateManager, Boolean acceptAllChangesOnSuccess, CancellationToken cancellationToken)
   at Microsoft.EntityFrameworkCore.SqlServer.Storage.Internal.SqlServerExecutionStrategy.ExecuteAsync[TState,TResult](TState state, Func`4 operation, Func`4 verifySucceeded, CancellationToken cancellationToken)
   at Microsoft.EntityFrameworkCore.DbContext.SaveChangesAsync(Boolean acceptAllChangesOnSuccess, CancellationToken cancellationToken)
   at Microsoft.EntityFrameworkCore.DbContext.SaveChangesAsync(Boolean acceptAllChangesOnSuccess, CancellationToken cancellationToken)
   at ECommerceManagement.Repository.Repositories.UnitOfWork.SaveChangesAsync() in /Users/yigit/RiderProjects/ECommerceManagement/src/ECommerceManagement.Repository/Repositories/UnitOfWork.cs:line 17
   at ECommerceManagement.Application.Services.AdminService.CreateCategoryAsync(CreateCategoryDto dto) in /Users/yigit/RiderProjects/ECommerceManagement/src/ECommerceManagement.Application/Services/AdminService.cs:line 54
   at ECommerceManagement.Api.Controllers.AdminController.CreateCategory(CreateCategoryDto dto) in /Users/yigit/RiderProjects/ECommerceManagement/src/ECommerceManagement.Api/Controllers/AdminController.cs:line 35
   at Microsoft.AspNetCore.Mvc.Infrastructure.ActionMethodExecutor.TaskOfIActionResultExecutor.Execute(ActionContext actionContext, IActionResultTypeMapper mapper, ObjectMethodExecutor executor, Object controller, Object[] arguments)
   at Microsoft.AspNetCore.Mvc.Infrastructure.ControllerActionInvoker.<InvokeActionMethodAsync>g__Awaited|12_0(ControllerActionInvoker invoker, ValueTask`1 actionResultValueTask)
   at Microsoft.AspNetCore.Mvc.Infrastructure.ControllerActionInvoker.<InvokeNextActionFilterAsync>g__Awaited|10_0(ControllerActionInvoker invoker, Task lastTask, State next, Scope scope, Object state, Boolean isCompleted)
   at Microsoft.AspNetCore.Mvc.Infrastructure.ControllerActionInvoker.Rethrow(ActionExecutedContextSealed context)
   at Microsoft.AspNetCore.Mvc.Infrastructure.ControllerActionInvoker.Next(State& next, Scope& scope, Object& state, Boolean& isCompleted)
   at Microsoft.AspNetCore.Mvc.Infrastructure.ControllerActionInvoker.<InvokeInnerFilterAsync>g__Awaited|13_0(ControllerActionInvoker invoker, Task lastTask, State next, Scope scope, Object state, Boolean isCompleted)
   at Microsoft.AspNetCore.Mvc.Infrastructure.ResourceInvoker.<InvokeFilterPipelineAsync>g__Awaited|20_0(ResourceInvoker invoker, Task lastTask, State next, Scope scope, Object state, Boolean isCompleted)
   at Microsoft.AspNetCore.Mvc.Infrastructure.ResourceInvoker.<InvokeAsync>g__Logged|17_1(ResourceInvoker invoker)
   at Microsoft.AspNetCore.Mvc.Infrastructure.ResourceInvoker.<InvokeAsync>g__Logged|17_1(ResourceInvoker invoker)
   at Microsoft.AspNetCore.Routing.EndpointMiddleware.<Invoke>g__AwaitRequestTask|7_0(Endpoint endpoint, Task requestTask, ILogger logger)
   at Microsoft.AspNetCore.Authorization.AuthorizationMiddleware.Invoke(HttpContext context)
   at Microsoft.AspNetCore.Authentication.AuthenticationMiddleware.Invoke(HttpContext context)
   at Swashbuckle.AspNetCore.SwaggerUI.SwaggerUIMiddleware.Invoke(HttpContext httpContext)
   at Swashbuckle.AspNetCore.Swagger.SwaggerMiddleware.Invoke(HttpContext httpContext, ISwaggerProvider swaggerProvider)
   at Serilog.AspNetCore.RequestLoggingMiddleware.Invoke(HttpContext httpContext)
2026-08-13 13:39:17.809 +03:00 [ERR] An unhandled exception has occurred while executing the request.
Microsoft.EntityFrameworkCore.DbUpdateException: An error occurred while saving the entity changes. See the inner exception for details.
 ---> Microsoft.Data.SqlClient.SqlException (0x80131904): The INSERT statement conflicted with the FOREIGN KEY SAME TABLE constraint "FK_Categories_Categories_ParentCategoryId". The conflict occurred in database "ECommerceDb", table "dbo.Categories", column 'Id'.
   at Microsoft.Data.SqlClient.SqlConnection.OnError(SqlException exception, Boolean breakConnection, Action`1 wrapCloseInAction)
   at Microsoft.Data.SqlClient.SqlInternalConnection.OnError(SqlException exception, Boolean breakConnection, Action`1 wrapCloseInAction)
   at Microsoft.Data.SqlClient.TdsParser.ThrowExceptionAndWarning(TdsParserStateObject stateObj, SqlCommand command, Boolean callerHasConnectionLock, Boolean asyncClose)
   at Microsoft.Data.SqlClient.TdsParser.TryRun(RunBehavior runBehavior, SqlCommand cmdHandler, SqlDataReader dataStream, BulkCopySimpleResultSet bulkCopyHandler, TdsParserStateObject stateObj, Boolean& dataReady)
   at Microsoft.Data.SqlClient.SqlDataReader.TryHasMoreRows(Boolean& moreRows)
   at Microsoft.Data.SqlClient.SqlDataReader.TryReadInternal(Boolean setTimeout, Boolean& more)
   at Microsoft.Data.SqlClient.SqlDataReader.ReadAsyncExecute(Task task, Object state)
   at Microsoft.Data.SqlClient.SqlDataReader.InvokeAsyncCall[T](SqlDataReaderBaseAsyncCallContext`1 context)
--- End of stack trace from previous location ---
   at Microsoft.EntityFrameworkCore.Update.AffectedCountModificationCommandBatch.ConsumeResultSetAsync(Int32 startCommandIndex, RelationalDataReader reader, CancellationToken cancellationToken)
ClientConnectionId:455342c4-6090-4e1f-908d-8f65077f0574
Hata Numarası: 547,Durum: 0,Sınıf:16
   --- End of inner exception stack trace ---
   at Microsoft.EntityFrameworkCore.Update.AffectedCountModificationCommandBatch.ConsumeResultSetAsync(Int32 startCommandIndex, RelationalDataReader reader, CancellationToken cancellationToken)
   at Microsoft.EntityFrameworkCore.Update.AffectedCountModificationCommandBatch.ConsumeAsync(RelationalDataReader reader, CancellationToken cancellationToken)
   at Microsoft.EntityFrameworkCore.Update.ReaderModificationCommandBatch.ExecuteAsync(IRelationalConnection connection, CancellationToken cancellationToken)
   at Microsoft.EntityFrameworkCore.Update.ReaderModificationCommandBatch.ExecuteAsync(IRelationalConnection connection, CancellationToken cancellationToken)
   at Microsoft.EntityFrameworkCore.SqlServer.Update.Internal.SqlServerModificationCommandBatch.ExecuteAsync(IRelationalConnection connection, CancellationToken cancellationToken)
   at Microsoft.EntityFrameworkCore.Update.Internal.BatchExecutor.ExecuteAsync(IEnumerable`1 commandBatches, IRelationalConnection connection, CancellationToken cancellationToken)
   at Microsoft.EntityFrameworkCore.Update.Internal.BatchExecutor.ExecuteAsync(IEnumerable`1 commandBatches, IRelationalConnection connection, CancellationToken cancellationToken)
   at Microsoft.EntityFrameworkCore.Update.Internal.BatchExecutor.ExecuteAsync(IEnumerable`1 commandBatches, IRelationalConnection connection, CancellationToken cancellationToken)
   at Microsoft.EntityFrameworkCore.Storage.RelationalDatabase.SaveChangesAsync(IList`1 entries, CancellationToken cancellationToken)
   at Microsoft.EntityFrameworkCore.ChangeTracking.Internal.StateManager.SaveChangesAsync(IList`1 entriesToSave, CancellationToken cancellationToken)
   at Microsoft.EntityFrameworkCore.ChangeTracking.Internal.StateManager.SaveChangesAsync(StateManager stateManager, Boolean acceptAllChangesOnSuccess, CancellationToken cancellationToken)
   at Microsoft.EntityFrameworkCore.SqlServer.Storage.Internal.SqlServerExecutionStrategy.ExecuteAsync[TState,TResult](TState state, Func`4 operation, Func`4 verifySucceeded, CancellationToken cancellationToken)
   at Microsoft.EntityFrameworkCore.DbContext.SaveChangesAsync(Boolean acceptAllChangesOnSuccess, CancellationToken cancellationToken)
   at Microsoft.EntityFrameworkCore.DbContext.SaveChangesAsync(Boolean acceptAllChangesOnSuccess, CancellationToken cancellationToken)
   at ECommerceManagement.Repository.Repositories.UnitOfWork.SaveChangesAsync() in /Users/yigit/RiderProjects/ECommerceManagement/src/ECommerceManagement.Repository/Repositories/UnitOfWork.cs:line 17
   at ECommerceManagement.Application.Services.AdminService.CreateCategoryAsync(CreateCategoryDto dto) in /Users/yigit/RiderProjects/ECommerceManagement/src/ECommerceManagement.Application/Services/AdminService.cs:line 54
   at ECommerceManagement.Api.Controllers.AdminController.CreateCategory(CreateCategoryDto dto) in /Users/yigit/RiderProjects/ECommerceManagement/src/ECommerceManagement.Api/Controllers/AdminController.cs:line 35
   at Microsoft.AspNetCore.Mvc.Infrastructure.ActionMethodExecutor.TaskOfIActionResultExecutor.Execute(ActionContext actionContext, IActionResultTypeMapper mapper, ObjectMethodExecutor executor, Object controller, Object[] arguments)
   at Microsoft.AspNetCore.Mvc.Infrastructure.ControllerActionInvoker.<InvokeActionMethodAsync>g__Awaited|12_0(ControllerActionInvoker invoker, ValueTask`1 actionResultValueTask)
   at Microsoft.AspNetCore.Mvc.Infrastructure.ControllerActionInvoker.<InvokeNextActionFilterAsync>g__Awaited|10_0(ControllerActionInvoker invoker, Task lastTask, State next, Scope scope, Object state, Boolean isCompleted)
   at Microsoft.AspNetCore.Mvc.Infrastructure.ControllerActionInvoker.Rethrow(ActionExecutedContextSealed context)
   at Microsoft.AspNetCore.Mvc.Infrastructure.ControllerActionInvoker.Next(State& next, Scope& scope, Object& state, Boolean& isCompleted)
   at Microsoft.AspNetCore.Mvc.Infrastructure.ControllerActionInvoker.<InvokeInnerFilterAsync>g__Awaited|13_0(ControllerActionInvoker invoker, Task lastTask, State next, Scope scope, Object state, Boolean isCompleted)
   at Microsoft.AspNetCore.Mvc.Infrastructure.ResourceInvoker.<InvokeFilterPipelineAsync>g__Awaited|20_0(ResourceInvoker invoker, Task lastTask, State next, Scope scope, Object state, Boolean isCompleted)
   at Microsoft.AspNetCore.Mvc.Infrastructure.ResourceInvoker.<InvokeAsync>g__Logged|17_1(ResourceInvoker invoker)
   at Microsoft.AspNetCore.Mvc.Infrastructure.ResourceInvoker.<InvokeAsync>g__Logged|17_1(ResourceInvoker invoker)
   at Microsoft.AspNetCore.Routing.EndpointMiddleware.<Invoke>g__AwaitRequestTask|7_0(Endpoint endpoint, Task requestTask, ILogger logger)
   at Microsoft.AspNetCore.Authorization.AuthorizationMiddleware.Invoke(HttpContext context)
   at Microsoft.AspNetCore.Authentication.AuthenticationMiddleware.Invoke(HttpContext context)
   at Swashbuckle.AspNetCore.SwaggerUI.SwaggerUIMiddleware.Invoke(HttpContext httpContext)
   at Swashbuckle.AspNetCore.Swagger.SwaggerMiddleware.Invoke(HttpContext httpContext, ISwaggerProvider swaggerProvider)
   at Serilog.AspNetCore.RequestLoggingMiddleware.Invoke(HttpContext httpContext)
   at Microsoft.AspNetCore.Diagnostics.DeveloperExceptionPageMiddlewareImpl.Invoke(HttpContext context)
2026-08-13 13:39:17.813 +03:00 [INF] Request finished HTTP/1.1 POST http://localhost:5275/api/Admin/categories - 500 null text/plain; charset=utf-8 17.6061ms
2026-08-13 13:40:00.850 +03:00 [INF] Request starting HTTP/1.1 POST http://localhost:5275/api/Admin/categories - application/json 52
2026-08-13 13:40:00.860 +03:00 [INF] Executing endpoint 'ECommerceManagement.Api.Controllers.AdminController.CreateCategory (ECommerceManagement.Api)'
2026-08-13 13:40:00.861 +03:00 [INF] Route matched with {action = "CreateCategory", controller = "Admin"}. Executing controller action with signature System.Threading.Tasks.Task`1[Microsoft.AspNetCore.Mvc.IActionResult] CreateCategory(ECommerceManagement.Application.DTOs.Catalog.CreateCategoryDto) on controller ECommerceManagement.Api.Controllers.AdminController (ECommerceManagement.Api).
2026-08-13 13:40:00.895 +03:00 [INF] Executed DbCommand (20ms) [Parameters=[@p0='?' (DbType = DateTime2), @p1='?' (Size = 4000), @p2='?' (DbType = Int32)], CommandType='"Text"', CommandTimeout='30']
SET IMPLICIT_TRANSACTIONS OFF;
SET NOCOUNT ON;
INSERT INTO [Categories] ([CreatedAt], [Name], [ParentCategoryId])
OUTPUT INSERTED.[Id]
VALUES (@p0, @p1, @p2);
2026-08-13 13:40:00.914 +03:00 [INF] Executing OkObjectResult, writing value of type '<>f__AnonymousType0`1[[System.String, System.Private.CoreLib, Version=10.0.0.0, Culture=neutral, PublicKeyToken=7cec85d7bea7798e]]'.
2026-08-13 13:40:00.917 +03:00 [INF] Executed action ECommerceManagement.Api.Controllers.AdminController.CreateCategory (ECommerceManagement.Api) in 56.0443ms
2026-08-13 13:40:00.917 +03:00 [INF] Executed endpoint 'ECommerceManagement.Api.Controllers.AdminController.CreateCategory (ECommerceManagement.Api)'
2026-08-13 13:40:00.917 +03:00 [INF] HTTP POST /api/Admin/categories responded 200 in 66.2586 ms
2026-08-13 13:40:00.917 +03:00 [INF] Request finished HTTP/1.1 POST http://localhost:5275/api/Admin/categories - 200 null application/json; charset=utf-8 67.9446ms
2026-08-13 13:40:08.336 +03:00 [INF] Request starting HTTP/1.1 GET http://localhost:5275/api/Admin/categories - null null
2026-08-13 13:40:08.338 +03:00 [INF] Executing endpoint 'ECommerceManagement.Api.Controllers.AdminController.GetAllCategories (ECommerceManagement.Api)'
2026-08-13 13:40:08.338 +03:00 [INF] Route matched with {action = "GetAllCategories", controller = "Admin"}. Executing controller action with signature System.Threading.Tasks.Task`1[Microsoft.AspNetCore.Mvc.IActionResult] GetAllCategories() on controller ECommerceManagement.Api.Controllers.AdminController (ECommerceManagement.Api).
2026-08-13 13:40:08.344 +03:00 [INF] Executed DbCommand (4ms) [Parameters=[], CommandType='"Text"', CommandTimeout='30']
SELECT [c].[Id], [c].[CreatedAt], [c].[Name], [c].[ParentCategoryId]
FROM [Categories] AS [c]
2026-08-13 13:40:08.351 +03:00 [INF] Executing OkObjectResult, writing value of type 'System.Collections.Generic.List`1[[ECommerceManagement.Application.DTOs.Catalog.CategoryDto, ECommerceManagement.Application, Version=1.0.0.0, Culture=neutral, PublicKeyToken=null]]'.
2026-08-13 13:40:08.352 +03:00 [INF] Executed action ECommerceManagement.Api.Controllers.AdminController.GetAllCategories (ECommerceManagement.Api) in 13.8597ms
2026-08-13 13:40:08.352 +03:00 [INF] Executed endpoint 'ECommerceManagement.Api.Controllers.AdminController.GetAllCategories (ECommerceManagement.Api)'
2026-08-13 13:40:08.352 +03:00 [INF] HTTP GET /api/Admin/categories responded 200 in 16.0841 ms
2026-08-13 13:40:08.353 +03:00 [INF] Request finished HTTP/1.1 GET http://localhost:5275/api/Admin/categories - 200 null application/json; charset=utf-8 16.5498ms
2026-08-13 13:41:12.399 +03:00 [INF] Request starting HTTP/1.1 POST http://localhost:5275/api/Auth/register-seller - application/json 148
2026-08-13 13:41:12.409 +03:00 [INF] Executing endpoint 'ECommerceManagement.Api.Controllers.AuthController.RegisterSeller (ECommerceManagement.Api)'
2026-08-13 13:41:12.419 +03:00 [INF] Route matched with {action = "RegisterSeller", controller = "Auth"}. Executing controller action with signature System.Threading.Tasks.Task`1[Microsoft.AspNetCore.Mvc.IActionResult] RegisterSeller(ECommerceManagement.Application.DTOs.Auth.SellerRegisterDto) on controller ECommerceManagement.Api.Controllers.AuthController (ECommerceManagement.Api).
2026-08-13 13:41:12.472 +03:00 [INF] Executed DbCommand (8ms) [Parameters=[@dto_Email='?' (Size = 450)], CommandType='"Text"', CommandTimeout='30']
SELECT TOP(1) [u].[Id], [u].[CreatedAt], [u].[Email], [u].[IsActive], [u].[PasswordHash], [u].[RefreshToken], [u].[RefreshTokenExpiresAt], [u].[Username]
FROM [Users] AS [u]
WHERE [u].[Email] = @dto_Email
2026-08-13 13:41:12.546 +03:00 [INF] Executed DbCommand (22ms) [Parameters=[@p0='?' (DbType = DateTime2), @p1='?' (Size = 450), @p2='?' (DbType = Boolean), @p3='?' (Size = 4000), @p4='?' (Size = 4000), @p5='?' (DbType = DateTime2), @p6='?' (Size = 4000)], CommandType='"Text"', CommandTimeout='30']
SET IMPLICIT_TRANSACTIONS OFF;
SET NOCOUNT ON;
INSERT INTO [Users] ([CreatedAt], [Email], [IsActive], [PasswordHash], [RefreshToken], [RefreshTokenExpiresAt], [Username])
OUTPUT INSERTED.[Id]
VALUES (@p0, @p1, @p2, @p3, @p4, @p5, @p6);
2026-08-13 13:41:12.574 +03:00 [INF] Executed DbCommand (12ms) [Parameters=[@p0='?' (Size = 4000), @p1='?' (Size = 4000), @p2='?' (DbType = DateTime2), @p3='?' (Size = 450), @p4='?' (DbType = Int32), @p5='?' (DbType = Int32), @p6='?' (DbType = Int32)], CommandType='"Text"', CommandTimeout='30']
SET NOCOUNT ON;
INSERT INTO [Sellers] ([CompanyName], [ContactEmail], [CreatedAt], [TaxNumber], [UserId])
OUTPUT INSERTED.[Id]
VALUES (@p0, @p1, @p2, @p3, @p4);
INSERT INTO [UserRoles] ([RoleId], [UserId])
VALUES (@p5, @p6);
2026-08-13 13:41:12.587 +03:00 [INF] Executed DbCommand (2ms) [Parameters=[@p7='?' (DbType = Int32), @p0='?' (DbType = DateTime2), @p1='?' (Size = 450), @p2='?' (DbType = Boolean), @p3='?' (Size = 4000), @p4='?' (Size = 4000), @p5='?' (DbType = DateTime2), @p6='?' (Size = 4000)], CommandType='"Text"', CommandTimeout='30']
SET IMPLICIT_TRANSACTIONS OFF;
SET NOCOUNT ON;
UPDATE [Users] SET [CreatedAt] = @p0, [Email] = @p1, [IsActive] = @p2, [PasswordHash] = @p3, [RefreshToken] = @p4, [RefreshTokenExpiresAt] = @p5, [Username] = @p6
OUTPUT 1
WHERE [Id] = @p7;
2026-08-13 13:41:12.588 +03:00 [INF] Executing OkObjectResult, writing value of type 'ECommerceManagement.Application.DTOs.Auth.TokenResponseDto'.
2026-08-13 13:41:12.590 +03:00 [INF] Executed action ECommerceManagement.Api.Controllers.AuthController.RegisterSeller (ECommerceManagement.Api) in 169.9883ms
2026-08-13 13:41:12.590 +03:00 [INF] Executed endpoint 'ECommerceManagement.Api.Controllers.AuthController.RegisterSeller (ECommerceManagement.Api)'
2026-08-13 13:41:12.590 +03:00 [INF] HTTP POST /api/Auth/register-seller responded 200 in 190.1172 ms
2026-08-13 13:41:12.590 +03:00 [INF] Request finished HTTP/1.1 POST http://localhost:5275/api/Auth/register-seller - 200 null application/json; charset=utf-8 192.3075ms
2026-08-13 13:42:20.209 +03:00 [INF] Request starting HTTP/1.1 GET http://localhost:5275/api/Seller/products?sellerId=1 - null null
2026-08-13 13:42:20.215 +03:00 [INF] Executing endpoint 'ECommerceManagement.Api.Controllers.SellerController.GetMyProducts (ECommerceManagement.Api)'
2026-08-13 13:42:20.224 +03:00 [INF] Route matched with {action = "GetMyProducts", controller = "Seller"}. Executing controller action with signature System.Threading.Tasks.Task`1[Microsoft.AspNetCore.Mvc.IActionResult] GetMyProducts(Int32) on controller ECommerceManagement.Api.Controllers.SellerController (ECommerceManagement.Api).
2026-08-13 13:42:20.273 +03:00 [INF] Executed DbCommand (27ms) [Parameters=[@sellerId='?' (DbType = Int32)], CommandType='"Text"', CommandTimeout='30']
SELECT [p].[Id], [p].[CategoryId], [p].[CreatedAt], [p].[IsActive], [p].[Name], [p].[Price], [p].[Quantity], [p].[SellerId], [p].[Sku], [p].[SysmondStockId], [p].[UpdatedAt], [p].[WarehouseId]
FROM [Products] AS [p]
WHERE [p].[SellerId] = @sellerId
2026-08-13 13:42:20.278 +03:00 [INF] Executing OkObjectResult, writing value of type 'System.Collections.Generic.List`1[[ECommerceManagement.Application.DTOs.Catalog.SellerProductDto, ECommerceManagement.Application, Version=1.0.0.0, Culture=neutral, PublicKeyToken=null]]'.
2026-08-13 13:42:20.284 +03:00 [INF] Executed action ECommerceManagement.Api.Controllers.SellerController.GetMyProducts (ECommerceManagement.Api) in 59.2272ms
2026-08-13 13:42:20.284 +03:00 [INF] Executed endpoint 'ECommerceManagement.Api.Controllers.SellerController.GetMyProducts (ECommerceManagement.Api)'
2026-08-13 13:42:20.284 +03:00 [INF] HTTP GET /api/Seller/products responded 200 in 72.3552 ms
2026-08-13 13:42:20.284 +03:00 [INF] Request finished HTTP/1.1 GET http://localhost:5275/api/Seller/products?sellerId=1 - 200 null application/json; charset=utf-8 75.4242ms
2026-08-13 13:42:26.338 +03:00 [INF] Request starting HTTP/1.1 GET http://localhost:5275/api/Seller/products?sellerId=2 - null null
2026-08-13 13:42:26.339 +03:00 [INF] Executing endpoint 'ECommerceManagement.Api.Controllers.SellerController.GetMyProducts (ECommerceManagement.Api)'
2026-08-13 13:42:26.339 +03:00 [INF] Route matched with {action = "GetMyProducts", controller = "Seller"}. Executing controller action with signature System.Threading.Tasks.Task`1[Microsoft.AspNetCore.Mvc.IActionResult] GetMyProducts(Int32) on controller ECommerceManagement.Api.Controllers.SellerController (ECommerceManagement.Api).
2026-08-13 13:42:26.348 +03:00 [INF] Executed DbCommand (3ms) [Parameters=[@sellerId='?' (DbType = Int32)], CommandType='"Text"', CommandTimeout='30']
SELECT [p].[Id], [p].[CategoryId], [p].[CreatedAt], [p].[IsActive], [p].[Name], [p].[Price], [p].[Quantity], [p].[SellerId], [p].[Sku], [p].[SysmondStockId], [p].[UpdatedAt], [p].[WarehouseId]
FROM [Products] AS [p]
WHERE [p].[SellerId] = @sellerId
2026-08-13 13:42:26.348 +03:00 [INF] Executing OkObjectResult, writing value of type 'System.Collections.Generic.List`1[[ECommerceManagement.Application.DTOs.Catalog.SellerProductDto, ECommerceManagement.Application, Version=1.0.0.0, Culture=neutral, PublicKeyToken=null]]'.
2026-08-13 13:42:26.349 +03:00 [INF] Executed action ECommerceManagement.Api.Controllers.SellerController.GetMyProducts (ECommerceManagement.Api) in 9.3247ms
2026-08-13 13:42:26.349 +03:00 [INF] Executed endpoint 'ECommerceManagement.Api.Controllers.SellerController.GetMyProducts (ECommerceManagement.Api)'
2026-08-13 13:42:26.349 +03:00 [INF] HTTP GET /api/Seller/products responded 200 in 10.0556 ms
2026-08-13 13:42:26.349 +03:00 [INF] Request finished HTTP/1.1 GET http://localhost:5275/api/Seller/products?sellerId=2 - 200 null application/json; charset=utf-8 10.4509ms
2026-08-13 13:43:04.063 +03:00 [INF] Request starting HTTP/1.1 POST http://localhost:5275/api/Seller/products - application/json 134
2026-08-13 13:43:04.070 +03:00 [INF] Executing endpoint 'ECommerceManagement.Api.Controllers.SellerController.AddProduct (ECommerceManagement.Api)'
2026-08-13 13:43:04.080 +03:00 [INF] Route matched with {action = "AddProduct", controller = "Seller"}. Executing controller action with signature System.Threading.Tasks.Task`1[Microsoft.AspNetCore.Mvc.IActionResult] AddProduct(ECommerceManagement.Application.DTOs.Catalog.CreateProductDto) on controller ECommerceManagement.Api.Controllers.SellerController (ECommerceManagement.Api).
2026-08-13 13:43:04.685 +03:00 [INF] Executed action ECommerceManagement.Api.Controllers.SellerController.AddProduct (ECommerceManagement.Api) in 605.3972ms
2026-08-13 13:43:04.686 +03:00 [INF] Executed endpoint 'ECommerceManagement.Api.Controllers.SellerController.AddProduct (ECommerceManagement.Api)'
2026-08-13 13:43:04.686 +03:00 [ERR] HTTP POST /api/Seller/products responded 500 in 622.3632 ms
System.Exception: Sysmond Stok oluşturulamadı. Hata: {"error":{"code":null,"message":"İşleminiz geçerli değil!","details":"Aşağıdaki hatalar doğrulama sırasında tespit edilmiştir.\r\n - Stok fiyat kaydının para birimi geçersiz\r\n - Stok fiyat kaydının para birimi geçersiz\r\n","data":null,"validationErrors":[{"message":"Stok fiyat kaydının para birimi geçersiz","members":["price.PurchaseCurrencyId"]},{"message":"Stok fiyat kaydının para birimi geçersiz","members":["price.SaleCurrencyId"]}]}}
   at SysmondAx.Integration.Services.Stock.SysmondStockService.CreateStockAsync(SysmondStockRequest request) in /Users/yigit/RiderProjects/ECommerceManagement/integrations/SysmondAx.Integration/Services/Stock/SysmondStockService.cs:line 64
   at ECommerceManagement.Application.Services.ProductService.AddAsync(CreateProductDto dto) in /Users/yigit/RiderProjects/ECommerceManagement/src/ECommerceManagement.Application/Services/ProductService.cs:line 69
   at ECommerceManagement.Api.Controllers.SellerController.AddProduct(CreateProductDto dto) in /Users/yigit/RiderProjects/ECommerceManagement/src/ECommerceManagement.Api/Controllers/SellerController.cs:line 34
   at Microsoft.AspNetCore.Mvc.Infrastructure.ActionMethodExecutor.TaskOfIActionResultExecutor.Execute(ActionContext actionContext, IActionResultTypeMapper mapper, ObjectMethodExecutor executor, Object controller, Object[] arguments)
   at Microsoft.AspNetCore.Mvc.Infrastructure.ControllerActionInvoker.<InvokeActionMethodAsync>g__Awaited|12_0(ControllerActionInvoker invoker, ValueTask`1 actionResultValueTask)
   at Microsoft.AspNetCore.Mvc.Infrastructure.ControllerActionInvoker.<InvokeNextActionFilterAsync>g__Awaited|10_0(ControllerActionInvoker invoker, Task lastTask, State next, Scope scope, Object state, Boolean isCompleted)
   at Microsoft.AspNetCore.Mvc.Infrastructure.ControllerActionInvoker.Rethrow(ActionExecutedContextSealed context)
   at Microsoft.AspNetCore.Mvc.Infrastructure.ControllerActionInvoker.Next(State& next, Scope& scope, Object& state, Boolean& isCompleted)
   at Microsoft.AspNetCore.Mvc.Infrastructure.ControllerActionInvoker.<InvokeInnerFilterAsync>g__Awaited|13_0(ControllerActionInvoker invoker, Task lastTask, State next, Scope scope, Object state, Boolean isCompleted)
   at Microsoft.AspNetCore.Mvc.Infrastructure.ResourceInvoker.<InvokeFilterPipelineAsync>g__Awaited|20_0(ResourceInvoker invoker, Task lastTask, State next, Scope scope, Object state, Boolean isCompleted)
   at Microsoft.AspNetCore.Mvc.Infrastructure.ResourceInvoker.<InvokeAsync>g__Logged|17_1(ResourceInvoker invoker)
   at Microsoft.AspNetCore.Mvc.Infrastructure.ResourceInvoker.<InvokeAsync>g__Logged|17_1(ResourceInvoker invoker)
   at Microsoft.AspNetCore.Routing.EndpointMiddleware.<Invoke>g__AwaitRequestTask|7_0(Endpoint endpoint, Task requestTask, ILogger logger)
   at Microsoft.AspNetCore.Authorization.AuthorizationMiddleware.Invoke(HttpContext context)
   at Microsoft.AspNetCore.Authentication.AuthenticationMiddleware.Invoke(HttpContext context)
   at Swashbuckle.AspNetCore.SwaggerUI.SwaggerUIMiddleware.Invoke(HttpContext httpContext)
   at Swashbuckle.AspNetCore.Swagger.SwaggerMiddleware.Invoke(HttpContext httpContext, ISwaggerProvider swaggerProvider)
   at Serilog.AspNetCore.RequestLoggingMiddleware.Invoke(HttpContext httpContext)
2026-08-13 13:43:04.695 +03:00 [ERR] An unhandled exception has occurred while executing the request.
System.Exception: Sysmond Stok oluşturulamadı. Hata: {"error":{"code":null,"message":"İşleminiz geçerli değil!","details":"Aşağıdaki hatalar doğrulama sırasında tespit edilmiştir.\r\n - Stok fiyat kaydının para birimi geçersiz\r\n - Stok fiyat kaydının para birimi geçersiz\r\n","data":null,"validationErrors":[{"message":"Stok fiyat kaydının para birimi geçersiz","members":["price.PurchaseCurrencyId"]},{"message":"Stok fiyat kaydının para birimi geçersiz","members":["price.SaleCurrencyId"]}]}}
   at SysmondAx.Integration.Services.Stock.SysmondStockService.CreateStockAsync(SysmondStockRequest request) in /Users/yigit/RiderProjects/ECommerceManagement/integrations/SysmondAx.Integration/Services/Stock/SysmondStockService.cs:line 64
   at ECommerceManagement.Application.Services.ProductService.AddAsync(CreateProductDto dto) in /Users/yigit/RiderProjects/ECommerceManagement/src/ECommerceManagement.Application/Services/ProductService.cs:line 69
   at ECommerceManagement.Api.Controllers.SellerController.AddProduct(CreateProductDto dto) in /Users/yigit/RiderProjects/ECommerceManagement/src/ECommerceManagement.Api/Controllers/SellerController.cs:line 34
   at Microsoft.AspNetCore.Mvc.Infrastructure.ActionMethodExecutor.TaskOfIActionResultExecutor.Execute(ActionContext actionContext, IActionResultTypeMapper mapper, ObjectMethodExecutor executor, Object controller, Object[] arguments)
   at Microsoft.AspNetCore.Mvc.Infrastructure.ControllerActionInvoker.<InvokeActionMethodAsync>g__Awaited|12_0(ControllerActionInvoker invoker, ValueTask`1 actionResultValueTask)
   at Microsoft.AspNetCore.Mvc.Infrastructure.ControllerActionInvoker.<InvokeNextActionFilterAsync>g__Awaited|10_0(ControllerActionInvoker invoker, Task lastTask, State next, Scope scope, Object state, Boolean isCompleted)
   at Microsoft.AspNetCore.Mvc.Infrastructure.ControllerActionInvoker.Rethrow(ActionExecutedContextSealed context)
   at Microsoft.AspNetCore.Mvc.Infrastructure.ControllerActionInvoker.Next(State& next, Scope& scope, Object& state, Boolean& isCompleted)
   at Microsoft.AspNetCore.Mvc.Infrastructure.ControllerActionInvoker.<InvokeInnerFilterAsync>g__Awaited|13_0(ControllerActionInvoker invoker, Task lastTask, State next, Scope scope, Object state, Boolean isCompleted)
   at Microsoft.AspNetCore.Mvc.Infrastructure.ResourceInvoker.<InvokeFilterPipelineAsync>g__Awaited|20_0(ResourceInvoker invoker, Task lastTask, State next, Scope scope, Object state, Boolean isCompleted)
   at Microsoft.AspNetCore.Mvc.Infrastructure.ResourceInvoker.<InvokeAsync>g__Logged|17_1(ResourceInvoker invoker)
   at Microsoft.AspNetCore.Mvc.Infrastructure.ResourceInvoker.<InvokeAsync>g__Logged|17_1(ResourceInvoker invoker)
   at Microsoft.AspNetCore.Routing.EndpointMiddleware.<Invoke>g__AwaitRequestTask|7_0(Endpoint endpoint, Task requestTask, ILogger logger)
   at Microsoft.AspNetCore.Authorization.AuthorizationMiddleware.Invoke(HttpContext context)
   at Microsoft.AspNetCore.Authentication.AuthenticationMiddleware.Invoke(HttpContext context)
   at Swashbuckle.AspNetCore.SwaggerUI.SwaggerUIMiddleware.Invoke(HttpContext httpContext)
   at Swashbuckle.AspNetCore.Swagger.SwaggerMiddleware.Invoke(HttpContext httpContext, ISwaggerProvider swaggerProvider)
   at Serilog.AspNetCore.RequestLoggingMiddleware.Invoke(HttpContext httpContext)
   at Microsoft.AspNetCore.Diagnostics.DeveloperExceptionPageMiddlewareImpl.Invoke(HttpContext context)
2026-08-13 13:43:04.699 +03:00 [INF] Request finished HTTP/1.1 POST http://localhost:5275/api/Seller/products - 500 null text/plain; charset=utf-8 636.0767ms
2026-08-13 14:19:17.005 +03:00 [INF] Application is shutting down...
2026-08-13 14:22:52.072 +03:00 [INF] Executed DbCommand (18ms) [Parameters=[], CommandType='"Text"', CommandTimeout='30']
SELECT CASE
    WHEN EXISTS (
        SELECT 1
        FROM [Users] AS [u]
        WHERE [u].[Email] = N'superadmin@sistem.com') THEN CAST(1 AS bit)
    ELSE CAST(0 AS bit)
END
2026-08-13 14:22:52.107 +03:00 [INF] Executed DbCommand (3ms) [Parameters=[], CommandType='"Text"', CommandTimeout='30']
SELECT CASE
    WHEN EXISTS (
        SELECT 1
        FROM [Users] AS [u]
        WHERE [u].[Email] = N'admin@sistem.com') THEN CAST(1 AS bit)
    ELSE CAST(0 AS bit)
END
2026-08-13 14:22:52.111 +03:00 [INF] User profile is available. Using '/Users/yigit/.aspnet/DataProtection-Keys' as key repository; keys will not be encrypted at rest.
2026-08-13 14:22:52.131 +03:00 [INF] Now listening on: http://localhost:5275
2026-08-13 14:22:52.132 +03:00 [INF] Application started. Press Ctrl+C to shut down.
2026-08-13 14:22:52.132 +03:00 [INF] Hosting environment: Development
2026-08-13 14:22:52.132 +03:00 [INF] Content root path: /Users/yigit/RiderProjects/ECommerceManagement/src/ECommerceManagement.Api
2026-08-13 14:23:13.567 +03:00 [INF] Request starting HTTP/1.1 POST http://localhost:5275/api/Auth/login - application/json 62
2026-08-13 14:23:13.585 +03:00 [WRN] Failed to determine the https port for redirect.
2026-08-13 14:23:13.619 +03:00 [INF] Executing endpoint 'ECommerceManagement.Api.Controllers.AuthController.Login (ECommerceManagement.Api)'
2026-08-13 14:23:13.626 +03:00 [INF] Route matched with {action = "Login", controller = "Auth"}. Executing controller action with signature System.Threading.Tasks.Task`1[Microsoft.AspNetCore.Mvc.IActionResult] Login(ECommerceManagement.Application.DTOs.Auth.LoginDto) on controller ECommerceManagement.Api.Controllers.AuthController (ECommerceManagement.Api).
2026-08-13 14:23:13.652 +03:00 [WRN] You do not have a valid license key for the Lucky Penny software AutoMapper. This is allowed for development and testing scenarios. If you are running in production you are required to have a licensed version. Please visit https://luckypennysoftware.com to obtain a valid license.
2026-08-13 14:23:13.696 +03:00 [INF] Executed DbCommand (12ms) [Parameters=[@dto_Email='?' (Size = 450)], CommandType='"Text"', CommandTimeout='30']
SELECT TOP(1) [u].[Id], [u].[CreatedAt], [u].[Email], [u].[IsActive], [u].[PasswordHash], [u].[RefreshToken], [u].[RefreshTokenExpiresAt], [u].[Username]
FROM [Users] AS [u]
WHERE [u].[Email] = @dto_Email
2026-08-13 14:23:13.746 +03:00 [INF] Executed DbCommand (3ms) [Parameters=[@user_Id='?' (DbType = Int32)], CommandType='"Text"', CommandTimeout='30']
SELECT [u].[UserId], [u].[RoleId]
FROM [UserRoles] AS [u]
WHERE [u].[UserId] = @user_Id
2026-08-13 14:23:13.771 +03:00 [INF] Executed DbCommand (3ms) [Parameters=[@roleIds1='?' (DbType = Int32)], CommandType='"Text"', CommandTimeout='30']
SELECT [r].[Id], [r].[CreatedAt], [r].[Name]
FROM [Roles] AS [r]
WHERE [r].[Id] = @roleIds1
2026-08-13 14:23:13.813 +03:00 [INF] Executed DbCommand (10ms) [Parameters=[@p7='?' (DbType = Int32), @p0='?' (DbType = DateTime2), @p1='?' (Size = 450), @p2='?' (DbType = Boolean), @p3='?' (Size = 4000), @p4='?' (Size = 4000), @p5='?' (DbType = DateTime2), @p6='?' (Size = 4000)], CommandType='"Text"', CommandTimeout='30']
SET IMPLICIT_TRANSACTIONS OFF;
SET NOCOUNT ON;
UPDATE [Users] SET [CreatedAt] = @p0, [Email] = @p1, [IsActive] = @p2, [PasswordHash] = @p3, [RefreshToken] = @p4, [RefreshTokenExpiresAt] = @p5, [Username] = @p6
OUTPUT 1
WHERE [Id] = @p7;
2026-08-13 14:23:13.817 +03:00 [INF] Executing OkObjectResult, writing value of type 'ECommerceManagement.Application.DTOs.Auth.TokenResponseDto'.
2026-08-13 14:23:13.820 +03:00 [INF] Executed action ECommerceManagement.Api.Controllers.AuthController.Login (ECommerceManagement.Api) in 193.4649ms
2026-08-13 14:23:13.820 +03:00 [INF] Executed endpoint 'ECommerceManagement.Api.Controllers.AuthController.Login (ECommerceManagement.Api)'
2026-08-13 14:23:13.821 +03:00 [INF] HTTP POST /api/Auth/login responded 200 in 243.2578 ms
2026-08-13 14:23:13.823 +03:00 [INF] Request finished HTTP/1.1 POST http://localhost:5275/api/Auth/login - 200 null application/json; charset=utf-8 257.0453ms
2026-08-13 14:23:34.803 +03:00 [INF] Request starting HTTP/1.1 POST http://localhost:5275/api/Seller/products - application/json 134
2026-08-13 14:23:34.814 +03:00 [INF] Executing endpoint 'ECommerceManagement.Api.Controllers.SellerController.AddProduct (ECommerceManagement.Api)'
2026-08-13 14:23:34.822 +03:00 [INF] Route matched with {action = "AddProduct", controller = "Seller"}. Executing controller action with signature System.Threading.Tasks.Task`1[Microsoft.AspNetCore.Mvc.IActionResult] AddProduct(ECommerceManagement.Application.DTOs.Catalog.CreateProductDto) on controller ECommerceManagement.Api.Controllers.SellerController (ECommerceManagement.Api).
2026-08-13 14:23:35.349 +03:00 [INF] Executed action ECommerceManagement.Api.Controllers.SellerController.AddProduct (ECommerceManagement.Api) in 526.2407ms
2026-08-13 14:23:35.349 +03:00 [INF] Executed endpoint 'ECommerceManagement.Api.Controllers.SellerController.AddProduct (ECommerceManagement.Api)'
2026-08-13 14:23:35.350 +03:00 [ERR] HTTP POST /api/Seller/products responded 500 in 541.8428 ms
System.Exception: Sysmond Stok oluşturulamadı. Hata: {"error":{"code":null,"message":"İşleminiz geçerli değil!","details":"Aşağıdaki hatalar doğrulama sırasında tespit edilmiştir.\r\n - The JSON value could not be converted to System.Int32. Path: $.price.saleCurrencyId | LineNumber: 0 | BytePositionInLine: 294.\r\n","data":null,"validationErrors":[{"message":"The JSON value could not be converted to System.Int32. Path: $.price.saleCurrencyId | LineNumber: 0 | BytePositionInLine: 294.","members":["$.price.saleCurrencyId"]}]}}
   at SysmondAx.Integration.Services.Stock.SysmondStockService.CreateStockAsync(SysmondStockRequest request) in /Users/yigit/RiderProjects/ECommerceManagement/integrations/SysmondAx.Integration/Services/Stock/SysmondStockService.cs:line 64
   at ECommerceManagement.Application.Services.ProductService.AddAsync(CreateProductDto dto) in /Users/yigit/RiderProjects/ECommerceManagement/src/ECommerceManagement.Application/Services/ProductService.cs:line 72
   at ECommerceManagement.Api.Controllers.SellerController.AddProduct(CreateProductDto dto) in /Users/yigit/RiderProjects/ECommerceManagement/src/ECommerceManagement.Api/Controllers/SellerController.cs:line 34
   at Microsoft.AspNetCore.Mvc.Infrastructure.ActionMethodExecutor.TaskOfIActionResultExecutor.Execute(ActionContext actionContext, IActionResultTypeMapper mapper, ObjectMethodExecutor executor, Object controller, Object[] arguments)
   at Microsoft.AspNetCore.Mvc.Infrastructure.ControllerActionInvoker.<InvokeActionMethodAsync>g__Awaited|12_0(ControllerActionInvoker invoker, ValueTask`1 actionResultValueTask)
   at Microsoft.AspNetCore.Mvc.Infrastructure.ControllerActionInvoker.<InvokeNextActionFilterAsync>g__Awaited|10_0(ControllerActionInvoker invoker, Task lastTask, State next, Scope scope, Object state, Boolean isCompleted)
   at Microsoft.AspNetCore.Mvc.Infrastructure.ControllerActionInvoker.Rethrow(ActionExecutedContextSealed context)
   at Microsoft.AspNetCore.Mvc.Infrastructure.ControllerActionInvoker.Next(State& next, Scope& scope, Object& state, Boolean& isCompleted)
   at Microsoft.AspNetCore.Mvc.Infrastructure.ControllerActionInvoker.<InvokeInnerFilterAsync>g__Awaited|13_0(ControllerActionInvoker invoker, Task lastTask, State next, Scope scope, Object state, Boolean isCompleted)
   at Microsoft.AspNetCore.Mvc.Infrastructure.ResourceInvoker.<InvokeFilterPipelineAsync>g__Awaited|20_0(ResourceInvoker invoker, Task lastTask, State next, Scope scope, Object state, Boolean isCompleted)
   at Microsoft.AspNetCore.Mvc.Infrastructure.ResourceInvoker.<InvokeAsync>g__Logged|17_1(ResourceInvoker invoker)
   at Microsoft.AspNetCore.Mvc.Infrastructure.ResourceInvoker.<InvokeAsync>g__Logged|17_1(ResourceInvoker invoker)
   at Microsoft.AspNetCore.Routing.EndpointMiddleware.<Invoke>g__AwaitRequestTask|7_0(Endpoint endpoint, Task requestTask, ILogger logger)
   at Microsoft.AspNetCore.Authorization.AuthorizationMiddleware.Invoke(HttpContext context)
   at Microsoft.AspNetCore.Authentication.AuthenticationMiddleware.Invoke(HttpContext context)
   at Swashbuckle.AspNetCore.SwaggerUI.SwaggerUIMiddleware.Invoke(HttpContext httpContext)
   at Swashbuckle.AspNetCore.Swagger.SwaggerMiddleware.Invoke(HttpContext httpContext, ISwaggerProvider swaggerProvider)
   at Serilog.AspNetCore.RequestLoggingMiddleware.Invoke(HttpContext httpContext)
2026-08-13 14:23:35.370 +03:00 [ERR] An unhandled exception has occurred while executing the request.
System.Exception: Sysmond Stok oluşturulamadı. Hata: {"error":{"code":null,"message":"İşleminiz geçerli değil!","details":"Aşağıdaki hatalar doğrulama sırasında tespit edilmiştir.\r\n - The JSON value could not be converted to System.Int32. Path: $.price.saleCurrencyId | LineNumber: 0 | BytePositionInLine: 294.\r\n","data":null,"validationErrors":[{"message":"The JSON value could not be converted to System.Int32. Path: $.price.saleCurrencyId | LineNumber: 0 | BytePositionInLine: 294.","members":["$.price.saleCurrencyId"]}]}}
   at SysmondAx.Integration.Services.Stock.SysmondStockService.CreateStockAsync(SysmondStockRequest request) in /Users/yigit/RiderProjects/ECommerceManagement/integrations/SysmondAx.Integration/Services/Stock/SysmondStockService.cs:line 64
   at ECommerceManagement.Application.Services.ProductService.AddAsync(CreateProductDto dto) in /Users/yigit/RiderProjects/ECommerceManagement/src/ECommerceManagement.Application/Services/ProductService.cs:line 72
   at ECommerceManagement.Api.Controllers.SellerController.AddProduct(CreateProductDto dto) in /Users/yigit/RiderProjects/ECommerceManagement/src/ECommerceManagement.Api/Controllers/SellerController.cs:line 34
   at Microsoft.AspNetCore.Mvc.Infrastructure.ActionMethodExecutor.TaskOfIActionResultExecutor.Execute(ActionContext actionContext, IActionResultTypeMapper mapper, ObjectMethodExecutor executor, Object controller, Object[] arguments)
   at Microsoft.AspNetCore.Mvc.Infrastructure.ControllerActionInvoker.<InvokeActionMethodAsync>g__Awaited|12_0(ControllerActionInvoker invoker, ValueTask`1 actionResultValueTask)
   at Microsoft.AspNetCore.Mvc.Infrastructure.ControllerActionInvoker.<InvokeNextActionFilterAsync>g__Awaited|10_0(ControllerActionInvoker invoker, Task lastTask, State next, Scope scope, Object state, Boolean isCompleted)
   at Microsoft.AspNetCore.Mvc.Infrastructure.ControllerActionInvoker.Rethrow(ActionExecutedContextSealed context)
   at Microsoft.AspNetCore.Mvc.Infrastructure.ControllerActionInvoker.Next(State& next, Scope& scope, Object& state, Boolean& isCompleted)
   at Microsoft.AspNetCore.Mvc.Infrastructure.ControllerActionInvoker.<InvokeInnerFilterAsync>g__Awaited|13_0(ControllerActionInvoker invoker, Task lastTask, State next, Scope scope, Object state, Boolean isCompleted)
   at Microsoft.AspNetCore.Mvc.Infrastructure.ResourceInvoker.<InvokeFilterPipelineAsync>g__Awaited|20_0(ResourceInvoker invoker, Task lastTask, State next, Scope scope, Object state, Boolean isCompleted)
   at Microsoft.AspNetCore.Mvc.Infrastructure.ResourceInvoker.<InvokeAsync>g__Logged|17_1(ResourceInvoker invoker)
   at Microsoft.AspNetCore.Mvc.Infrastructure.ResourceInvoker.<InvokeAsync>g__Logged|17_1(ResourceInvoker invoker)
   at Microsoft.AspNetCore.Routing.EndpointMiddleware.<Invoke>g__AwaitRequestTask|7_0(Endpoint endpoint, Task requestTask, ILogger logger)
   at Microsoft.AspNetCore.Authorization.AuthorizationMiddleware.Invoke(HttpContext context)
   at Microsoft.AspNetCore.Authentication.AuthenticationMiddleware.Invoke(HttpContext context)
   at Swashbuckle.AspNetCore.SwaggerUI.SwaggerUIMiddleware.Invoke(HttpContext httpContext)
   at Swashbuckle.AspNetCore.Swagger.SwaggerMiddleware.Invoke(HttpContext httpContext, ISwaggerProvider swaggerProvider)
   at Serilog.AspNetCore.RequestLoggingMiddleware.Invoke(HttpContext httpContext)
   at Microsoft.AspNetCore.Diagnostics.DeveloperExceptionPageMiddlewareImpl.Invoke(HttpContext context)
2026-08-13 14:23:35.376 +03:00 [INF] Request finished HTTP/1.1 POST http://localhost:5275/api/Seller/products - 500 null text/plain; charset=utf-8 573.3072ms
2026-08-13 14:23:43.552 +03:00 [INF] Request starting HTTP/1.1 POST http://localhost:5275/api/Seller/products - application/json 134
2026-08-13 14:23:43.557 +03:00 [INF] Executing endpoint 'ECommerceManagement.Api.Controllers.SellerController.AddProduct (ECommerceManagement.Api)'
2026-08-13 14:23:43.557 +03:00 [INF] Route matched with {action = "AddProduct", controller = "Seller"}. Executing controller action with signature System.Threading.Tasks.Task`1[Microsoft.AspNetCore.Mvc.IActionResult] AddProduct(ECommerceManagement.Application.DTOs.Catalog.CreateProductDto) on controller ECommerceManagement.Api.Controllers.SellerController (ECommerceManagement.Api).
2026-08-13 14:23:43.612 +03:00 [INF] Executed action ECommerceManagement.Api.Controllers.SellerController.AddProduct (ECommerceManagement.Api) in 54.9211ms
2026-08-13 14:23:43.613 +03:00 [INF] Executed endpoint 'ECommerceManagement.Api.Controllers.SellerController.AddProduct (ECommerceManagement.Api)'
2026-08-13 14:23:43.613 +03:00 [ERR] HTTP POST /api/Seller/products responded 500 in 60.4573 ms
System.Exception: Sysmond Stok oluşturulamadı. Hata: {"error":{"code":null,"message":"İşleminiz geçerli değil!","details":"Aşağıdaki hatalar doğrulama sırasında tespit edilmiştir.\r\n - The JSON value could not be converted to System.Int32. Path: $.price.saleCurrencyId | LineNumber: 0 | BytePositionInLine: 294.\r\n","data":null,"validationErrors":[{"message":"The JSON value could not be converted to System.Int32. Path: $.price.saleCurrencyId | LineNumber: 0 | BytePositionInLine: 294.","members":["$.price.saleCurrencyId"]}]}}
   at SysmondAx.Integration.Services.Stock.SysmondStockService.CreateStockAsync(SysmondStockRequest request) in /Users/yigit/RiderProjects/ECommerceManagement/integrations/SysmondAx.Integration/Services/Stock/SysmondStockService.cs:line 64
   at ECommerceManagement.Application.Services.ProductService.AddAsync(CreateProductDto dto) in /Users/yigit/RiderProjects/ECommerceManagement/src/ECommerceManagement.Application/Services/ProductService.cs:line 72
   at ECommerceManagement.Api.Controllers.SellerController.AddProduct(CreateProductDto dto) in /Users/yigit/RiderProjects/ECommerceManagement/src/ECommerceManagement.Api/Controllers/SellerController.cs:line 34
   at Microsoft.AspNetCore.Mvc.Infrastructure.ActionMethodExecutor.TaskOfIActionResultExecutor.Execute(ActionContext actionContext, IActionResultTypeMapper mapper, ObjectMethodExecutor executor, Object controller, Object[] arguments)
   at Microsoft.AspNetCore.Mvc.Infrastructure.ControllerActionInvoker.<InvokeActionMethodAsync>g__Awaited|12_0(ControllerActionInvoker invoker, ValueTask`1 actionResultValueTask)
   at Microsoft.AspNetCore.Mvc.Infrastructure.ControllerActionInvoker.<InvokeNextActionFilterAsync>g__Awaited|10_0(ControllerActionInvoker invoker, Task lastTask, State next, Scope scope, Object state, Boolean isCompleted)
   at Microsoft.AspNetCore.Mvc.Infrastructure.ControllerActionInvoker.Rethrow(ActionExecutedContextSealed context)
   at Microsoft.AspNetCore.Mvc.Infrastructure.ControllerActionInvoker.Next(State& next, Scope& scope, Object& state, Boolean& isCompleted)
   at Microsoft.AspNetCore.Mvc.Infrastructure.ControllerActionInvoker.<InvokeInnerFilterAsync>g__Awaited|13_0(ControllerActionInvoker invoker, Task lastTask, State next, Scope scope, Object state, Boolean isCompleted)
   at Microsoft.AspNetCore.Mvc.Infrastructure.ResourceInvoker.<InvokeFilterPipelineAsync>g__Awaited|20_0(ResourceInvoker invoker, Task lastTask, State next, Scope scope, Object state, Boolean isCompleted)
   at Microsoft.AspNetCore.Mvc.Infrastructure.ResourceInvoker.<InvokeAsync>g__Logged|17_1(ResourceInvoker invoker)
   at Microsoft.AspNetCore.Mvc.Infrastructure.ResourceInvoker.<InvokeAsync>g__Logged|17_1(ResourceInvoker invoker)
   at Microsoft.AspNetCore.Routing.EndpointMiddleware.<Invoke>g__AwaitRequestTask|7_0(Endpoint endpoint, Task requestTask, ILogger logger)
   at Microsoft.AspNetCore.Authorization.AuthorizationMiddleware.Invoke(HttpContext context)
   at Microsoft.AspNetCore.Authentication.AuthenticationMiddleware.Invoke(HttpContext context)
   at Swashbuckle.AspNetCore.SwaggerUI.SwaggerUIMiddleware.Invoke(HttpContext httpContext)
   at Swashbuckle.AspNetCore.Swagger.SwaggerMiddleware.Invoke(HttpContext httpContext, ISwaggerProvider swaggerProvider)
   at Serilog.AspNetCore.RequestLoggingMiddleware.Invoke(HttpContext httpContext)
2026-08-13 14:23:43.614 +03:00 [ERR] An unhandled exception has occurred while executing the request.
System.Exception: Sysmond Stok oluşturulamadı. Hata: {"error":{"code":null,"message":"İşleminiz geçerli değil!","details":"Aşağıdaki hatalar doğrulama sırasında tespit edilmiştir.\r\n - The JSON value could not be converted to System.Int32. Path: $.price.saleCurrencyId | LineNumber: 0 | BytePositionInLine: 294.\r\n","data":null,"validationErrors":[{"message":"The JSON value could not be converted to System.Int32. Path: $.price.saleCurrencyId | LineNumber: 0 | BytePositionInLine: 294.","members":["$.price.saleCurrencyId"]}]}}
   at SysmondAx.Integration.Services.Stock.SysmondStockService.CreateStockAsync(SysmondStockRequest request) in /Users/yigit/RiderProjects/ECommerceManagement/integrations/SysmondAx.Integration/Services/Stock/SysmondStockService.cs:line 64
   at ECommerceManagement.Application.Services.ProductService.AddAsync(CreateProductDto dto) in /Users/yigit/RiderProjects/ECommerceManagement/src/ECommerceManagement.Application/Services/ProductService.cs:line 72
   at ECommerceManagement.Api.Controllers.SellerController.AddProduct(CreateProductDto dto) in /Users/yigit/RiderProjects/ECommerceManagement/src/ECommerceManagement.Api/Controllers/SellerController.cs:line 34
   at Microsoft.AspNetCore.Mvc.Infrastructure.ActionMethodExecutor.TaskOfIActionResultExecutor.Execute(ActionContext actionContext, IActionResultTypeMapper mapper, ObjectMethodExecutor executor, Object controller, Object[] arguments)
   at Microsoft.AspNetCore.Mvc.Infrastructure.ControllerActionInvoker.<InvokeActionMethodAsync>g__Awaited|12_0(ControllerActionInvoker invoker, ValueTask`1 actionResultValueTask)
   at Microsoft.AspNetCore.Mvc.Infrastructure.ControllerActionInvoker.<InvokeNextActionFilterAsync>g__Awaited|10_0(ControllerActionInvoker invoker, Task lastTask, State next, Scope scope, Object state, Boolean isCompleted)
   at Microsoft.AspNetCore.Mvc.Infrastructure.ControllerActionInvoker.Rethrow(ActionExecutedContextSealed context)
   at Microsoft.AspNetCore.Mvc.Infrastructure.ControllerActionInvoker.Next(State& next, Scope& scope, Object& state, Boolean& isCompleted)
   at Microsoft.AspNetCore.Mvc.Infrastructure.ControllerActionInvoker.<InvokeInnerFilterAsync>g__Awaited|13_0(ControllerActionInvoker invoker, Task lastTask, State next, Scope scope, Object state, Boolean isCompleted)
   at Microsoft.AspNetCore.Mvc.Infrastructure.ResourceInvoker.<InvokeFilterPipelineAsync>g__Awaited|20_0(ResourceInvoker invoker, Task lastTask, State next, Scope scope, Object state, Boolean isCompleted)
   at Microsoft.AspNetCore.Mvc.Infrastructure.ResourceInvoker.<InvokeAsync>g__Logged|17_1(ResourceInvoker invoker)
   at Microsoft.AspNetCore.Mvc.Infrastructure.ResourceInvoker.<InvokeAsync>g__Logged|17_1(ResourceInvoker invoker)
   at Microsoft.AspNetCore.Routing.EndpointMiddleware.<Invoke>g__AwaitRequestTask|7_0(Endpoint endpoint, Task requestTask, ILogger logger)
   at Microsoft.AspNetCore.Authorization.AuthorizationMiddleware.Invoke(HttpContext context)
   at Microsoft.AspNetCore.Authentication.AuthenticationMiddleware.Invoke(HttpContext context)
   at Swashbuckle.AspNetCore.SwaggerUI.SwaggerUIMiddleware.Invoke(HttpContext httpContext)
   at Swashbuckle.AspNetCore.Swagger.SwaggerMiddleware.Invoke(HttpContext httpContext, ISwaggerProvider swaggerProvider)
   at Serilog.AspNetCore.RequestLoggingMiddleware.Invoke(HttpContext httpContext)
   at Microsoft.AspNetCore.Diagnostics.DeveloperExceptionPageMiddlewareImpl.Invoke(HttpContext context)
2026-08-13 14:23:43.616 +03:00 [INF] Request finished HTTP/1.1 POST http://localhost:5275/api/Seller/products - 500 null text/plain; charset=utf-8 64.0585ms
2026-08-13 14:30:10.240 +03:00 [INF] Application is shutting down...
2026-08-13 14:30:13.334 +03:00 [INF] Executed DbCommand (14ms) [Parameters=[], CommandType='"Text"', CommandTimeout='30']
SELECT CASE
    WHEN EXISTS (
        SELECT 1
        FROM [Users] AS [u]
        WHERE [u].[Email] = N'superadmin@sistem.com') THEN CAST(1 AS bit)
    ELSE CAST(0 AS bit)
END
2026-08-13 14:30:13.356 +03:00 [INF] Executed DbCommand (2ms) [Parameters=[], CommandType='"Text"', CommandTimeout='30']
SELECT CASE
    WHEN EXISTS (
        SELECT 1
        FROM [Users] AS [u]
        WHERE [u].[Email] = N'admin@sistem.com') THEN CAST(1 AS bit)
    ELSE CAST(0 AS bit)
END
2026-08-13 14:30:13.360 +03:00 [INF] User profile is available. Using '/Users/yigit/.aspnet/DataProtection-Keys' as key repository; keys will not be encrypted at rest.
2026-08-13 14:30:13.378 +03:00 [INF] Now listening on: http://localhost:5275
2026-08-13 14:30:13.378 +03:00 [INF] Application started. Press Ctrl+C to shut down.
2026-08-13 14:30:13.379 +03:00 [INF] Hosting environment: Development
2026-08-13 14:30:13.379 +03:00 [INF] Content root path: /Users/yigit/RiderProjects/ECommerceManagement/src/ECommerceManagement.Api
2026-08-13 14:30:21.183 +03:00 [INF] Request starting HTTP/1.1 GET http://localhost:5275/api/Seller/products?sellerId=2 - null null
2026-08-13 14:30:21.203 +03:00 [WRN] Failed to determine the https port for redirect.
2026-08-13 14:30:21.242 +03:00 [INF] Executing endpoint 'ECommerceManagement.Api.Controllers.SellerController.GetMyProducts (ECommerceManagement.Api)'
2026-08-13 14:30:21.252 +03:00 [INF] Route matched with {action = "GetMyProducts", controller = "Seller"}. Executing controller action with signature System.Threading.Tasks.Task`1[Microsoft.AspNetCore.Mvc.IActionResult] GetMyProducts(Int32) on controller ECommerceManagement.Api.Controllers.SellerController (ECommerceManagement.Api).
2026-08-13 14:30:21.278 +03:00 [WRN] You do not have a valid license key for the Lucky Penny software AutoMapper. This is allowed for development and testing scenarios. If you are running in production you are required to have a licensed version. Please visit https://luckypennysoftware.com to obtain a valid license.
2026-08-13 14:30:21.314 +03:00 [INF] Executed DbCommand (11ms) [Parameters=[@sellerId='?' (DbType = Int32)], CommandType='"Text"', CommandTimeout='30']
SELECT [p].[Id], [p].[CategoryId], [p].[CreatedAt], [p].[IsActive], [p].[Name], [p].[Price], [p].[Quantity], [p].[SellerId], [p].[Sku], [p].[SysmondStockId], [p].[UpdatedAt], [p].[WarehouseId]
FROM [Products] AS [p]
WHERE [p].[SellerId] = @sellerId
2026-08-13 14:30:21.320 +03:00 [INF] Executing OkObjectResult, writing value of type 'System.Collections.Generic.List`1[[ECommerceManagement.Application.DTOs.Catalog.SellerProductDto, ECommerceManagement.Application, Version=1.0.0.0, Culture=neutral, PublicKeyToken=null]]'.
2026-08-13 14:30:21.328 +03:00 [INF] Executed action ECommerceManagement.Api.Controllers.SellerController.GetMyProducts (ECommerceManagement.Api) in 74.9368ms
2026-08-13 14:30:21.328 +03:00 [INF] Executed endpoint 'ECommerceManagement.Api.Controllers.SellerController.GetMyProducts (ECommerceManagement.Api)'
2026-08-13 14:30:21.329 +03:00 [INF] HTTP GET /api/Seller/products responded 200 in 134.9003 ms
2026-08-13 14:30:21.331 +03:00 [INF] Request finished HTTP/1.1 GET http://localhost:5275/api/Seller/products?sellerId=2 - 200 null application/json; charset=utf-8 148.7842ms
2026-08-13 14:30:25.171 +03:00 [INF] Request starting HTTP/1.1 POST http://localhost:5275/api/Seller/products - application/json 134
2026-08-13 14:30:25.174 +03:00 [INF] Executing endpoint 'ECommerceManagement.Api.Controllers.SellerController.AddProduct (ECommerceManagement.Api)'
2026-08-13 14:30:25.183 +03:00 [INF] Route matched with {action = "AddProduct", controller = "Seller"}. Executing controller action with signature System.Threading.Tasks.Task`1[Microsoft.AspNetCore.Mvc.IActionResult] AddProduct(ECommerceManagement.Application.DTOs.Catalog.CreateProductDto) on controller ECommerceManagement.Api.Controllers.SellerController (ECommerceManagement.Api).
2026-08-13 14:30:25.931 +03:00 [INF] Executed action ECommerceManagement.Api.Controllers.SellerController.AddProduct (ECommerceManagement.Api) in 748.2568ms
2026-08-13 14:30:25.932 +03:00 [INF] Executed endpoint 'ECommerceManagement.Api.Controllers.SellerController.AddProduct (ECommerceManagement.Api)'
2026-08-13 14:30:25.932 +03:00 [ERR] HTTP POST /api/Seller/products responded 500 in 759.7834 ms
System.Exception: Sysmond Stok oluşturulamadı. Hata: {"error":{"code":null,"message":"Sayfa işlenirken sunucu tarafında beklenmedik bir hata oluştu!","details":null,"data":null,"validationErrors":null}}
   at SysmondAx.Integration.Services.Stock.SysmondStockService.CreateStockAsync(SysmondStockRequest request) in /Users/yigit/RiderProjects/ECommerceManagement/integrations/SysmondAx.Integration/Services/Stock/SysmondStockService.cs:line 64
   at ECommerceManagement.Application.Services.ProductService.AddAsync(CreateProductDto dto) in /Users/yigit/RiderProjects/ECommerceManagement/src/ECommerceManagement.Application/Services/ProductService.cs:line 72
   at ECommerceManagement.Api.Controllers.SellerController.AddProduct(CreateProductDto dto) in /Users/yigit/RiderProjects/ECommerceManagement/src/ECommerceManagement.Api/Controllers/SellerController.cs:line 34
   at Microsoft.AspNetCore.Mvc.Infrastructure.ActionMethodExecutor.TaskOfIActionResultExecutor.Execute(ActionContext actionContext, IActionResultTypeMapper mapper, ObjectMethodExecutor executor, Object controller, Object[] arguments)
   at Microsoft.AspNetCore.Mvc.Infrastructure.ControllerActionInvoker.<InvokeActionMethodAsync>g__Awaited|12_0(ControllerActionInvoker invoker, ValueTask`1 actionResultValueTask)
   at Microsoft.AspNetCore.Mvc.Infrastructure.ControllerActionInvoker.<InvokeNextActionFilterAsync>g__Awaited|10_0(ControllerActionInvoker invoker, Task lastTask, State next, Scope scope, Object state, Boolean isCompleted)
   at Microsoft.AspNetCore.Mvc.Infrastructure.ControllerActionInvoker.Rethrow(ActionExecutedContextSealed context)
   at Microsoft.AspNetCore.Mvc.Infrastructure.ControllerActionInvoker.Next(State& next, Scope& scope, Object& state, Boolean& isCompleted)
   at Microsoft.AspNetCore.Mvc.Infrastructure.ControllerActionInvoker.<InvokeInnerFilterAsync>g__Awaited|13_0(ControllerActionInvoker invoker, Task lastTask, State next, Scope scope, Object state, Boolean isCompleted)
   at Microsoft.AspNetCore.Mvc.Infrastructure.ResourceInvoker.<InvokeFilterPipelineAsync>g__Awaited|20_0(ResourceInvoker invoker, Task lastTask, State next, Scope scope, Object state, Boolean isCompleted)
   at Microsoft.AspNetCore.Mvc.Infrastructure.ResourceInvoker.<InvokeAsync>g__Logged|17_1(ResourceInvoker invoker)
   at Microsoft.AspNetCore.Mvc.Infrastructure.ResourceInvoker.<InvokeAsync>g__Logged|17_1(ResourceInvoker invoker)
   at Microsoft.AspNetCore.Routing.EndpointMiddleware.<Invoke>g__AwaitRequestTask|7_0(Endpoint endpoint, Task requestTask, ILogger logger)
   at Microsoft.AspNetCore.Authorization.AuthorizationMiddleware.Invoke(HttpContext context)
   at Microsoft.AspNetCore.Authentication.AuthenticationMiddleware.Invoke(HttpContext context)
   at Swashbuckle.AspNetCore.SwaggerUI.SwaggerUIMiddleware.Invoke(HttpContext httpContext)
   at Swashbuckle.AspNetCore.Swagger.SwaggerMiddleware.Invoke(HttpContext httpContext, ISwaggerProvider swaggerProvider)
   at Serilog.AspNetCore.RequestLoggingMiddleware.Invoke(HttpContext httpContext)
2026-08-13 14:30:25.943 +03:00 [ERR] An unhandled exception has occurred while executing the request.
System.Exception: Sysmond Stok oluşturulamadı. Hata: {"error":{"code":null,"message":"Sayfa işlenirken sunucu tarafında beklenmedik bir hata oluştu!","details":null,"data":null,"validationErrors":null}}
   at SysmondAx.Integration.Services.Stock.SysmondStockService.CreateStockAsync(SysmondStockRequest request) in /Users/yigit/RiderProjects/ECommerceManagement/integrations/SysmondAx.Integration/Services/Stock/SysmondStockService.cs:line 64
   at ECommerceManagement.Application.Services.ProductService.AddAsync(CreateProductDto dto) in /Users/yigit/RiderProjects/ECommerceManagement/src/ECommerceManagement.Application/Services/ProductService.cs:line 72
   at ECommerceManagement.Api.Controllers.SellerController.AddProduct(CreateProductDto dto) in /Users/yigit/RiderProjects/ECommerceManagement/src/ECommerceManagement.Api/Controllers/SellerController.cs:line 34
   at Microsoft.AspNetCore.Mvc.Infrastructure.ActionMethodExecutor.TaskOfIActionResultExecutor.Execute(ActionContext actionContext, IActionResultTypeMapper mapper, ObjectMethodExecutor executor, Object controller, Object[] arguments)
   at Microsoft.AspNetCore.Mvc.Infrastructure.ControllerActionInvoker.<InvokeActionMethodAsync>g__Awaited|12_0(ControllerActionInvoker invoker, ValueTask`1 actionResultValueTask)
   at Microsoft.AspNetCore.Mvc.Infrastructure.ControllerActionInvoker.<InvokeNextActionFilterAsync>g__Awaited|10_0(ControllerActionInvoker invoker, Task lastTask, State next, Scope scope, Object state, Boolean isCompleted)
   at Microsoft.AspNetCore.Mvc.Infrastructure.ControllerActionInvoker.Rethrow(ActionExecutedContextSealed context)
   at Microsoft.AspNetCore.Mvc.Infrastructure.ControllerActionInvoker.Next(State& next, Scope& scope, Object& state, Boolean& isCompleted)
   at Microsoft.AspNetCore.Mvc.Infrastructure.ControllerActionInvoker.<InvokeInnerFilterAsync>g__Awaited|13_0(ControllerActionInvoker invoker, Task lastTask, State next, Scope scope, Object state, Boolean isCompleted)
   at Microsoft.AspNetCore.Mvc.Infrastructure.ResourceInvoker.<InvokeFilterPipelineAsync>g__Awaited|20_0(ResourceInvoker invoker, Task lastTask, State next, Scope scope, Object state, Boolean isCompleted)
   at Microsoft.AspNetCore.Mvc.Infrastructure.ResourceInvoker.<InvokeAsync>g__Logged|17_1(ResourceInvoker invoker)
   at Microsoft.AspNetCore.Mvc.Infrastructure.ResourceInvoker.<InvokeAsync>g__Logged|17_1(ResourceInvoker invoker)
   at Microsoft.AspNetCore.Routing.EndpointMiddleware.<Invoke>g__AwaitRequestTask|7_0(Endpoint endpoint, Task requestTask, ILogger logger)
   at Microsoft.AspNetCore.Authorization.AuthorizationMiddleware.Invoke(HttpContext context)
   at Microsoft.AspNetCore.Authentication.AuthenticationMiddleware.Invoke(HttpContext context)
   at Swashbuckle.AspNetCore.SwaggerUI.SwaggerUIMiddleware.Invoke(HttpContext httpContext)
   at Swashbuckle.AspNetCore.Swagger.SwaggerMiddleware.Invoke(HttpContext httpContext, ISwaggerProvider swaggerProvider)
   at Serilog.AspNetCore.RequestLoggingMiddleware.Invoke(HttpContext httpContext)
   at Microsoft.AspNetCore.Diagnostics.DeveloperExceptionPageMiddlewareImpl.Invoke(HttpContext context)
2026-08-13 14:30:25.946 +03:00 [INF] Request finished HTTP/1.1 POST http://localhost:5275/api/Seller/products - 500 null text/plain; charset=utf-8 775.0345ms
2026-08-13 14:30:31.886 +03:00 [INF] Request starting HTTP/1.1 GET http://localhost:5275/index.html - null null
2026-08-13 14:30:31.922 +03:00 [INF] HTTP GET /index.html responded 200 in 35.2417 ms
2026-08-13 14:30:31.922 +03:00 [INF] Request finished HTTP/1.1 GET http://localhost:5275/index.html - 200 null text/html;charset=utf-8 36.456ms
2026-08-13 14:30:32.339 +03:00 [INF] Request starting HTTP/1.1 GET http://localhost:5275/swagger/v1/swagger.json - null null
2026-08-13 14:30:32.342 +03:00 [INF] Request starting HTTP/1.1 GET http://localhost:5275/apple-touch-icon-precomposed.png - null null
2026-08-13 14:30:32.348 +03:00 [INF] HTTP GET /apple-touch-icon-precomposed.png responded 404 in 5.4810 ms
2026-08-13 14:30:32.348 +03:00 [INF] Request finished HTTP/1.1 GET http://localhost:5275/apple-touch-icon-precomposed.png - 404 0 null 5.9841ms
2026-08-13 14:30:32.349 +03:00 [INF] Request reached the end of the middleware pipeline without being handled by application code. Request path: GET http://localhost:5275/apple-touch-icon-precomposed.png, Response status code: 404
2026-08-13 14:30:32.349 +03:00 [INF] Request starting HTTP/1.1 GET http://localhost:5275/apple-touch-icon.png - null null
2026-08-13 14:30:32.349 +03:00 [INF] HTTP GET /apple-touch-icon.png responded 404 in 0.1123 ms
2026-08-13 14:30:32.349 +03:00 [INF] Request finished HTTP/1.1 GET http://localhost:5275/apple-touch-icon.png - 404 0 null 0.3957ms
2026-08-13 14:30:32.350 +03:00 [INF] Request reached the end of the middleware pipeline without being handled by application code. Request path: GET http://localhost:5275/apple-touch-icon.png, Response status code: 404
2026-08-13 14:30:32.350 +03:00 [INF] Request starting HTTP/1.1 GET http://localhost:5275/favicon-32x32.png - null null
2026-08-13 14:30:32.355 +03:00 [INF] Sending file. Request path: '/favicon-32x32.png'. Physical path: 'N/A'
2026-08-13 14:30:32.355 +03:00 [INF] HTTP GET /favicon-32x32.png responded 200 in 4.9582 ms
2026-08-13 14:30:32.356 +03:00 [INF] Request finished HTTP/1.1 GET http://localhost:5275/favicon-32x32.png - 200 628 image/png 5.2833ms
2026-08-13 14:30:32.385 +03:00 [INF] HTTP GET /swagger/v1/swagger.json responded 200 in 46.0191 ms
2026-08-13 14:30:32.385 +03:00 [INF] Request finished HTTP/1.1 GET http://localhost:5275/swagger/v1/swagger.json - 200 null application/json;charset=utf-8 46.527ms
2026-08-13 14:30:52.600 +03:00 [INF] Request starting HTTP/1.1 POST http://localhost:5275/api/Auth/login - application/json 62
2026-08-13 14:30:52.603 +03:00 [INF] Executing endpoint 'ECommerceManagement.Api.Controllers.AuthController.Login (ECommerceManagement.Api)'
2026-08-13 14:30:52.608 +03:00 [INF] Route matched with {action = "Login", controller = "Auth"}. Executing controller action with signature System.Threading.Tasks.Task`1[Microsoft.AspNetCore.Mvc.IActionResult] Login(ECommerceManagement.Application.DTOs.Auth.LoginDto) on controller ECommerceManagement.Api.Controllers.AuthController (ECommerceManagement.Api).
2026-08-13 14:30:52.643 +03:00 [INF] Executed DbCommand (7ms) [Parameters=[@dto_Email='?' (Size = 450)], CommandType='"Text"', CommandTimeout='30']
SELECT TOP(1) [u].[Id], [u].[CreatedAt], [u].[Email], [u].[IsActive], [u].[PasswordHash], [u].[RefreshToken], [u].[RefreshTokenExpiresAt], [u].[Username]
FROM [Users] AS [u]
WHERE [u].[Email] = @dto_Email
2026-08-13 14:30:52.711 +03:00 [INF] Executed DbCommand (4ms) [Parameters=[@user_Id='?' (DbType = Int32)], CommandType='"Text"', CommandTimeout='30']
SELECT [u].[UserId], [u].[RoleId]
FROM [UserRoles] AS [u]
WHERE [u].[UserId] = @user_Id
2026-08-13 14:30:52.735 +03:00 [INF] Executed DbCommand (3ms) [Parameters=[@roleIds1='?' (DbType = Int32)], CommandType='"Text"', CommandTimeout='30']
SELECT [r].[Id], [r].[CreatedAt], [r].[Name]
FROM [Roles] AS [r]
WHERE [r].[Id] = @roleIds1
2026-08-13 14:30:52.780 +03:00 [INF] Executed DbCommand (16ms) [Parameters=[@p7='?' (DbType = Int32), @p0='?' (DbType = DateTime2), @p1='?' (Size = 450), @p2='?' (DbType = Boolean), @p3='?' (Size = 4000), @p4='?' (Size = 4000), @p5='?' (DbType = DateTime2), @p6='?' (Size = 4000)], CommandType='"Text"', CommandTimeout='30']
SET IMPLICIT_TRANSACTIONS OFF;
SET NOCOUNT ON;
UPDATE [Users] SET [CreatedAt] = @p0, [Email] = @p1, [IsActive] = @p2, [PasswordHash] = @p3, [RefreshToken] = @p4, [RefreshTokenExpiresAt] = @p5, [Username] = @p6
OUTPUT 1
WHERE [Id] = @p7;
2026-08-13 14:30:52.783 +03:00 [INF] Executing OkObjectResult, writing value of type 'ECommerceManagement.Application.DTOs.Auth.TokenResponseDto'.
2026-08-13 14:30:52.784 +03:00 [INF] Executed action ECommerceManagement.Api.Controllers.AuthController.Login (ECommerceManagement.Api) in 175.9679ms
2026-08-13 14:30:52.784 +03:00 [INF] Executed endpoint 'ECommerceManagement.Api.Controllers.AuthController.Login (ECommerceManagement.Api)'
2026-08-13 14:30:52.784 +03:00 [INF] HTTP POST /api/Auth/login responded 200 in 184.3073 ms
2026-08-13 14:30:52.784 +03:00 [INF] Request finished HTTP/1.1 POST http://localhost:5275/api/Auth/login - 200 null application/json; charset=utf-8 184.7559ms
2026-08-13 14:31:22.568 +03:00 [INF] Request starting HTTP/1.1 POST http://localhost:5275/api/Seller/products - application/json 129
2026-08-13 14:31:22.573 +03:00 [INF] Executing endpoint 'ECommerceManagement.Api.Controllers.SellerController.AddProduct (ECommerceManagement.Api)'
2026-08-13 14:31:22.573 +03:00 [INF] Route matched with {action = "AddProduct", controller = "Seller"}. Executing controller action with signature System.Threading.Tasks.Task`1[Microsoft.AspNetCore.Mvc.IActionResult] AddProduct(ECommerceManagement.Application.DTOs.Catalog.CreateProductDto) on controller ECommerceManagement.Api.Controllers.SellerController (ECommerceManagement.Api).
2026-08-13 14:31:22.795 +03:00 [INF] Executed action ECommerceManagement.Api.Controllers.SellerController.AddProduct (ECommerceManagement.Api) in 221.6349ms
2026-08-13 14:31:22.795 +03:00 [INF] Executed endpoint 'ECommerceManagement.Api.Controllers.SellerController.AddProduct (ECommerceManagement.Api)'
2026-08-13 14:31:22.796 +03:00 [ERR] HTTP POST /api/Seller/products responded 500 in 227.2024 ms
System.Exception: Sysmond Stok oluşturulamadı. Hata: {"error":{"code":null,"message":"Sayfa işlenirken sunucu tarafında beklenmedik bir hata oluştu!","details":null,"data":null,"validationErrors":null}}
   at SysmondAx.Integration.Services.Stock.SysmondStockService.CreateStockAsync(SysmondStockRequest request) in /Users/yigit/RiderProjects/ECommerceManagement/integrations/SysmondAx.Integration/Services/Stock/SysmondStockService.cs:line 64
   at ECommerceManagement.Application.Services.ProductService.AddAsync(CreateProductDto dto) in /Users/yigit/RiderProjects/ECommerceManagement/src/ECommerceManagement.Application/Services/ProductService.cs:line 72
   at ECommerceManagement.Api.Controllers.SellerController.AddProduct(CreateProductDto dto) in /Users/yigit/RiderProjects/ECommerceManagement/src/ECommerceManagement.Api/Controllers/SellerController.cs:line 34
   at Microsoft.AspNetCore.Mvc.Infrastructure.ActionMethodExecutor.TaskOfIActionResultExecutor.Execute(ActionContext actionContext, IActionResultTypeMapper mapper, ObjectMethodExecutor executor, Object controller, Object[] arguments)
   at Microsoft.AspNetCore.Mvc.Infrastructure.ControllerActionInvoker.<InvokeActionMethodAsync>g__Awaited|12_0(ControllerActionInvoker invoker, ValueTask`1 actionResultValueTask)
   at Microsoft.AspNetCore.Mvc.Infrastructure.ControllerActionInvoker.<InvokeNextActionFilterAsync>g__Awaited|10_0(ControllerActionInvoker invoker, Task lastTask, State next, Scope scope, Object state, Boolean isCompleted)
   at Microsoft.AspNetCore.Mvc.Infrastructure.ControllerActionInvoker.Rethrow(ActionExecutedContextSealed context)
   at Microsoft.AspNetCore.Mvc.Infrastructure.ControllerActionInvoker.Next(State& next, Scope& scope, Object& state, Boolean& isCompleted)
   at Microsoft.AspNetCore.Mvc.Infrastructure.ControllerActionInvoker.<InvokeInnerFilterAsync>g__Awaited|13_0(ControllerActionInvoker invoker, Task lastTask, State next, Scope scope, Object state, Boolean isCompleted)
   at Microsoft.AspNetCore.Mvc.Infrastructure.ResourceInvoker.<InvokeFilterPipelineAsync>g__Awaited|20_0(ResourceInvoker invoker, Task lastTask, State next, Scope scope, Object state, Boolean isCompleted)
   at Microsoft.AspNetCore.Mvc.Infrastructure.ResourceInvoker.<InvokeAsync>g__Logged|17_1(ResourceInvoker invoker)
   at Microsoft.AspNetCore.Mvc.Infrastructure.ResourceInvoker.<InvokeAsync>g__Logged|17_1(ResourceInvoker invoker)
   at Microsoft.AspNetCore.Routing.EndpointMiddleware.<Invoke>g__AwaitRequestTask|7_0(Endpoint endpoint, Task requestTask, ILogger logger)
   at Microsoft.AspNetCore.Authorization.AuthorizationMiddleware.Invoke(HttpContext context)
   at Microsoft.AspNetCore.Authentication.AuthenticationMiddleware.Invoke(HttpContext context)
   at Swashbuckle.AspNetCore.SwaggerUI.SwaggerUIMiddleware.Invoke(HttpContext httpContext)
   at Swashbuckle.AspNetCore.Swagger.SwaggerMiddleware.Invoke(HttpContext httpContext, ISwaggerProvider swaggerProvider)
   at Serilog.AspNetCore.RequestLoggingMiddleware.Invoke(HttpContext httpContext)
2026-08-13 14:31:22.799 +03:00 [ERR] An unhandled exception has occurred while executing the request.
System.Exception: Sysmond Stok oluşturulamadı. Hata: {"error":{"code":null,"message":"Sayfa işlenirken sunucu tarafında beklenmedik bir hata oluştu!","details":null,"data":null,"validationErrors":null}}
   at SysmondAx.Integration.Services.Stock.SysmondStockService.CreateStockAsync(SysmondStockRequest request) in /Users/yigit/RiderProjects/ECommerceManagement/integrations/SysmondAx.Integration/Services/Stock/SysmondStockService.cs:line 64
   at ECommerceManagement.Application.Services.ProductService.AddAsync(CreateProductDto dto) in /Users/yigit/RiderProjects/ECommerceManagement/src/ECommerceManagement.Application/Services/ProductService.cs:line 72
   at ECommerceManagement.Api.Controllers.SellerController.AddProduct(CreateProductDto dto) in /Users/yigit/RiderProjects/ECommerceManagement/src/ECommerceManagement.Api/Controllers/SellerController.cs:line 34
   at Microsoft.AspNetCore.Mvc.Infrastructure.ActionMethodExecutor.TaskOfIActionResultExecutor.Execute(ActionContext actionContext, IActionResultTypeMapper mapper, ObjectMethodExecutor executor, Object controller, Object[] arguments)
   at Microsoft.AspNetCore.Mvc.Infrastructure.ControllerActionInvoker.<InvokeActionMethodAsync>g__Awaited|12_0(ControllerActionInvoker invoker, ValueTask`1 actionResultValueTask)
   at Microsoft.AspNetCore.Mvc.Infrastructure.ControllerActionInvoker.<InvokeNextActionFilterAsync>g__Awaited|10_0(ControllerActionInvoker invoker, Task lastTask, State next, Scope scope, Object state, Boolean isCompleted)
   at Microsoft.AspNetCore.Mvc.Infrastructure.ControllerActionInvoker.Rethrow(ActionExecutedContextSealed context)
   at Microsoft.AspNetCore.Mvc.Infrastructure.ControllerActionInvoker.Next(State& next, Scope& scope, Object& state, Boolean& isCompleted)
   at Microsoft.AspNetCore.Mvc.Infrastructure.ControllerActionInvoker.<InvokeInnerFilterAsync>g__Awaited|13_0(ControllerActionInvoker invoker, Task lastTask, State next, Scope scope, Object state, Boolean isCompleted)
   at Microsoft.AspNetCore.Mvc.Infrastructure.ResourceInvoker.<InvokeFilterPipelineAsync>g__Awaited|20_0(ResourceInvoker invoker, Task lastTask, State next, Scope scope, Object state, Boolean isCompleted)
   at Microsoft.AspNetCore.Mvc.Infrastructure.ResourceInvoker.<InvokeAsync>g__Logged|17_1(ResourceInvoker invoker)
   at Microsoft.AspNetCore.Mvc.Infrastructure.ResourceInvoker.<InvokeAsync>g__Logged|17_1(ResourceInvoker invoker)
   at Microsoft.AspNetCore.Routing.EndpointMiddleware.<Invoke>g__AwaitRequestTask|7_0(Endpoint endpoint, Task requestTask, ILogger logger)
   at Microsoft.AspNetCore.Authorization.AuthorizationMiddleware.Invoke(HttpContext context)
   at Microsoft.AspNetCore.Authentication.AuthenticationMiddleware.Invoke(HttpContext context)
   at Swashbuckle.AspNetCore.SwaggerUI.SwaggerUIMiddleware.Invoke(HttpContext httpContext)
   at Swashbuckle.AspNetCore.Swagger.SwaggerMiddleware.Invoke(HttpContext httpContext, ISwaggerProvider swaggerProvider)
   at Serilog.AspNetCore.RequestLoggingMiddleware.Invoke(HttpContext httpContext)
   at Microsoft.AspNetCore.Diagnostics.DeveloperExceptionPageMiddlewareImpl.Invoke(HttpContext context)
2026-08-13 14:31:22.800 +03:00 [INF] Request finished HTTP/1.1 POST http://localhost:5275/api/Seller/products - 500 null text/plain; charset=utf-8 232.4646ms
2026-08-13 14:38:21.198 +03:00 [INF] Application is shutting down...
2026-08-13 14:38:25.594 +03:00 [INF] Executed DbCommand (13ms) [Parameters=[], CommandType='"Text"', CommandTimeout='30']
SELECT CASE
    WHEN EXISTS (
        SELECT 1
        FROM [Users] AS [u]
        WHERE [u].[Email] = N'superadmin@sistem.com') THEN CAST(1 AS bit)
    ELSE CAST(0 AS bit)
END
2026-08-13 14:38:25.617 +03:00 [INF] Executed DbCommand (2ms) [Parameters=[], CommandType='"Text"', CommandTimeout='30']
SELECT CASE
    WHEN EXISTS (
        SELECT 1
        FROM [Users] AS [u]
        WHERE [u].[Email] = N'admin@sistem.com') THEN CAST(1 AS bit)
    ELSE CAST(0 AS bit)
END
2026-08-13 14:38:25.621 +03:00 [INF] User profile is available. Using '/Users/yigit/.aspnet/DataProtection-Keys' as key repository; keys will not be encrypted at rest.
2026-08-13 14:38:25.640 +03:00 [INF] Now listening on: http://localhost:5275
2026-08-13 14:38:25.641 +03:00 [INF] Application started. Press Ctrl+C to shut down.
2026-08-13 14:38:25.641 +03:00 [INF] Hosting environment: Development
2026-08-13 14:38:25.641 +03:00 [INF] Content root path: /Users/yigit/RiderProjects/ECommerceManagement/src/ECommerceManagement.Api
2026-08-13 14:38:36.247 +03:00 [INF] Request starting HTTP/1.1 GET http://localhost:5275/index.html - null null
2026-08-13 14:38:36.299 +03:00 [INF] HTTP GET /index.html responded 200 in 38.5009 ms
2026-08-13 14:38:36.300 +03:00 [INF] Request finished HTTP/1.1 GET http://localhost:5275/index.html - 200 null text/html;charset=utf-8 53.9225ms
2026-08-13 14:38:36.795 +03:00 [INF] Request starting HTTP/1.1 GET http://localhost:5275/swagger/v1/swagger.json - null null
2026-08-13 14:38:36.846 +03:00 [INF] HTTP GET /swagger/v1/swagger.json responded 200 in 49.7680 ms
2026-08-13 14:38:36.846 +03:00 [INF] Request finished HTTP/1.1 GET http://localhost:5275/swagger/v1/swagger.json - 200 null application/json;charset=utf-8 50.827ms
2026-08-13 14:39:00.965 +03:00 [INF] Request starting HTTP/1.1 POST http://localhost:5275/api/Seller/products - application/json 129
2026-08-13 14:39:00.967 +03:00 [WRN] Failed to determine the https port for redirect.
2026-08-13 14:39:01.020 +03:00 [INF] Executing endpoint 'ECommerceManagement.Api.Controllers.SellerController.AddProduct (ECommerceManagement.Api)'
2026-08-13 14:39:01.028 +03:00 [INF] Route matched with {action = "AddProduct", controller = "Seller"}. Executing controller action with signature System.Threading.Tasks.Task`1[Microsoft.AspNetCore.Mvc.IActionResult] AddProduct(ECommerceManagement.Application.DTOs.Catalog.CreateProductDto) on controller ECommerceManagement.Api.Controllers.SellerController (ECommerceManagement.Api).
2026-08-13 14:39:01.057 +03:00 [WRN] You do not have a valid license key for the Lucky Penny software AutoMapper. This is allowed for development and testing scenarios. If you are running in production you are required to have a licensed version. Please visit https://luckypennysoftware.com to obtain a valid license.
2026-08-13 14:39:01.817 +03:00 [INF] Executed action ECommerceManagement.Api.Controllers.SellerController.AddProduct (ECommerceManagement.Api) in 786.3486ms
2026-08-13 14:39:01.818 +03:00 [INF] Executed endpoint 'ECommerceManagement.Api.Controllers.SellerController.AddProduct (ECommerceManagement.Api)'
2026-08-13 14:39:01.819 +03:00 [ERR] HTTP POST /api/Seller/products responded 500 in 852.8554 ms
System.Exception: Sysmond Stok oluşturulamadı. Hata: {"error":{"code":null,"message":"Sayfa işlenirken sunucu tarafında beklenmedik bir hata oluştu!","details":null,"data":null,"validationErrors":null}}
   at SysmondAx.Integration.Services.Stock.SysmondStockService.CreateStockAsync(SysmondStockRequest request) in /Users/yigit/RiderProjects/ECommerceManagement/integrations/SysmondAx.Integration/Services/Stock/SysmondStockService.cs:line 64
   at ECommerceManagement.Application.Services.ProductService.AddAsync(CreateProductDto dto) in /Users/yigit/RiderProjects/ECommerceManagement/src/ECommerceManagement.Application/Services/ProductService.cs:line 72
   at ECommerceManagement.Api.Controllers.SellerController.AddProduct(CreateProductDto dto) in /Users/yigit/RiderProjects/ECommerceManagement/src/ECommerceManagement.Api/Controllers/SellerController.cs:line 34
   at Microsoft.AspNetCore.Mvc.Infrastructure.ActionMethodExecutor.TaskOfIActionResultExecutor.Execute(ActionContext actionContext, IActionResultTypeMapper mapper, ObjectMethodExecutor executor, Object controller, Object[] arguments)
   at Microsoft.AspNetCore.Mvc.Infrastructure.ControllerActionInvoker.<InvokeActionMethodAsync>g__Awaited|12_0(ControllerActionInvoker invoker, ValueTask`1 actionResultValueTask)
   at Microsoft.AspNetCore.Mvc.Infrastructure.ControllerActionInvoker.<InvokeNextActionFilterAsync>g__Awaited|10_0(ControllerActionInvoker invoker, Task lastTask, State next, Scope scope, Object state, Boolean isCompleted)
   at Microsoft.AspNetCore.Mvc.Infrastructure.ControllerActionInvoker.Rethrow(ActionExecutedContextSealed context)
   at Microsoft.AspNetCore.Mvc.Infrastructure.ControllerActionInvoker.Next(State& next, Scope& scope, Object& state, Boolean& isCompleted)
   at Microsoft.AspNetCore.Mvc.Infrastructure.ControllerActionInvoker.<InvokeInnerFilterAsync>g__Awaited|13_0(ControllerActionInvoker invoker, Task lastTask, State next, Scope scope, Object state, Boolean isCompleted)
   at Microsoft.AspNetCore.Mvc.Infrastructure.ResourceInvoker.<InvokeFilterPipelineAsync>g__Awaited|20_0(ResourceInvoker invoker, Task lastTask, State next, Scope scope, Object state, Boolean isCompleted)
   at Microsoft.AspNetCore.Mvc.Infrastructure.ResourceInvoker.<InvokeAsync>g__Logged|17_1(ResourceInvoker invoker)
   at Microsoft.AspNetCore.Mvc.Infrastructure.ResourceInvoker.<InvokeAsync>g__Logged|17_1(ResourceInvoker invoker)
   at Microsoft.AspNetCore.Routing.EndpointMiddleware.<Invoke>g__AwaitRequestTask|7_0(Endpoint endpoint, Task requestTask, ILogger logger)
   at Microsoft.AspNetCore.Authorization.AuthorizationMiddleware.Invoke(HttpContext context)
   at Microsoft.AspNetCore.Authentication.AuthenticationMiddleware.Invoke(HttpContext context)
   at Swashbuckle.AspNetCore.SwaggerUI.SwaggerUIMiddleware.Invoke(HttpContext httpContext)
   at Swashbuckle.AspNetCore.Swagger.SwaggerMiddleware.Invoke(HttpContext httpContext, ISwaggerProvider swaggerProvider)
   at Serilog.AspNetCore.RequestLoggingMiddleware.Invoke(HttpContext httpContext)
2026-08-13 14:39:01.831 +03:00 [ERR] An unhandled exception has occurred while executing the request.
System.Exception: Sysmond Stok oluşturulamadı. Hata: {"error":{"code":null,"message":"Sayfa işlenirken sunucu tarafında beklenmedik bir hata oluştu!","details":null,"data":null,"validationErrors":null}}
   at SysmondAx.Integration.Services.Stock.SysmondStockService.CreateStockAsync(SysmondStockRequest request) in /Users/yigit/RiderProjects/ECommerceManagement/integrations/SysmondAx.Integration/Services/Stock/SysmondStockService.cs:line 64
   at ECommerceManagement.Application.Services.ProductService.AddAsync(CreateProductDto dto) in /Users/yigit/RiderProjects/ECommerceManagement/src/ECommerceManagement.Application/Services/ProductService.cs:line 72
   at ECommerceManagement.Api.Controllers.SellerController.AddProduct(CreateProductDto dto) in /Users/yigit/RiderProjects/ECommerceManagement/src/ECommerceManagement.Api/Controllers/SellerController.cs:line 34
   at Microsoft.AspNetCore.Mvc.Infrastructure.ActionMethodExecutor.TaskOfIActionResultExecutor.Execute(ActionContext actionContext, IActionResultTypeMapper mapper, ObjectMethodExecutor executor, Object controller, Object[] arguments)
   at Microsoft.AspNetCore.Mvc.Infrastructure.ControllerActionInvoker.<InvokeActionMethodAsync>g__Awaited|12_0(ControllerActionInvoker invoker, ValueTask`1 actionResultValueTask)
   at Microsoft.AspNetCore.Mvc.Infrastructure.ControllerActionInvoker.<InvokeNextActionFilterAsync>g__Awaited|10_0(ControllerActionInvoker invoker, Task lastTask, State next, Scope scope, Object state, Boolean isCompleted)
   at Microsoft.AspNetCore.Mvc.Infrastructure.ControllerActionInvoker.Rethrow(ActionExecutedContextSealed context)
   at Microsoft.AspNetCore.Mvc.Infrastructure.ControllerActionInvoker.Next(State& next, Scope& scope, Object& state, Boolean& isCompleted)
   at Microsoft.AspNetCore.Mvc.Infrastructure.ControllerActionInvoker.<InvokeInnerFilterAsync>g__Awaited|13_0(ControllerActionInvoker invoker, Task lastTask, State next, Scope scope, Object state, Boolean isCompleted)
   at Microsoft.AspNetCore.Mvc.Infrastructure.ResourceInvoker.<InvokeFilterPipelineAsync>g__Awaited|20_0(ResourceInvoker invoker, Task lastTask, State next, Scope scope, Object state, Boolean isCompleted)
   at Microsoft.AspNetCore.Mvc.Infrastructure.ResourceInvoker.<InvokeAsync>g__Logged|17_1(ResourceInvoker invoker)
   at Microsoft.AspNetCore.Mvc.Infrastructure.ResourceInvoker.<InvokeAsync>g__Logged|17_1(ResourceInvoker invoker)
   at Microsoft.AspNetCore.Routing.EndpointMiddleware.<Invoke>g__AwaitRequestTask|7_0(Endpoint endpoint, Task requestTask, ILogger logger)
   at Microsoft.AspNetCore.Authorization.AuthorizationMiddleware.Invoke(HttpContext context)
   at Microsoft.AspNetCore.Authentication.AuthenticationMiddleware.Invoke(HttpContext context)
   at Swashbuckle.AspNetCore.SwaggerUI.SwaggerUIMiddleware.Invoke(HttpContext httpContext)
   at Swashbuckle.AspNetCore.Swagger.SwaggerMiddleware.Invoke(HttpContext httpContext, ISwaggerProvider swaggerProvider)
   at Serilog.AspNetCore.RequestLoggingMiddleware.Invoke(HttpContext httpContext)
   at Microsoft.AspNetCore.Diagnostics.DeveloperExceptionPageMiddlewareImpl.Invoke(HttpContext context)
2026-08-13 14:39:01.835 +03:00 [INF] Request finished HTTP/1.1 POST http://localhost:5275/api/Seller/products - 500 null text/plain; charset=utf-8 869.8325ms
2026-08-13 14:42:04.515 +03:00 [INF] Application is shutting down...
2026-08-13 14:42:07.859 +03:00 [INF] Executed DbCommand (13ms) [Parameters=[], CommandType='"Text"', CommandTimeout='30']
SELECT CASE
    WHEN EXISTS (
        SELECT 1
        FROM [Users] AS [u]
        WHERE [u].[Email] = N'superadmin@sistem.com') THEN CAST(1 AS bit)
    ELSE CAST(0 AS bit)
END
2026-08-13 14:42:07.880 +03:00 [INF] Executed DbCommand (2ms) [Parameters=[], CommandType='"Text"', CommandTimeout='30']
SELECT CASE
    WHEN EXISTS (
        SELECT 1
        FROM [Users] AS [u]
        WHERE [u].[Email] = N'admin@sistem.com') THEN CAST(1 AS bit)
    ELSE CAST(0 AS bit)
END
2026-08-13 14:42:07.884 +03:00 [INF] User profile is available. Using '/Users/yigit/.aspnet/DataProtection-Keys' as key repository; keys will not be encrypted at rest.
2026-08-13 14:42:07.898 +03:00 [INF] Now listening on: http://localhost:5275
2026-08-13 14:42:07.898 +03:00 [INF] Application started. Press Ctrl+C to shut down.
2026-08-13 14:42:07.899 +03:00 [INF] Hosting environment: Development
2026-08-13 14:42:07.899 +03:00 [INF] Content root path: /Users/yigit/RiderProjects/ECommerceManagement/src/ECommerceManagement.Api
2026-08-13 14:42:13.826 +03:00 [INF] Request starting HTTP/1.1 POST http://localhost:5275/api/Seller/products - application/json 129
2026-08-13 14:42:13.845 +03:00 [WRN] Failed to determine the https port for redirect.
2026-08-13 14:42:13.873 +03:00 [INF] Executing endpoint 'ECommerceManagement.Api.Controllers.SellerController.AddProduct (ECommerceManagement.Api)'
2026-08-13 14:42:13.879 +03:00 [INF] Route matched with {action = "AddProduct", controller = "Seller"}. Executing controller action with signature System.Threading.Tasks.Task`1[Microsoft.AspNetCore.Mvc.IActionResult] AddProduct(ECommerceManagement.Application.DTOs.Catalog.CreateProductDto) on controller ECommerceManagement.Api.Controllers.SellerController (ECommerceManagement.Api).
2026-08-13 14:42:13.905 +03:00 [WRN] You do not have a valid license key for the Lucky Penny software AutoMapper. This is allowed for development and testing scenarios. If you are running in production you are required to have a licensed version. Please visit https://luckypennysoftware.com to obtain a valid license.
2026-08-13 14:42:14.410 +03:00 [INF] Executed DbCommand (35ms) [Parameters=[@p='?' (DbType = Int32)], CommandType='"Text"', CommandTimeout='30']
SELECT TOP(1) [w].[Id], [w].[CreatedAt], [w].[IsActive], [w].[Location], [w].[Name], [w].[SysmondId]
FROM [Warehouses] AS [w]
WHERE [w].[Id] = @p
2026-08-13 14:42:14.659 +03:00 [INF] Executed action ECommerceManagement.Api.Controllers.SellerController.AddProduct (ECommerceManagement.Api) in 775.9899ms
2026-08-13 14:42:14.660 +03:00 [INF] Executed endpoint 'ECommerceManagement.Api.Controllers.SellerController.AddProduct (ECommerceManagement.Api)'
2026-08-13 14:42:14.664 +03:00 [ERR] HTTP POST /api/Seller/products responded 500 in 825.8981 ms
System.Exception: Sysmond Stok Fişi oluşturulamadı. Hata: {"error":{"code":null,"message":"İşleminiz geçerli değil!","details":"Aşağıdaki hatalar doğrulama sırasında tespit edilmiştir.\r\n - The JSON value could not be converted to System.Guid. Path: $.companyPeriodId | LineNumber: 0 | BytePositionInLine: 36.\r\n","data":null,"validationErrors":[{"message":"The JSON value could not be converted to System.Guid. Path: $.companyPeriodId | LineNumber: 0 | BytePositionInLine: 36.","members":["$.companyPeriodId"]}]}}
   at SysmondAx.Integration.Services.Stock.SysmondStockService.CreateStockReceiptAsync(Guid warehouseId, String description) in /Users/yigit/RiderProjects/ECommerceManagement/integrations/SysmondAx.Integration/Services/Stock/SysmondStockService.cs:line 108
   at ECommerceManagement.Application.Services.ProductService.AddAsync(CreateProductDto dto) in /Users/yigit/RiderProjects/ECommerceManagement/src/ECommerceManagement.Application/Services/ProductService.cs:line 93
   at ECommerceManagement.Api.Controllers.SellerController.AddProduct(CreateProductDto dto) in /Users/yigit/RiderProjects/ECommerceManagement/src/ECommerceManagement.Api/Controllers/SellerController.cs:line 34
   at Microsoft.AspNetCore.Mvc.Infrastructure.ActionMethodExecutor.TaskOfIActionResultExecutor.Execute(ActionContext actionContext, IActionResultTypeMapper mapper, ObjectMethodExecutor executor, Object controller, Object[] arguments)
   at Microsoft.AspNetCore.Mvc.Infrastructure.ControllerActionInvoker.<InvokeActionMethodAsync>g__Awaited|12_0(ControllerActionInvoker invoker, ValueTask`1 actionResultValueTask)
   at Microsoft.AspNetCore.Mvc.Infrastructure.ControllerActionInvoker.<InvokeNextActionFilterAsync>g__Awaited|10_0(ControllerActionInvoker invoker, Task lastTask, State next, Scope scope, Object state, Boolean isCompleted)
   at Microsoft.AspNetCore.Mvc.Infrastructure.ControllerActionInvoker.Rethrow(ActionExecutedContextSealed context)
   at Microsoft.AspNetCore.Mvc.Infrastructure.ControllerActionInvoker.Next(State& next, Scope& scope, Object& state, Boolean& isCompleted)
   at Microsoft.AspNetCore.Mvc.Infrastructure.ControllerActionInvoker.<InvokeInnerFilterAsync>g__Awaited|13_0(ControllerActionInvoker invoker, Task lastTask, State next, Scope scope, Object state, Boolean isCompleted)
   at Microsoft.AspNetCore.Mvc.Infrastructure.ResourceInvoker.<InvokeFilterPipelineAsync>g__Awaited|20_0(ResourceInvoker invoker, Task lastTask, State next, Scope scope, Object state, Boolean isCompleted)
   at Microsoft.AspNetCore.Mvc.Infrastructure.ResourceInvoker.<InvokeAsync>g__Logged|17_1(ResourceInvoker invoker)
   at Microsoft.AspNetCore.Mvc.Infrastructure.ResourceInvoker.<InvokeAsync>g__Logged|17_1(ResourceInvoker invoker)
   at Microsoft.AspNetCore.Routing.EndpointMiddleware.<Invoke>g__AwaitRequestTask|7_0(Endpoint endpoint, Task requestTask, ILogger logger)
   at Microsoft.AspNetCore.Authorization.AuthorizationMiddleware.Invoke(HttpContext context)
   at Microsoft.AspNetCore.Authentication.AuthenticationMiddleware.Invoke(HttpContext context)
   at Swashbuckle.AspNetCore.SwaggerUI.SwaggerUIMiddleware.Invoke(HttpContext httpContext)
   at Swashbuckle.AspNetCore.Swagger.SwaggerMiddleware.Invoke(HttpContext httpContext, ISwaggerProvider swaggerProvider)
   at Serilog.AspNetCore.RequestLoggingMiddleware.Invoke(HttpContext httpContext)
2026-08-13 14:42:14.676 +03:00 [ERR] An unhandled exception has occurred while executing the request.
System.Exception: Sysmond Stok Fişi oluşturulamadı. Hata: {"error":{"code":null,"message":"İşleminiz geçerli değil!","details":"Aşağıdaki hatalar doğrulama sırasında tespit edilmiştir.\r\n - The JSON value could not be converted to System.Guid. Path: $.companyPeriodId | LineNumber: 0 | BytePositionInLine: 36.\r\n","data":null,"validationErrors":[{"message":"The JSON value could not be converted to System.Guid. Path: $.companyPeriodId | LineNumber: 0 | BytePositionInLine: 36.","members":["$.companyPeriodId"]}]}}
   at SysmondAx.Integration.Services.Stock.SysmondStockService.CreateStockReceiptAsync(Guid warehouseId, String description) in /Users/yigit/RiderProjects/ECommerceManagement/integrations/SysmondAx.Integration/Services/Stock/SysmondStockService.cs:line 108
   at ECommerceManagement.Application.Services.ProductService.AddAsync(CreateProductDto dto) in /Users/yigit/RiderProjects/ECommerceManagement/src/ECommerceManagement.Application/Services/ProductService.cs:line 93
   at ECommerceManagement.Api.Controllers.SellerController.AddProduct(CreateProductDto dto) in /Users/yigit/RiderProjects/ECommerceManagement/src/ECommerceManagement.Api/Controllers/SellerController.cs:line 34
   at Microsoft.AspNetCore.Mvc.Infrastructure.ActionMethodExecutor.TaskOfIActionResultExecutor.Execute(ActionContext actionContext, IActionResultTypeMapper mapper, ObjectMethodExecutor executor, Object controller, Object[] arguments)
   at Microsoft.AspNetCore.Mvc.Infrastructure.ControllerActionInvoker.<InvokeActionMethodAsync>g__Awaited|12_0(ControllerActionInvoker invoker, ValueTask`1 actionResultValueTask)
   at Microsoft.AspNetCore.Mvc.Infrastructure.ControllerActionInvoker.<InvokeNextActionFilterAsync>g__Awaited|10_0(ControllerActionInvoker invoker, Task lastTask, State next, Scope scope, Object state, Boolean isCompleted)
   at Microsoft.AspNetCore.Mvc.Infrastructure.ControllerActionInvoker.Rethrow(ActionExecutedContextSealed context)
   at Microsoft.AspNetCore.Mvc.Infrastructure.ControllerActionInvoker.Next(State& next, Scope& scope, Object& state, Boolean& isCompleted)
   at Microsoft.AspNetCore.Mvc.Infrastructure.ControllerActionInvoker.<InvokeInnerFilterAsync>g__Awaited|13_0(ControllerActionInvoker invoker, Task lastTask, State next, Scope scope, Object state, Boolean isCompleted)
   at Microsoft.AspNetCore.Mvc.Infrastructure.ResourceInvoker.<InvokeFilterPipelineAsync>g__Awaited|20_0(ResourceInvoker invoker, Task lastTask, State next, Scope scope, Object state, Boolean isCompleted)
   at Microsoft.AspNetCore.Mvc.Infrastructure.ResourceInvoker.<InvokeAsync>g__Logged|17_1(ResourceInvoker invoker)
   at Microsoft.AspNetCore.Mvc.Infrastructure.ResourceInvoker.<InvokeAsync>g__Logged|17_1(ResourceInvoker invoker)
   at Microsoft.AspNetCore.Routing.EndpointMiddleware.<Invoke>g__AwaitRequestTask|7_0(Endpoint endpoint, Task requestTask, ILogger logger)
   at Microsoft.AspNetCore.Authorization.AuthorizationMiddleware.Invoke(HttpContext context)
   at Microsoft.AspNetCore.Authentication.AuthenticationMiddleware.Invoke(HttpContext context)
   at Swashbuckle.AspNetCore.SwaggerUI.SwaggerUIMiddleware.Invoke(HttpContext httpContext)
   at Swashbuckle.AspNetCore.Swagger.SwaggerMiddleware.Invoke(HttpContext httpContext, ISwaggerProvider swaggerProvider)
   at Serilog.AspNetCore.RequestLoggingMiddleware.Invoke(HttpContext httpContext)
   at Microsoft.AspNetCore.Diagnostics.DeveloperExceptionPageMiddlewareImpl.Invoke(HttpContext context)
2026-08-13 14:42:14.686 +03:00 [INF] Request finished HTTP/1.1 POST http://localhost:5275/api/Seller/products - 500 null text/plain; charset=utf-8 860.797ms
2026-08-13 14:42:31.920 +03:00 [INF] Request starting HTTP/1.1 GET http://localhost:5275/index.html - null null
2026-08-13 14:42:31.960 +03:00 [INF] HTTP GET /index.html responded 200 in 37.4442 ms
2026-08-13 14:42:31.960 +03:00 [INF] Request finished HTTP/1.1 GET http://localhost:5275/index.html - 200 null text/html;charset=utf-8 40.765ms
2026-08-13 14:42:32.043 +03:00 [INF] Request starting HTTP/1.1 GET http://localhost:5275/swagger/v1/swagger.json - null null
2026-08-13 14:42:32.088 +03:00 [INF] HTTP GET /swagger/v1/swagger.json responded 200 in 45.2555 ms
2026-08-13 14:42:32.088 +03:00 [INF] Request finished HTTP/1.1 GET http://localhost:5275/swagger/v1/swagger.json - 200 null application/json;charset=utf-8 45.7367ms
2026-08-13 14:42:48.055 +03:00 [INF] Request starting HTTP/1.1 POST http://localhost:5275/api/Auth/login - application/json 62
2026-08-13 14:42:48.063 +03:00 [INF] Executing endpoint 'ECommerceManagement.Api.Controllers.AuthController.Login (ECommerceManagement.Api)'
2026-08-13 14:42:48.071 +03:00 [INF] Route matched with {action = "Login", controller = "Auth"}. Executing controller action with signature System.Threading.Tasks.Task`1[Microsoft.AspNetCore.Mvc.IActionResult] Login(ECommerceManagement.Application.DTOs.Auth.LoginDto) on controller ECommerceManagement.Api.Controllers.AuthController (ECommerceManagement.Api).
2026-08-13 14:42:48.129 +03:00 [INF] Executed DbCommand (5ms) [Parameters=[@dto_Email='?' (Size = 450)], CommandType='"Text"', CommandTimeout='30']
SELECT TOP(1) [u].[Id], [u].[CreatedAt], [u].[Email], [u].[IsActive], [u].[PasswordHash], [u].[RefreshToken], [u].[RefreshTokenExpiresAt], [u].[Username]
FROM [Users] AS [u]
WHERE [u].[Email] = @dto_Email
2026-08-13 14:42:48.180 +03:00 [INF] Executed DbCommand (3ms) [Parameters=[@user_Id='?' (DbType = Int32)], CommandType='"Text"', CommandTimeout='30']
SELECT [u].[UserId], [u].[RoleId]
FROM [UserRoles] AS [u]
WHERE [u].[UserId] = @user_Id
2026-08-13 14:42:48.199 +03:00 [INF] Executed DbCommand (3ms) [Parameters=[@roleIds1='?' (DbType = Int32)], CommandType='"Text"', CommandTimeout='30']
SELECT [r].[Id], [r].[CreatedAt], [r].[Name]
FROM [Roles] AS [r]
WHERE [r].[Id] = @roleIds1
2026-08-13 14:42:48.240 +03:00 [INF] Executed DbCommand (8ms) [Parameters=[@p7='?' (DbType = Int32), @p0='?' (DbType = DateTime2), @p1='?' (Size = 450), @p2='?' (DbType = Boolean), @p3='?' (Size = 4000), @p4='?' (Size = 4000), @p5='?' (DbType = DateTime2), @p6='?' (Size = 4000)], CommandType='"Text"', CommandTimeout='30']
SET IMPLICIT_TRANSACTIONS OFF;
SET NOCOUNT ON;
UPDATE [Users] SET [CreatedAt] = @p0, [Email] = @p1, [IsActive] = @p2, [PasswordHash] = @p3, [RefreshToken] = @p4, [RefreshTokenExpiresAt] = @p5, [Username] = @p6
OUTPUT 1
WHERE [Id] = @p7;
2026-08-13 14:42:48.243 +03:00 [INF] Executing OkObjectResult, writing value of type 'ECommerceManagement.Application.DTOs.Auth.TokenResponseDto'.
2026-08-13 14:42:48.245 +03:00 [INF] Executed action ECommerceManagement.Api.Controllers.AuthController.Login (ECommerceManagement.Api) in 173.0757ms
2026-08-13 14:42:48.245 +03:00 [INF] Executed endpoint 'ECommerceManagement.Api.Controllers.AuthController.Login (ECommerceManagement.Api)'
2026-08-13 14:42:48.245 +03:00 [INF] HTTP POST /api/Auth/login responded 200 in 187.7058 ms
2026-08-13 14:42:48.245 +03:00 [INF] Request finished HTTP/1.1 POST http://localhost:5275/api/Auth/login - 200 null application/json; charset=utf-8 189.5392ms
2026-08-13 14:43:18.949 +03:00 [INF] Request starting HTTP/1.1 POST http://localhost:5275/api/Seller/products - application/json 129
2026-08-13 14:43:18.955 +03:00 [INF] Executing endpoint 'ECommerceManagement.Api.Controllers.SellerController.AddProduct (ECommerceManagement.Api)'
2026-08-13 14:43:18.955 +03:00 [INF] Route matched with {action = "AddProduct", controller = "Seller"}. Executing controller action with signature System.Threading.Tasks.Task`1[Microsoft.AspNetCore.Mvc.IActionResult] AddProduct(ECommerceManagement.Application.DTOs.Catalog.CreateProductDto) on controller ECommerceManagement.Api.Controllers.SellerController (ECommerceManagement.Api).
2026-08-13 14:43:19.258 +03:00 [INF] Executed action ECommerceManagement.Api.Controllers.SellerController.AddProduct (ECommerceManagement.Api) in 303.028ms
2026-08-13 14:43:19.259 +03:00 [INF] Executed endpoint 'ECommerceManagement.Api.Controllers.SellerController.AddProduct (ECommerceManagement.Api)'
2026-08-13 14:43:19.260 +03:00 [ERR] HTTP POST /api/Seller/products responded 500 in 310.3732 ms
System.Exception: Sysmond Stok oluşturulamadı. Hata: {"error":{"code":"Sysmond.Error:25016","message":"Belirtilen isimde bir stok zaten tanımlı. string","details":null,"data":{"Name":"string"},"validationErrors":null}}
   at SysmondAx.Integration.Services.Stock.SysmondStockService.CreateStockAsync(SysmondStockRequest request) in /Users/yigit/RiderProjects/ECommerceManagement/integrations/SysmondAx.Integration/Services/Stock/SysmondStockService.cs:line 64
   at ECommerceManagement.Application.Services.ProductService.AddAsync(CreateProductDto dto) in /Users/yigit/RiderProjects/ECommerceManagement/src/ECommerceManagement.Application/Services/ProductService.cs:line 72
   at ECommerceManagement.Api.Controllers.SellerController.AddProduct(CreateProductDto dto) in /Users/yigit/RiderProjects/ECommerceManagement/src/ECommerceManagement.Api/Controllers/SellerController.cs:line 34
   at Microsoft.AspNetCore.Mvc.Infrastructure.ActionMethodExecutor.TaskOfIActionResultExecutor.Execute(ActionContext actionContext, IActionResultTypeMapper mapper, ObjectMethodExecutor executor, Object controller, Object[] arguments)
   at Microsoft.AspNetCore.Mvc.Infrastructure.ControllerActionInvoker.<InvokeActionMethodAsync>g__Awaited|12_0(ControllerActionInvoker invoker, ValueTask`1 actionResultValueTask)
   at Microsoft.AspNetCore.Mvc.Infrastructure.ControllerActionInvoker.<InvokeNextActionFilterAsync>g__Awaited|10_0(ControllerActionInvoker invoker, Task lastTask, State next, Scope scope, Object state, Boolean isCompleted)
   at Microsoft.AspNetCore.Mvc.Infrastructure.ControllerActionInvoker.Rethrow(ActionExecutedContextSealed context)
   at Microsoft.AspNetCore.Mvc.Infrastructure.ControllerActionInvoker.Next(State& next, Scope& scope, Object& state, Boolean& isCompleted)
   at Microsoft.AspNetCore.Mvc.Infrastructure.ControllerActionInvoker.<InvokeInnerFilterAsync>g__Awaited|13_0(ControllerActionInvoker invoker, Task lastTask, State next, Scope scope, Object state, Boolean isCompleted)
   at Microsoft.AspNetCore.Mvc.Infrastructure.ResourceInvoker.<InvokeFilterPipelineAsync>g__Awaited|20_0(ResourceInvoker invoker, Task lastTask, State next, Scope scope, Object state, Boolean isCompleted)
   at Microsoft.AspNetCore.Mvc.Infrastructure.ResourceInvoker.<InvokeAsync>g__Logged|17_1(ResourceInvoker invoker)
   at Microsoft.AspNetCore.Mvc.Infrastructure.ResourceInvoker.<InvokeAsync>g__Logged|17_1(ResourceInvoker invoker)
   at Microsoft.AspNetCore.Routing.EndpointMiddleware.<Invoke>g__AwaitRequestTask|7_0(Endpoint endpoint, Task requestTask, ILogger logger)
   at Microsoft.AspNetCore.Authorization.AuthorizationMiddleware.Invoke(HttpContext context)
   at Microsoft.AspNetCore.Authentication.AuthenticationMiddleware.Invoke(HttpContext context)
   at Swashbuckle.AspNetCore.SwaggerUI.SwaggerUIMiddleware.Invoke(HttpContext httpContext)
   at Swashbuckle.AspNetCore.Swagger.SwaggerMiddleware.Invoke(HttpContext httpContext, ISwaggerProvider swaggerProvider)
   at Serilog.AspNetCore.RequestLoggingMiddleware.Invoke(HttpContext httpContext)
2026-08-13 14:43:19.262 +03:00 [ERR] An unhandled exception has occurred while executing the request.
System.Exception: Sysmond Stok oluşturulamadı. Hata: {"error":{"code":"Sysmond.Error:25016","message":"Belirtilen isimde bir stok zaten tanımlı. string","details":null,"data":{"Name":"string"},"validationErrors":null}}
   at SysmondAx.Integration.Services.Stock.SysmondStockService.CreateStockAsync(SysmondStockRequest request) in /Users/yigit/RiderProjects/ECommerceManagement/integrations/SysmondAx.Integration/Services/Stock/SysmondStockService.cs:line 64
   at ECommerceManagement.Application.Services.ProductService.AddAsync(CreateProductDto dto) in /Users/yigit/RiderProjects/ECommerceManagement/src/ECommerceManagement.Application/Services/ProductService.cs:line 72
   at ECommerceManagement.Api.Controllers.SellerController.AddProduct(CreateProductDto dto) in /Users/yigit/RiderProjects/ECommerceManagement/src/ECommerceManagement.Api/Controllers/SellerController.cs:line 34
   at Microsoft.AspNetCore.Mvc.Infrastructure.ActionMethodExecutor.TaskOfIActionResultExecutor.Execute(ActionContext actionContext, IActionResultTypeMapper mapper, ObjectMethodExecutor executor, Object controller, Object[] arguments)
   at Microsoft.AspNetCore.Mvc.Infrastructure.ControllerActionInvoker.<InvokeActionMethodAsync>g__Awaited|12_0(ControllerActionInvoker invoker, ValueTask`1 actionResultValueTask)
   at Microsoft.AspNetCore.Mvc.Infrastructure.ControllerActionInvoker.<InvokeNextActionFilterAsync>g__Awaited|10_0(ControllerActionInvoker invoker, Task lastTask, State next, Scope scope, Object state, Boolean isCompleted)
   at Microsoft.AspNetCore.Mvc.Infrastructure.ControllerActionInvoker.Rethrow(ActionExecutedContextSealed context)
   at Microsoft.AspNetCore.Mvc.Infrastructure.ControllerActionInvoker.Next(State& next, Scope& scope, Object& state, Boolean& isCompleted)
   at Microsoft.AspNetCore.Mvc.Infrastructure.ControllerActionInvoker.<InvokeInnerFilterAsync>g__Awaited|13_0(ControllerActionInvoker invoker, Task lastTask, State next, Scope scope, Object state, Boolean isCompleted)
   at Microsoft.AspNetCore.Mvc.Infrastructure.ResourceInvoker.<InvokeFilterPipelineAsync>g__Awaited|20_0(ResourceInvoker invoker, Task lastTask, State next, Scope scope, Object state, Boolean isCompleted)
   at Microsoft.AspNetCore.Mvc.Infrastructure.ResourceInvoker.<InvokeAsync>g__Logged|17_1(ResourceInvoker invoker)
   at Microsoft.AspNetCore.Mvc.Infrastructure.ResourceInvoker.<InvokeAsync>g__Logged|17_1(ResourceInvoker invoker)
   at Microsoft.AspNetCore.Routing.EndpointMiddleware.<Invoke>g__AwaitRequestTask|7_0(Endpoint endpoint, Task requestTask, ILogger logger)
   at Microsoft.AspNetCore.Authorization.AuthorizationMiddleware.Invoke(HttpContext context)
   at Microsoft.AspNetCore.Authentication.AuthenticationMiddleware.Invoke(HttpContext context)
   at Swashbuckle.AspNetCore.SwaggerUI.SwaggerUIMiddleware.Invoke(HttpContext httpContext)
   at Swashbuckle.AspNetCore.Swagger.SwaggerMiddleware.Invoke(HttpContext httpContext, ISwaggerProvider swaggerProvider)
   at Serilog.AspNetCore.RequestLoggingMiddleware.Invoke(HttpContext httpContext)
   at Microsoft.AspNetCore.Diagnostics.DeveloperExceptionPageMiddlewareImpl.Invoke(HttpContext context)
2026-08-13 14:43:19.267 +03:00 [INF] Request finished HTTP/1.1 POST http://localhost:5275/api/Seller/products - 500 null text/plain; charset=utf-8 318.1872ms
2026-08-13 14:43:33.967 +03:00 [INF] Request starting HTTP/1.1 POST http://localhost:5275/api/Seller/products - application/json 134
2026-08-13 14:43:33.969 +03:00 [INF] Executing endpoint 'ECommerceManagement.Api.Controllers.SellerController.AddProduct (ECommerceManagement.Api)'
2026-08-13 14:43:33.969 +03:00 [INF] Route matched with {action = "AddProduct", controller = "Seller"}. Executing controller action with signature System.Threading.Tasks.Task`1[Microsoft.AspNetCore.Mvc.IActionResult] AddProduct(ECommerceManagement.Application.DTOs.Catalog.CreateProductDto) on controller ECommerceManagement.Api.Controllers.SellerController (ECommerceManagement.Api).
2026-08-13 14:43:34.302 +03:00 [INF] Executed DbCommand (6ms) [Parameters=[@p='?' (DbType = Int32)], CommandType='"Text"', CommandTimeout='30']
SELECT TOP(1) [w].[Id], [w].[CreatedAt], [w].[IsActive], [w].[Location], [w].[Name], [w].[SysmondId]
FROM [Warehouses] AS [w]
WHERE [w].[Id] = @p
2026-08-13 14:43:34.430 +03:00 [INF] Executed action ECommerceManagement.Api.Controllers.SellerController.AddProduct (ECommerceManagement.Api) in 460.6686ms
2026-08-13 14:43:34.431 +03:00 [INF] Executed endpoint 'ECommerceManagement.Api.Controllers.SellerController.AddProduct (ECommerceManagement.Api)'
2026-08-13 14:43:34.431 +03:00 [ERR] HTTP POST /api/Seller/products responded 500 in 463.4238 ms
System.Exception: Sysmond Stok Fişi oluşturulamadı. Hata: {"error":{"code":null,"message":"İşleminiz geçerli değil!","details":"Aşağıdaki hatalar doğrulama sırasında tespit edilmiştir.\r\n - The JSON value could not be converted to System.Guid. Path: $.companyPeriodId | LineNumber: 0 | BytePositionInLine: 36.\r\n","data":null,"validationErrors":[{"message":"The JSON value could not be converted to System.Guid. Path: $.companyPeriodId | LineNumber: 0 | BytePositionInLine: 36.","members":["$.companyPeriodId"]}]}}
   at SysmondAx.Integration.Services.Stock.SysmondStockService.CreateStockReceiptAsync(Guid warehouseId, String description) in /Users/yigit/RiderProjects/ECommerceManagement/integrations/SysmondAx.Integration/Services/Stock/SysmondStockService.cs:line 108
   at ECommerceManagement.Application.Services.ProductService.AddAsync(CreateProductDto dto) in /Users/yigit/RiderProjects/ECommerceManagement/src/ECommerceManagement.Application/Services/ProductService.cs:line 93
   at ECommerceManagement.Api.Controllers.SellerController.AddProduct(CreateProductDto dto) in /Users/yigit/RiderProjects/ECommerceManagement/src/ECommerceManagement.Api/Controllers/SellerController.cs:line 34
   at Microsoft.AspNetCore.Mvc.Infrastructure.ActionMethodExecutor.TaskOfIActionResultExecutor.Execute(ActionContext actionContext, IActionResultTypeMapper mapper, ObjectMethodExecutor executor, Object controller, Object[] arguments)
   at Microsoft.AspNetCore.Mvc.Infrastructure.ControllerActionInvoker.<InvokeActionMethodAsync>g__Awaited|12_0(ControllerActionInvoker invoker, ValueTask`1 actionResultValueTask)
   at Microsoft.AspNetCore.Mvc.Infrastructure.ControllerActionInvoker.<InvokeNextActionFilterAsync>g__Awaited|10_0(ControllerActionInvoker invoker, Task lastTask, State next, Scope scope, Object state, Boolean isCompleted)
   at Microsoft.AspNetCore.Mvc.Infrastructure.ControllerActionInvoker.Rethrow(ActionExecutedContextSealed context)
   at Microsoft.AspNetCore.Mvc.Infrastructure.ControllerActionInvoker.Next(State& next, Scope& scope, Object& state, Boolean& isCompleted)
   at Microsoft.AspNetCore.Mvc.Infrastructure.ControllerActionInvoker.<InvokeInnerFilterAsync>g__Awaited|13_0(ControllerActionInvoker invoker, Task lastTask, State next, Scope scope, Object state, Boolean isCompleted)
   at Microsoft.AspNetCore.Mvc.Infrastructure.ResourceInvoker.<InvokeFilterPipelineAsync>g__Awaited|20_0(ResourceInvoker invoker, Task lastTask, State next, Scope scope, Object state, Boolean isCompleted)
   at Microsoft.AspNetCore.Mvc.Infrastructure.ResourceInvoker.<InvokeAsync>g__Logged|17_1(ResourceInvoker invoker)
   at Microsoft.AspNetCore.Mvc.Infrastructure.ResourceInvoker.<InvokeAsync>g__Logged|17_1(ResourceInvoker invoker)
   at Microsoft.AspNetCore.Routing.EndpointMiddleware.<Invoke>g__AwaitRequestTask|7_0(Endpoint endpoint, Task requestTask, ILogger logger)
   at Microsoft.AspNetCore.Authorization.AuthorizationMiddleware.Invoke(HttpContext context)
   at Microsoft.AspNetCore.Authentication.AuthenticationMiddleware.Invoke(HttpContext context)
   at Swashbuckle.AspNetCore.SwaggerUI.SwaggerUIMiddleware.Invoke(HttpContext httpContext)
   at Swashbuckle.AspNetCore.Swagger.SwaggerMiddleware.Invoke(HttpContext httpContext, ISwaggerProvider swaggerProvider)
   at Serilog.AspNetCore.RequestLoggingMiddleware.Invoke(HttpContext httpContext)
2026-08-13 14:43:34.433 +03:00 [ERR] An unhandled exception has occurred while executing the request.
System.Exception: Sysmond Stok Fişi oluşturulamadı. Hata: {"error":{"code":null,"message":"İşleminiz geçerli değil!","details":"Aşağıdaki hatalar doğrulama sırasında tespit edilmiştir.\r\n - The JSON value could not be converted to System.Guid. Path: $.companyPeriodId | LineNumber: 0 | BytePositionInLine: 36.\r\n","data":null,"validationErrors":[{"message":"The JSON value could not be converted to System.Guid. Path: $.companyPeriodId | LineNumber: 0 | BytePositionInLine: 36.","members":["$.companyPeriodId"]}]}}
   at SysmondAx.Integration.Services.Stock.SysmondStockService.CreateStockReceiptAsync(Guid warehouseId, String description) in /Users/yigit/RiderProjects/ECommerceManagement/integrations/SysmondAx.Integration/Services/Stock/SysmondStockService.cs:line 108
   at ECommerceManagement.Application.Services.ProductService.AddAsync(CreateProductDto dto) in /Users/yigit/RiderProjects/ECommerceManagement/src/ECommerceManagement.Application/Services/ProductService.cs:line 93
   at ECommerceManagement.Api.Controllers.SellerController.AddProduct(CreateProductDto dto) in /Users/yigit/RiderProjects/ECommerceManagement/src/ECommerceManagement.Api/Controllers/SellerController.cs:line 34
   at Microsoft.AspNetCore.Mvc.Infrastructure.ActionMethodExecutor.TaskOfIActionResultExecutor.Execute(ActionContext actionContext, IActionResultTypeMapper mapper, ObjectMethodExecutor executor, Object controller, Object[] arguments)
   at Microsoft.AspNetCore.Mvc.Infrastructure.ControllerActionInvoker.<InvokeActionMethodAsync>g__Awaited|12_0(ControllerActionInvoker invoker, ValueTask`1 actionResultValueTask)
   at Microsoft.AspNetCore.Mvc.Infrastructure.ControllerActionInvoker.<InvokeNextActionFilterAsync>g__Awaited|10_0(ControllerActionInvoker invoker, Task lastTask, State next, Scope scope, Object state, Boolean isCompleted)
   at Microsoft.AspNetCore.Mvc.Infrastructure.ControllerActionInvoker.Rethrow(ActionExecutedContextSealed context)
   at Microsoft.AspNetCore.Mvc.Infrastructure.ControllerActionInvoker.Next(State& next, Scope& scope, Object& state, Boolean& isCompleted)
   at Microsoft.AspNetCore.Mvc.Infrastructure.ControllerActionInvoker.<InvokeInnerFilterAsync>g__Awaited|13_0(ControllerActionInvoker invoker, Task lastTask, State next, Scope scope, Object state, Boolean isCompleted)
   at Microsoft.AspNetCore.Mvc.Infrastructure.ResourceInvoker.<InvokeFilterPipelineAsync>g__Awaited|20_0(ResourceInvoker invoker, Task lastTask, State next, Scope scope, Object state, Boolean isCompleted)
   at Microsoft.AspNetCore.Mvc.Infrastructure.ResourceInvoker.<InvokeAsync>g__Logged|17_1(ResourceInvoker invoker)
   at Microsoft.AspNetCore.Mvc.Infrastructure.ResourceInvoker.<InvokeAsync>g__Logged|17_1(ResourceInvoker invoker)
   at Microsoft.AspNetCore.Routing.EndpointMiddleware.<Invoke>g__AwaitRequestTask|7_0(Endpoint endpoint, Task requestTask, ILogger logger)
   at Microsoft.AspNetCore.Authorization.AuthorizationMiddleware.Invoke(HttpContext context)
   at Microsoft.AspNetCore.Authentication.AuthenticationMiddleware.Invoke(HttpContext context)
   at Swashbuckle.AspNetCore.SwaggerUI.SwaggerUIMiddleware.Invoke(HttpContext httpContext)
   at Swashbuckle.AspNetCore.Swagger.SwaggerMiddleware.Invoke(HttpContext httpContext, ISwaggerProvider swaggerProvider)
   at Serilog.AspNetCore.RequestLoggingMiddleware.Invoke(HttpContext httpContext)
   at Microsoft.AspNetCore.Diagnostics.DeveloperExceptionPageMiddlewareImpl.Invoke(HttpContext context)
2026-08-13 14:43:34.436 +03:00 [INF] Request finished HTTP/1.1 POST http://localhost:5275/api/Seller/products - 500 null text/plain; charset=utf-8 468.5933ms
2026-08-13 14:49:36.809 +03:00 [INF] Application is shutting down...
2026-08-13 14:51:44.872 +03:00 [INF] Executed DbCommand (14ms) [Parameters=[], CommandType='"Text"', CommandTimeout='30']
SELECT CASE
    WHEN EXISTS (
        SELECT 1
        FROM [Users] AS [u]
        WHERE [u].[Email] = N'superadmin@sistem.com') THEN CAST(1 AS bit)
    ELSE CAST(0 AS bit)
END
2026-08-13 14:51:44.893 +03:00 [INF] Executed DbCommand (2ms) [Parameters=[], CommandType='"Text"', CommandTimeout='30']
SELECT CASE
    WHEN EXISTS (
        SELECT 1
        FROM [Users] AS [u]
        WHERE [u].[Email] = N'admin@sistem.com') THEN CAST(1 AS bit)
    ELSE CAST(0 AS bit)
END
2026-08-13 14:51:44.896 +03:00 [INF] User profile is available. Using '/Users/yigit/.aspnet/DataProtection-Keys' as key repository; keys will not be encrypted at rest.
2026-08-13 14:51:44.915 +03:00 [INF] Now listening on: http://localhost:5275
2026-08-13 14:51:44.915 +03:00 [INF] Application started. Press Ctrl+C to shut down.
2026-08-13 14:51:44.915 +03:00 [INF] Hosting environment: Development
2026-08-13 14:51:44.915 +03:00 [INF] Content root path: /Users/yigit/RiderProjects/ECommerceManagement/src/ECommerceManagement.Api
2026-08-13 14:51:57.686 +03:00 [INF] Request starting HTTP/1.1 POST http://localhost:5275/api/Seller/products - application/json 134
2026-08-13 14:51:57.704 +03:00 [WRN] Failed to determine the https port for redirect.
2026-08-13 14:51:57.734 +03:00 [INF] Executing endpoint 'ECommerceManagement.Api.Controllers.SellerController.AddProduct (ECommerceManagement.Api)'
2026-08-13 14:51:57.740 +03:00 [INF] Route matched with {action = "AddProduct", controller = "Seller"}. Executing controller action with signature System.Threading.Tasks.Task`1[Microsoft.AspNetCore.Mvc.IActionResult] AddProduct(ECommerceManagement.Application.DTOs.Catalog.CreateProductDto) on controller ECommerceManagement.Api.Controllers.SellerController (ECommerceManagement.Api).
2026-08-13 14:51:57.765 +03:00 [WRN] You do not have a valid license key for the Lucky Penny software AutoMapper. This is allowed for development and testing scenarios. If you are running in production you are required to have a licensed version. Please visit https://luckypennysoftware.com to obtain a valid license.
2026-08-13 14:51:58.717 +03:00 [INF] Executed action ECommerceManagement.Api.Controllers.SellerController.AddProduct (ECommerceManagement.Api) in 974.1485ms
2026-08-13 14:51:58.718 +03:00 [INF] Executed endpoint 'ECommerceManagement.Api.Controllers.SellerController.AddProduct (ECommerceManagement.Api)'
2026-08-13 14:51:58.720 +03:00 [ERR] HTTP POST /api/Seller/products responded 500 in 1022.4053 ms
System.Exception: Sysmond Stok oluşturulamadı. Hata: {"error":{"code":"Sysmond.Error:25016","message":"Belirtilen isimde bir stok zaten tanımlı. entegrestok","details":null,"data":{"Name":"entegrestok"},"validationErrors":null}}
   at SysmondAx.Integration.Services.Stock.SysmondStockService.CreateStockAsync(SysmondStockRequest request) in /Users/yigit/RiderProjects/ECommerceManagement/integrations/SysmondAx.Integration/Services/Stock/SysmondStockService.cs:line 64
   at ECommerceManagement.Application.Services.ProductService.AddAsync(CreateProductDto dto) in /Users/yigit/RiderProjects/ECommerceManagement/src/ECommerceManagement.Application/Services/ProductService.cs:line 72
   at ECommerceManagement.Api.Controllers.SellerController.AddProduct(CreateProductDto dto) in /Users/yigit/RiderProjects/ECommerceManagement/src/ECommerceManagement.Api/Controllers/SellerController.cs:line 34
   at Microsoft.AspNetCore.Mvc.Infrastructure.ActionMethodExecutor.TaskOfIActionResultExecutor.Execute(ActionContext actionContext, IActionResultTypeMapper mapper, ObjectMethodExecutor executor, Object controller, Object[] arguments)
   at Microsoft.AspNetCore.Mvc.Infrastructure.ControllerActionInvoker.<InvokeActionMethodAsync>g__Awaited|12_0(ControllerActionInvoker invoker, ValueTask`1 actionResultValueTask)
   at Microsoft.AspNetCore.Mvc.Infrastructure.ControllerActionInvoker.<InvokeNextActionFilterAsync>g__Awaited|10_0(ControllerActionInvoker invoker, Task lastTask, State next, Scope scope, Object state, Boolean isCompleted)
   at Microsoft.AspNetCore.Mvc.Infrastructure.ControllerActionInvoker.Rethrow(ActionExecutedContextSealed context)
   at Microsoft.AspNetCore.Mvc.Infrastructure.ControllerActionInvoker.Next(State& next, Scope& scope, Object& state, Boolean& isCompleted)
   at Microsoft.AspNetCore.Mvc.Infrastructure.ControllerActionInvoker.<InvokeInnerFilterAsync>g__Awaited|13_0(ControllerActionInvoker invoker, Task lastTask, State next, Scope scope, Object state, Boolean isCompleted)
   at Microsoft.AspNetCore.Mvc.Infrastructure.ResourceInvoker.<InvokeFilterPipelineAsync>g__Awaited|20_0(ResourceInvoker invoker, Task lastTask, State next, Scope scope, Object state, Boolean isCompleted)
   at Microsoft.AspNetCore.Mvc.Infrastructure.ResourceInvoker.<InvokeAsync>g__Logged|17_1(ResourceInvoker invoker)
   at Microsoft.AspNetCore.Mvc.Infrastructure.ResourceInvoker.<InvokeAsync>g__Logged|17_1(ResourceInvoker invoker)
   at Microsoft.AspNetCore.Routing.EndpointMiddleware.<Invoke>g__AwaitRequestTask|7_0(Endpoint endpoint, Task requestTask, ILogger logger)
   at Microsoft.AspNetCore.Authorization.AuthorizationMiddleware.Invoke(HttpContext context)
   at Microsoft.AspNetCore.Authentication.AuthenticationMiddleware.Invoke(HttpContext context)
   at Swashbuckle.AspNetCore.SwaggerUI.SwaggerUIMiddleware.Invoke(HttpContext httpContext)
   at Swashbuckle.AspNetCore.Swagger.SwaggerMiddleware.Invoke(HttpContext httpContext, ISwaggerProvider swaggerProvider)
   at Serilog.AspNetCore.RequestLoggingMiddleware.Invoke(HttpContext httpContext)
2026-08-13 14:51:58.732 +03:00 [ERR] An unhandled exception has occurred while executing the request.
System.Exception: Sysmond Stok oluşturulamadı. Hata: {"error":{"code":"Sysmond.Error:25016","message":"Belirtilen isimde bir stok zaten tanımlı. entegrestok","details":null,"data":{"Name":"entegrestok"},"validationErrors":null}}
   at SysmondAx.Integration.Services.Stock.SysmondStockService.CreateStockAsync(SysmondStockRequest request) in /Users/yigit/RiderProjects/ECommerceManagement/integrations/SysmondAx.Integration/Services/Stock/SysmondStockService.cs:line 64
   at ECommerceManagement.Application.Services.ProductService.AddAsync(CreateProductDto dto) in /Users/yigit/RiderProjects/ECommerceManagement/src/ECommerceManagement.Application/Services/ProductService.cs:line 72
   at ECommerceManagement.Api.Controllers.SellerController.AddProduct(CreateProductDto dto) in /Users/yigit/RiderProjects/ECommerceManagement/src/ECommerceManagement.Api/Controllers/SellerController.cs:line 34
   at Microsoft.AspNetCore.Mvc.Infrastructure.ActionMethodExecutor.TaskOfIActionResultExecutor.Execute(ActionContext actionContext, IActionResultTypeMapper mapper, ObjectMethodExecutor executor, Object controller, Object[] arguments)
   at Microsoft.AspNetCore.Mvc.Infrastructure.ControllerActionInvoker.<InvokeActionMethodAsync>g__Awaited|12_0(ControllerActionInvoker invoker, ValueTask`1 actionResultValueTask)
   at Microsoft.AspNetCore.Mvc.Infrastructure.ControllerActionInvoker.<InvokeNextActionFilterAsync>g__Awaited|10_0(ControllerActionInvoker invoker, Task lastTask, State next, Scope scope, Object state, Boolean isCompleted)
   at Microsoft.AspNetCore.Mvc.Infrastructure.ControllerActionInvoker.Rethrow(ActionExecutedContextSealed context)
   at Microsoft.AspNetCore.Mvc.Infrastructure.ControllerActionInvoker.Next(State& next, Scope& scope, Object& state, Boolean& isCompleted)
   at Microsoft.AspNetCore.Mvc.Infrastructure.ControllerActionInvoker.<InvokeInnerFilterAsync>g__Awaited|13_0(ControllerActionInvoker invoker, Task lastTask, State next, Scope scope, Object state, Boolean isCompleted)
   at Microsoft.AspNetCore.Mvc.Infrastructure.ResourceInvoker.<InvokeFilterPipelineAsync>g__Awaited|20_0(ResourceInvoker invoker, Task lastTask, State next, Scope scope, Object state, Boolean isCompleted)
   at Microsoft.AspNetCore.Mvc.Infrastructure.ResourceInvoker.<InvokeAsync>g__Logged|17_1(ResourceInvoker invoker)
   at Microsoft.AspNetCore.Mvc.Infrastructure.ResourceInvoker.<InvokeAsync>g__Logged|17_1(ResourceInvoker invoker)
   at Microsoft.AspNetCore.Routing.EndpointMiddleware.<Invoke>g__AwaitRequestTask|7_0(Endpoint endpoint, Task requestTask, ILogger logger)
   at Microsoft.AspNetCore.Authorization.AuthorizationMiddleware.Invoke(HttpContext context)
   at Microsoft.AspNetCore.Authentication.AuthenticationMiddleware.Invoke(HttpContext context)
   at Swashbuckle.AspNetCore.SwaggerUI.SwaggerUIMiddleware.Invoke(HttpContext httpContext)
   at Swashbuckle.AspNetCore.Swagger.SwaggerMiddleware.Invoke(HttpContext httpContext, ISwaggerProvider swaggerProvider)
   at Serilog.AspNetCore.RequestLoggingMiddleware.Invoke(HttpContext httpContext)
   at Microsoft.AspNetCore.Diagnostics.DeveloperExceptionPageMiddlewareImpl.Invoke(HttpContext context)
2026-08-13 14:51:58.738 +03:00 [INF] Request finished HTTP/1.1 POST http://localhost:5275/api/Seller/products - 500 null text/plain; charset=utf-8 1052.6176ms
2026-08-13 14:52:06.292 +03:00 [INF] Request starting HTTP/1.1 POST http://localhost:5275/api/Seller/products - application/json 131
2026-08-13 14:52:06.298 +03:00 [INF] Executing endpoint 'ECommerceManagement.Api.Controllers.SellerController.AddProduct (ECommerceManagement.Api)'
2026-08-13 14:52:06.299 +03:00 [INF] Route matched with {action = "AddProduct", controller = "Seller"}. Executing controller action with signature System.Threading.Tasks.Task`1[Microsoft.AspNetCore.Mvc.IActionResult] AddProduct(ECommerceManagement.Application.DTOs.Catalog.CreateProductDto) on controller ECommerceManagement.Api.Controllers.SellerController (ECommerceManagement.Api).
2026-08-13 14:52:06.458 +03:00 [INF] Executed action ECommerceManagement.Api.Controllers.SellerController.AddProduct (ECommerceManagement.Api) in 159.043ms
2026-08-13 14:52:06.458 +03:00 [INF] Executed endpoint 'ECommerceManagement.Api.Controllers.SellerController.AddProduct (ECommerceManagement.Api)'
2026-08-13 14:52:06.459 +03:00 [ERR] HTTP POST /api/Seller/products responded 500 in 164.6675 ms
System.Exception: Sysmond Stok oluşturulamadı. Hata: {"error":{"code":"Sysmond.Error:25015","message":"Belirtilen kodda bir stok zaten tanımlı. asdasd","details":null,"data":{"Name":"asdasd"},"validationErrors":null}}
   at SysmondAx.Integration.Services.Stock.SysmondStockService.CreateStockAsync(SysmondStockRequest request) in /Users/yigit/RiderProjects/ECommerceManagement/integrations/SysmondAx.Integration/Services/Stock/SysmondStockService.cs:line 64
   at ECommerceManagement.Application.Services.ProductService.AddAsync(CreateProductDto dto) in /Users/yigit/RiderProjects/ECommerceManagement/src/ECommerceManagement.Application/Services/ProductService.cs:line 72
   at ECommerceManagement.Api.Controllers.SellerController.AddProduct(CreateProductDto dto) in /Users/yigit/RiderProjects/ECommerceManagement/src/ECommerceManagement.Api/Controllers/SellerController.cs:line 34
   at Microsoft.AspNetCore.Mvc.Infrastructure.ActionMethodExecutor.TaskOfIActionResultExecutor.Execute(ActionContext actionContext, IActionResultTypeMapper mapper, ObjectMethodExecutor executor, Object controller, Object[] arguments)
   at Microsoft.AspNetCore.Mvc.Infrastructure.ControllerActionInvoker.<InvokeActionMethodAsync>g__Awaited|12_0(ControllerActionInvoker invoker, ValueTask`1 actionResultValueTask)
   at Microsoft.AspNetCore.Mvc.Infrastructure.ControllerActionInvoker.<InvokeNextActionFilterAsync>g__Awaited|10_0(ControllerActionInvoker invoker, Task lastTask, State next, Scope scope, Object state, Boolean isCompleted)
   at Microsoft.AspNetCore.Mvc.Infrastructure.ControllerActionInvoker.Rethrow(ActionExecutedContextSealed context)
   at Microsoft.AspNetCore.Mvc.Infrastructure.ControllerActionInvoker.Next(State& next, Scope& scope, Object& state, Boolean& isCompleted)
   at Microsoft.AspNetCore.Mvc.Infrastructure.ControllerActionInvoker.<InvokeInnerFilterAsync>g__Awaited|13_0(ControllerActionInvoker invoker, Task lastTask, State next, Scope scope, Object state, Boolean isCompleted)
   at Microsoft.AspNetCore.Mvc.Infrastructure.ResourceInvoker.<InvokeFilterPipelineAsync>g__Awaited|20_0(ResourceInvoker invoker, Task lastTask, State next, Scope scope, Object state, Boolean isCompleted)
   at Microsoft.AspNetCore.Mvc.Infrastructure.ResourceInvoker.<InvokeAsync>g__Logged|17_1(ResourceInvoker invoker)
   at Microsoft.AspNetCore.Mvc.Infrastructure.ResourceInvoker.<InvokeAsync>g__Logged|17_1(ResourceInvoker invoker)
   at Microsoft.AspNetCore.Routing.EndpointMiddleware.<Invoke>g__AwaitRequestTask|7_0(Endpoint endpoint, Task requestTask, ILogger logger)
   at Microsoft.AspNetCore.Authorization.AuthorizationMiddleware.Invoke(HttpContext context)
   at Microsoft.AspNetCore.Authentication.AuthenticationMiddleware.Invoke(HttpContext context)
   at Swashbuckle.AspNetCore.SwaggerUI.SwaggerUIMiddleware.Invoke(HttpContext httpContext)
   at Swashbuckle.AspNetCore.Swagger.SwaggerMiddleware.Invoke(HttpContext httpContext, ISwaggerProvider swaggerProvider)
   at Serilog.AspNetCore.RequestLoggingMiddleware.Invoke(HttpContext httpContext)
2026-08-13 14:52:06.462 +03:00 [ERR] An unhandled exception has occurred while executing the request.
System.Exception: Sysmond Stok oluşturulamadı. Hata: {"error":{"code":"Sysmond.Error:25015","message":"Belirtilen kodda bir stok zaten tanımlı. asdasd","details":null,"data":{"Name":"asdasd"},"validationErrors":null}}
   at SysmondAx.Integration.Services.Stock.SysmondStockService.CreateStockAsync(SysmondStockRequest request) in /Users/yigit/RiderProjects/ECommerceManagement/integrations/SysmondAx.Integration/Services/Stock/SysmondStockService.cs:line 64
   at ECommerceManagement.Application.Services.ProductService.AddAsync(CreateProductDto dto) in /Users/yigit/RiderProjects/ECommerceManagement/src/ECommerceManagement.Application/Services/ProductService.cs:line 72
   at ECommerceManagement.Api.Controllers.SellerController.AddProduct(CreateProductDto dto) in /Users/yigit/RiderProjects/ECommerceManagement/src/ECommerceManagement.Api/Controllers/SellerController.cs:line 34
   at Microsoft.AspNetCore.Mvc.Infrastructure.ActionMethodExecutor.TaskOfIActionResultExecutor.Execute(ActionContext actionContext, IActionResultTypeMapper mapper, ObjectMethodExecutor executor, Object controller, Object[] arguments)
   at Microsoft.AspNetCore.Mvc.Infrastructure.ControllerActionInvoker.<InvokeActionMethodAsync>g__Awaited|12_0(ControllerActionInvoker invoker, ValueTask`1 actionResultValueTask)
   at Microsoft.AspNetCore.Mvc.Infrastructure.ControllerActionInvoker.<InvokeNextActionFilterAsync>g__Awaited|10_0(ControllerActionInvoker invoker, Task lastTask, State next, Scope scope, Object state, Boolean isCompleted)
   at Microsoft.AspNetCore.Mvc.Infrastructure.ControllerActionInvoker.Rethrow(ActionExecutedContextSealed context)
   at Microsoft.AspNetCore.Mvc.Infrastructure.ControllerActionInvoker.Next(State& next, Scope& scope, Object& state, Boolean& isCompleted)
   at Microsoft.AspNetCore.Mvc.Infrastructure.ControllerActionInvoker.<InvokeInnerFilterAsync>g__Awaited|13_0(ControllerActionInvoker invoker, Task lastTask, State next, Scope scope, Object state, Boolean isCompleted)
   at Microsoft.AspNetCore.Mvc.Infrastructure.ResourceInvoker.<InvokeFilterPipelineAsync>g__Awaited|20_0(ResourceInvoker invoker, Task lastTask, State next, Scope scope, Object state, Boolean isCompleted)
   at Microsoft.AspNetCore.Mvc.Infrastructure.ResourceInvoker.<InvokeAsync>g__Logged|17_1(ResourceInvoker invoker)
   at Microsoft.AspNetCore.Mvc.Infrastructure.ResourceInvoker.<InvokeAsync>g__Logged|17_1(ResourceInvoker invoker)
   at Microsoft.AspNetCore.Routing.EndpointMiddleware.<Invoke>g__AwaitRequestTask|7_0(Endpoint endpoint, Task requestTask, ILogger logger)
   at Microsoft.AspNetCore.Authorization.AuthorizationMiddleware.Invoke(HttpContext context)
   at Microsoft.AspNetCore.Authentication.AuthenticationMiddleware.Invoke(HttpContext context)
   at Swashbuckle.AspNetCore.SwaggerUI.SwaggerUIMiddleware.Invoke(HttpContext httpContext)
   at Swashbuckle.AspNetCore.Swagger.SwaggerMiddleware.Invoke(HttpContext httpContext, ISwaggerProvider swaggerProvider)
   at Serilog.AspNetCore.RequestLoggingMiddleware.Invoke(HttpContext httpContext)
   at Microsoft.AspNetCore.Diagnostics.DeveloperExceptionPageMiddlewareImpl.Invoke(HttpContext context)
2026-08-13 14:52:06.466 +03:00 [INF] Request finished HTTP/1.1 POST http://localhost:5275/api/Seller/products - 500 null text/plain; charset=utf-8 174.0815ms
2026-08-13 14:52:14.987 +03:00 [INF] Request starting HTTP/1.1 POST http://localhost:5275/api/Seller/products - application/json 130
2026-08-13 14:52:14.992 +03:00 [INF] Executing endpoint 'ECommerceManagement.Api.Controllers.SellerController.AddProduct (ECommerceManagement.Api)'
2026-08-13 14:52:14.993 +03:00 [INF] Route matched with {action = "AddProduct", controller = "Seller"}. Executing controller action with signature System.Threading.Tasks.Task`1[Microsoft.AspNetCore.Mvc.IActionResult] AddProduct(ECommerceManagement.Application.DTOs.Catalog.CreateProductDto) on controller ECommerceManagement.Api.Controllers.SellerController (ECommerceManagement.Api).
2026-08-13 14:52:15.346 +03:00 [INF] Executed DbCommand (16ms) [Parameters=[@p='?' (DbType = Int32)], CommandType='"Text"', CommandTimeout='30']
SELECT TOP(1) [w].[Id], [w].[CreatedAt], [w].[IsActive], [w].[Location], [w].[Name], [w].[SysmondId]
FROM [Warehouses] AS [w]
WHERE [w].[Id] = @p
2026-08-13 14:52:15.463 +03:00 [INF] Executed action ECommerceManagement.Api.Controllers.SellerController.AddProduct (ECommerceManagement.Api) in 470.4419ms
2026-08-13 14:52:15.463 +03:00 [INF] Executed endpoint 'ECommerceManagement.Api.Controllers.SellerController.AddProduct (ECommerceManagement.Api)'
2026-08-13 14:52:15.463 +03:00 [ERR] HTTP POST /api/Seller/products responded 500 in 476.6083 ms
System.Exception: Sysmond Stok Fişi oluşturulamadı. Hata: {"error":{"code":null,"message":"İşleminiz geçerli değil!","details":"Aşağıdaki hatalar doğrulama sırasında tespit edilmiştir.\r\n - Şirket dönemi zorunlu\r\n","data":null,"validationErrors":[{"message":"Şirket dönemi zorunlu","members":["companyPeriodId"]}]}}
   at SysmondAx.Integration.Services.Stock.SysmondStockService.CreateStockReceiptAsync(Guid warehouseId, String description) in /Users/yigit/RiderProjects/ECommerceManagement/integrations/SysmondAx.Integration/Services/Stock/SysmondStockService.cs:line 108
   at ECommerceManagement.Application.Services.ProductService.AddAsync(CreateProductDto dto) in /Users/yigit/RiderProjects/ECommerceManagement/src/ECommerceManagement.Application/Services/ProductService.cs:line 93
   at ECommerceManagement.Api.Controllers.SellerController.AddProduct(CreateProductDto dto) in /Users/yigit/RiderProjects/ECommerceManagement/src/ECommerceManagement.Api/Controllers/SellerController.cs:line 34
   at Microsoft.AspNetCore.Mvc.Infrastructure.ActionMethodExecutor.TaskOfIActionResultExecutor.Execute(ActionContext actionContext, IActionResultTypeMapper mapper, ObjectMethodExecutor executor, Object controller, Object[] arguments)
   at Microsoft.AspNetCore.Mvc.Infrastructure.ControllerActionInvoker.<InvokeActionMethodAsync>g__Awaited|12_0(ControllerActionInvoker invoker, ValueTask`1 actionResultValueTask)
   at Microsoft.AspNetCore.Mvc.Infrastructure.ControllerActionInvoker.<InvokeNextActionFilterAsync>g__Awaited|10_0(ControllerActionInvoker invoker, Task lastTask, State next, Scope scope, Object state, Boolean isCompleted)
   at Microsoft.AspNetCore.Mvc.Infrastructure.ControllerActionInvoker.Rethrow(ActionExecutedContextSealed context)
   at Microsoft.AspNetCore.Mvc.Infrastructure.ControllerActionInvoker.Next(State& next, Scope& scope, Object& state, Boolean& isCompleted)
   at Microsoft.AspNetCore.Mvc.Infrastructure.ControllerActionInvoker.<InvokeInnerFilterAsync>g__Awaited|13_0(ControllerActionInvoker invoker, Task lastTask, State next, Scope scope, Object state, Boolean isCompleted)
   at Microsoft.AspNetCore.Mvc.Infrastructure.ResourceInvoker.<InvokeFilterPipelineAsync>g__Awaited|20_0(ResourceInvoker invoker, Task lastTask, State next, Scope scope, Object state, Boolean isCompleted)
   at Microsoft.AspNetCore.Mvc.Infrastructure.ResourceInvoker.<InvokeAsync>g__Logged|17_1(ResourceInvoker invoker)
   at Microsoft.AspNetCore.Mvc.Infrastructure.ResourceInvoker.<InvokeAsync>g__Logged|17_1(ResourceInvoker invoker)
   at Microsoft.AspNetCore.Routing.EndpointMiddleware.<Invoke>g__AwaitRequestTask|7_0(Endpoint endpoint, Task requestTask, ILogger logger)
   at Microsoft.AspNetCore.Authorization.AuthorizationMiddleware.Invoke(HttpContext context)
   at Microsoft.AspNetCore.Authentication.AuthenticationMiddleware.Invoke(HttpContext context)
   at Swashbuckle.AspNetCore.SwaggerUI.SwaggerUIMiddleware.Invoke(HttpContext httpContext)
   at Swashbuckle.AspNetCore.Swagger.SwaggerMiddleware.Invoke(HttpContext httpContext, ISwaggerProvider swaggerProvider)
   at Serilog.AspNetCore.RequestLoggingMiddleware.Invoke(HttpContext httpContext)
2026-08-13 14:52:15.464 +03:00 [ERR] An unhandled exception has occurred while executing the request.
System.Exception: Sysmond Stok Fişi oluşturulamadı. Hata: {"error":{"code":null,"message":"İşleminiz geçerli değil!","details":"Aşağıdaki hatalar doğrulama sırasında tespit edilmiştir.\r\n - Şirket dönemi zorunlu\r\n","data":null,"validationErrors":[{"message":"Şirket dönemi zorunlu","members":["companyPeriodId"]}]}}
   at SysmondAx.Integration.Services.Stock.SysmondStockService.CreateStockReceiptAsync(Guid warehouseId, String description) in /Users/yigit/RiderProjects/ECommerceManagement/integrations/SysmondAx.Integration/Services/Stock/SysmondStockService.cs:line 108
   at ECommerceManagement.Application.Services.ProductService.AddAsync(CreateProductDto dto) in /Users/yigit/RiderProjects/ECommerceManagement/src/ECommerceManagement.Application/Services/ProductService.cs:line 93
   at ECommerceManagement.Api.Controllers.SellerController.AddProduct(CreateProductDto dto) in /Users/yigit/RiderProjects/ECommerceManagement/src/ECommerceManagement.Api/Controllers/SellerController.cs:line 34
   at Microsoft.AspNetCore.Mvc.Infrastructure.ActionMethodExecutor.TaskOfIActionResultExecutor.Execute(ActionContext actionContext, IActionResultTypeMapper mapper, ObjectMethodExecutor executor, Object controller, Object[] arguments)
   at Microsoft.AspNetCore.Mvc.Infrastructure.ControllerActionInvoker.<InvokeActionMethodAsync>g__Awaited|12_0(ControllerActionInvoker invoker, ValueTask`1 actionResultValueTask)
   at Microsoft.AspNetCore.Mvc.Infrastructure.ControllerActionInvoker.<InvokeNextActionFilterAsync>g__Awaited|10_0(ControllerActionInvoker invoker, Task lastTask, State next, Scope scope, Object state, Boolean isCompleted)
   at Microsoft.AspNetCore.Mvc.Infrastructure.ControllerActionInvoker.Rethrow(ActionExecutedContextSealed context)
   at Microsoft.AspNetCore.Mvc.Infrastructure.ControllerActionInvoker.Next(State& next, Scope& scope, Object& state, Boolean& isCompleted)
   at Microsoft.AspNetCore.Mvc.Infrastructure.ControllerActionInvoker.<InvokeInnerFilterAsync>g__Awaited|13_0(ControllerActionInvoker invoker, Task lastTask, State next, Scope scope, Object state, Boolean isCompleted)
   at Microsoft.AspNetCore.Mvc.Infrastructure.ResourceInvoker.<InvokeFilterPipelineAsync>g__Awaited|20_0(ResourceInvoker invoker, Task lastTask, State next, Scope scope, Object state, Boolean isCompleted)
   at Microsoft.AspNetCore.Mvc.Infrastructure.ResourceInvoker.<InvokeAsync>g__Logged|17_1(ResourceInvoker invoker)
   at Microsoft.AspNetCore.Mvc.Infrastructure.ResourceInvoker.<InvokeAsync>g__Logged|17_1(ResourceInvoker invoker)
   at Microsoft.AspNetCore.Routing.EndpointMiddleware.<Invoke>g__AwaitRequestTask|7_0(Endpoint endpoint, Task requestTask, ILogger logger)
   at Microsoft.AspNetCore.Authorization.AuthorizationMiddleware.Invoke(HttpContext context)
   at Microsoft.AspNetCore.Authentication.AuthenticationMiddleware.Invoke(HttpContext context)
   at Swashbuckle.AspNetCore.SwaggerUI.SwaggerUIMiddleware.Invoke(HttpContext httpContext)
   at Swashbuckle.AspNetCore.Swagger.SwaggerMiddleware.Invoke(HttpContext httpContext, ISwaggerProvider swaggerProvider)
   at Serilog.AspNetCore.RequestLoggingMiddleware.Invoke(HttpContext httpContext)
   at Microsoft.AspNetCore.Diagnostics.DeveloperExceptionPageMiddlewareImpl.Invoke(HttpContext context)
2026-08-13 14:52:15.466 +03:00 [INF] Request finished HTTP/1.1 POST http://localhost:5275/api/Seller/products - 500 null text/plain; charset=utf-8 479.2045ms
2026-08-13 14:53:51.992 +03:00 [INF] Application is shutting down...
2026-08-13 14:53:54.676 +03:00 [INF] Executed DbCommand (12ms) [Parameters=[], CommandType='"Text"', CommandTimeout='30']
SELECT CASE
    WHEN EXISTS (
        SELECT 1
        FROM [Users] AS [u]
        WHERE [u].[Email] = N'superadmin@sistem.com') THEN CAST(1 AS bit)
    ELSE CAST(0 AS bit)
END
2026-08-13 14:53:54.697 +03:00 [INF] Executed DbCommand (2ms) [Parameters=[], CommandType='"Text"', CommandTimeout='30']
SELECT CASE
    WHEN EXISTS (
        SELECT 1
        FROM [Users] AS [u]
        WHERE [u].[Email] = N'admin@sistem.com') THEN CAST(1 AS bit)
    ELSE CAST(0 AS bit)
END
2026-08-13 14:53:54.701 +03:00 [INF] User profile is available. Using '/Users/yigit/.aspnet/DataProtection-Keys' as key repository; keys will not be encrypted at rest.
2026-08-13 14:53:54.720 +03:00 [INF] Now listening on: http://localhost:5275
2026-08-13 14:53:54.720 +03:00 [INF] Application started. Press Ctrl+C to shut down.
2026-08-13 14:53:54.721 +03:00 [INF] Hosting environment: Development
2026-08-13 14:53:54.721 +03:00 [INF] Content root path: /Users/yigit/RiderProjects/ECommerceManagement/src/ECommerceManagement.Api
2026-08-13 14:54:03.198 +03:00 [INF] Request starting HTTP/1.1 POST http://localhost:5275/api/Seller/products - application/json 130
2026-08-13 14:54:03.215 +03:00 [WRN] Failed to determine the https port for redirect.
2026-08-13 14:54:03.246 +03:00 [INF] Executing endpoint 'ECommerceManagement.Api.Controllers.SellerController.AddProduct (ECommerceManagement.Api)'
2026-08-13 14:54:03.252 +03:00 [INF] Route matched with {action = "AddProduct", controller = "Seller"}. Executing controller action with signature System.Threading.Tasks.Task`1[Microsoft.AspNetCore.Mvc.IActionResult] AddProduct(ECommerceManagement.Application.DTOs.Catalog.CreateProductDto) on controller ECommerceManagement.Api.Controllers.SellerController (ECommerceManagement.Api).
2026-08-13 14:54:03.276 +03:00 [WRN] You do not have a valid license key for the Lucky Penny software AutoMapper. This is allowed for development and testing scenarios. If you are running in production you are required to have a licensed version. Please visit https://luckypennysoftware.com to obtain a valid license.
2026-08-13 14:54:03.628 +03:00 [INF] Executed action ECommerceManagement.Api.Controllers.SellerController.AddProduct (ECommerceManagement.Api) in 373.7078ms
2026-08-13 14:54:03.629 +03:00 [INF] Executed endpoint 'ECommerceManagement.Api.Controllers.SellerController.AddProduct (ECommerceManagement.Api)'
2026-08-13 14:54:03.631 +03:00 [ERR] HTTP POST /api/Seller/products responded 500 in 421.8719 ms
System.Exception: Sysmond Stok oluşturulamadı. Hata: {"error":{"code":"Sysmond.Error:25016","message":"Belirtilen isimde bir stok zaten tanımlı. yenistok","details":null,"data":{"Name":"yenistok"},"validationErrors":null}}
   at SysmondAx.Integration.Services.Stock.SysmondStockService.CreateStockAsync(SysmondStockRequest request) in /Users/yigit/RiderProjects/ECommerceManagement/integrations/SysmondAx.Integration/Services/Stock/SysmondStockService.cs:line 64
   at ECommerceManagement.Application.Services.ProductService.AddAsync(CreateProductDto dto) in /Users/yigit/RiderProjects/ECommerceManagement/src/ECommerceManagement.Application/Services/ProductService.cs:line 72
   at ECommerceManagement.Api.Controllers.SellerController.AddProduct(CreateProductDto dto) in /Users/yigit/RiderProjects/ECommerceManagement/src/ECommerceManagement.Api/Controllers/SellerController.cs:line 34
   at Microsoft.AspNetCore.Mvc.Infrastructure.ActionMethodExecutor.TaskOfIActionResultExecutor.Execute(ActionContext actionContext, IActionResultTypeMapper mapper, ObjectMethodExecutor executor, Object controller, Object[] arguments)
   at Microsoft.AspNetCore.Mvc.Infrastructure.ControllerActionInvoker.<InvokeActionMethodAsync>g__Awaited|12_0(ControllerActionInvoker invoker, ValueTask`1 actionResultValueTask)
   at Microsoft.AspNetCore.Mvc.Infrastructure.ControllerActionInvoker.<InvokeNextActionFilterAsync>g__Awaited|10_0(ControllerActionInvoker invoker, Task lastTask, State next, Scope scope, Object state, Boolean isCompleted)
   at Microsoft.AspNetCore.Mvc.Infrastructure.ControllerActionInvoker.Rethrow(ActionExecutedContextSealed context)
   at Microsoft.AspNetCore.Mvc.Infrastructure.ControllerActionInvoker.Next(State& next, Scope& scope, Object& state, Boolean& isCompleted)
   at Microsoft.AspNetCore.Mvc.Infrastructure.ControllerActionInvoker.<InvokeInnerFilterAsync>g__Awaited|13_0(ControllerActionInvoker invoker, Task lastTask, State next, Scope scope, Object state, Boolean isCompleted)
   at Microsoft.AspNetCore.Mvc.Infrastructure.ResourceInvoker.<InvokeFilterPipelineAsync>g__Awaited|20_0(ResourceInvoker invoker, Task lastTask, State next, Scope scope, Object state, Boolean isCompleted)
   at Microsoft.AspNetCore.Mvc.Infrastructure.ResourceInvoker.<InvokeAsync>g__Logged|17_1(ResourceInvoker invoker)
   at Microsoft.AspNetCore.Mvc.Infrastructure.ResourceInvoker.<InvokeAsync>g__Logged|17_1(ResourceInvoker invoker)
   at Microsoft.AspNetCore.Routing.EndpointMiddleware.<Invoke>g__AwaitRequestTask|7_0(Endpoint endpoint, Task requestTask, ILogger logger)
   at Microsoft.AspNetCore.Authorization.AuthorizationMiddleware.Invoke(HttpContext context)
   at Microsoft.AspNetCore.Authentication.AuthenticationMiddleware.Invoke(HttpContext context)
   at Swashbuckle.AspNetCore.SwaggerUI.SwaggerUIMiddleware.Invoke(HttpContext httpContext)
   at Swashbuckle.AspNetCore.Swagger.SwaggerMiddleware.Invoke(HttpContext httpContext, ISwaggerProvider swaggerProvider)
   at Serilog.AspNetCore.RequestLoggingMiddleware.Invoke(HttpContext httpContext)
2026-08-13 14:54:03.640 +03:00 [ERR] An unhandled exception has occurred while executing the request.
System.Exception: Sysmond Stok oluşturulamadı. Hata: {"error":{"code":"Sysmond.Error:25016","message":"Belirtilen isimde bir stok zaten tanımlı. yenistok","details":null,"data":{"Name":"yenistok"},"validationErrors":null}}
   at SysmondAx.Integration.Services.Stock.SysmondStockService.CreateStockAsync(SysmondStockRequest request) in /Users/yigit/RiderProjects/ECommerceManagement/integrations/SysmondAx.Integration/Services/Stock/SysmondStockService.cs:line 64
   at ECommerceManagement.Application.Services.ProductService.AddAsync(CreateProductDto dto) in /Users/yigit/RiderProjects/ECommerceManagement/src/ECommerceManagement.Application/Services/ProductService.cs:line 72
   at ECommerceManagement.Api.Controllers.SellerController.AddProduct(CreateProductDto dto) in /Users/yigit/RiderProjects/ECommerceManagement/src/ECommerceManagement.Api/Controllers/SellerController.cs:line 34
   at Microsoft.AspNetCore.Mvc.Infrastructure.ActionMethodExecutor.TaskOfIActionResultExecutor.Execute(ActionContext actionContext, IActionResultTypeMapper mapper, ObjectMethodExecutor executor, Object controller, Object[] arguments)
   at Microsoft.AspNetCore.Mvc.Infrastructure.ControllerActionInvoker.<InvokeActionMethodAsync>g__Awaited|12_0(ControllerActionInvoker invoker, ValueTask`1 actionResultValueTask)
   at Microsoft.AspNetCore.Mvc.Infrastructure.ControllerActionInvoker.<InvokeNextActionFilterAsync>g__Awaited|10_0(ControllerActionInvoker invoker, Task lastTask, State next, Scope scope, Object state, Boolean isCompleted)
   at Microsoft.AspNetCore.Mvc.Infrastructure.ControllerActionInvoker.Rethrow(ActionExecutedContextSealed context)
   at Microsoft.AspNetCore.Mvc.Infrastructure.ControllerActionInvoker.Next(State& next, Scope& scope, Object& state, Boolean& isCompleted)
   at Microsoft.AspNetCore.Mvc.Infrastructure.ControllerActionInvoker.<InvokeInnerFilterAsync>g__Awaited|13_0(ControllerActionInvoker invoker, Task lastTask, State next, Scope scope, Object state, Boolean isCompleted)
   at Microsoft.AspNetCore.Mvc.Infrastructure.ResourceInvoker.<InvokeFilterPipelineAsync>g__Awaited|20_0(ResourceInvoker invoker, Task lastTask, State next, Scope scope, Object state, Boolean isCompleted)
   at Microsoft.AspNetCore.Mvc.Infrastructure.ResourceInvoker.<InvokeAsync>g__Logged|17_1(ResourceInvoker invoker)
   at Microsoft.AspNetCore.Mvc.Infrastructure.ResourceInvoker.<InvokeAsync>g__Logged|17_1(ResourceInvoker invoker)
   at Microsoft.AspNetCore.Routing.EndpointMiddleware.<Invoke>g__AwaitRequestTask|7_0(Endpoint endpoint, Task requestTask, ILogger logger)
   at Microsoft.AspNetCore.Authorization.AuthorizationMiddleware.Invoke(HttpContext context)
   at Microsoft.AspNetCore.Authentication.AuthenticationMiddleware.Invoke(HttpContext context)
   at Swashbuckle.AspNetCore.SwaggerUI.SwaggerUIMiddleware.Invoke(HttpContext httpContext)
   at Swashbuckle.AspNetCore.Swagger.SwaggerMiddleware.Invoke(HttpContext httpContext, ISwaggerProvider swaggerProvider)
   at Serilog.AspNetCore.RequestLoggingMiddleware.Invoke(HttpContext httpContext)
   at Microsoft.AspNetCore.Diagnostics.DeveloperExceptionPageMiddlewareImpl.Invoke(HttpContext context)
2026-08-13 14:54:03.646 +03:00 [INF] Request finished HTTP/1.1 POST http://localhost:5275/api/Seller/products - 500 null text/plain; charset=utf-8 448.2829ms
2026-08-13 14:54:16.369 +03:00 [INF] Request starting HTTP/1.1 POST http://localhost:5275/api/Seller/products - application/json 142
2026-08-13 14:54:16.374 +03:00 [INF] Executing endpoint 'ECommerceManagement.Api.Controllers.SellerController.AddProduct (ECommerceManagement.Api)'
2026-08-13 14:54:16.375 +03:00 [INF] Route matched with {action = "AddProduct", controller = "Seller"}. Executing controller action with signature System.Threading.Tasks.Task`1[Microsoft.AspNetCore.Mvc.IActionResult] AddProduct(ECommerceManagement.Application.DTOs.Catalog.CreateProductDto) on controller ECommerceManagement.Api.Controllers.SellerController (ECommerceManagement.Api).
2026-08-13 14:54:16.646 +03:00 [INF] Executed DbCommand (18ms) [Parameters=[@p='?' (DbType = Int32)], CommandType='"Text"', CommandTimeout='30']
SELECT TOP(1) [w].[Id], [w].[CreatedAt], [w].[IsActive], [w].[Location], [w].[Name], [w].[SysmondId]
FROM [Warehouses] AS [w]
WHERE [w].[Id] = @p
2026-08-13 14:54:17.448 +03:00 [INF] Executed action ECommerceManagement.Api.Controllers.SellerController.AddProduct (ECommerceManagement.Api) in 1072.8615ms
2026-08-13 14:54:17.448 +03:00 [INF] Executed endpoint 'ECommerceManagement.Api.Controllers.SellerController.AddProduct (ECommerceManagement.Api)'
2026-08-13 14:54:17.449 +03:00 [ERR] HTTP POST /api/Seller/products responded 500 in 1078.1627 ms
System.Exception: Sysmond Fişe Kalem eklenemedi. Hata: {"error":{"code":null,"message":"İşleminiz geçerli değil!","details":"Aşağıdaki hatalar doğrulama sırasında tespit edilmiştir.\r\n - The JSON value could not be converted to System.Guid. Path: $.stockPriceId | LineNumber: 0 | BytePositionInLine: 206.\r\n","data":null,"validationErrors":[{"message":"The JSON value could not be converted to System.Guid. Path: $.stockPriceId | LineNumber: 0 | BytePositionInLine: 206.","members":["$.stockPriceId"]}]}}
   at SysmondAx.Integration.Services.Stock.SysmondStockService.AddStockReceiptItemAsync(Guid receiptId, Guid stockId, Guid warehouseId, Decimal quantity, Decimal unitPrice) in /Users/yigit/RiderProjects/ECommerceManagement/integrations/SysmondAx.Integration/Services/Stock/SysmondStockService.cs:line 128
   at ECommerceManagement.Application.Services.ProductService.AddAsync(CreateProductDto dto) in /Users/yigit/RiderProjects/ECommerceManagement/src/ECommerceManagement.Application/Services/ProductService.cs:line 98
   at ECommerceManagement.Api.Controllers.SellerController.AddProduct(CreateProductDto dto) in /Users/yigit/RiderProjects/ECommerceManagement/src/ECommerceManagement.Api/Controllers/SellerController.cs:line 34
   at Microsoft.AspNetCore.Mvc.Infrastructure.ActionMethodExecutor.TaskOfIActionResultExecutor.Execute(ActionContext actionContext, IActionResultTypeMapper mapper, ObjectMethodExecutor executor, Object controller, Object[] arguments)
   at Microsoft.AspNetCore.Mvc.Infrastructure.ControllerActionInvoker.<InvokeActionMethodAsync>g__Awaited|12_0(ControllerActionInvoker invoker, ValueTask`1 actionResultValueTask)
   at Microsoft.AspNetCore.Mvc.Infrastructure.ControllerActionInvoker.<InvokeNextActionFilterAsync>g__Awaited|10_0(ControllerActionInvoker invoker, Task lastTask, State next, Scope scope, Object state, Boolean isCompleted)
   at Microsoft.AspNetCore.Mvc.Infrastructure.ControllerActionInvoker.Rethrow(ActionExecutedContextSealed context)
   at Microsoft.AspNetCore.Mvc.Infrastructure.ControllerActionInvoker.Next(State& next, Scope& scope, Object& state, Boolean& isCompleted)
   at Microsoft.AspNetCore.Mvc.Infrastructure.ControllerActionInvoker.<InvokeInnerFilterAsync>g__Awaited|13_0(ControllerActionInvoker invoker, Task lastTask, State next, Scope scope, Object state, Boolean isCompleted)
   at Microsoft.AspNetCore.Mvc.Infrastructure.ResourceInvoker.<InvokeFilterPipelineAsync>g__Awaited|20_0(ResourceInvoker invoker, Task lastTask, State next, Scope scope, Object state, Boolean isCompleted)
   at Microsoft.AspNetCore.Mvc.Infrastructure.ResourceInvoker.<InvokeAsync>g__Logged|17_1(ResourceInvoker invoker)
   at Microsoft.AspNetCore.Mvc.Infrastructure.ResourceInvoker.<InvokeAsync>g__Logged|17_1(ResourceInvoker invoker)
   at Microsoft.AspNetCore.Routing.EndpointMiddleware.<Invoke>g__AwaitRequestTask|7_0(Endpoint endpoint, Task requestTask, ILogger logger)
   at Microsoft.AspNetCore.Authorization.AuthorizationMiddleware.Invoke(HttpContext context)
   at Microsoft.AspNetCore.Authentication.AuthenticationMiddleware.Invoke(HttpContext context)
   at Swashbuckle.AspNetCore.SwaggerUI.SwaggerUIMiddleware.Invoke(HttpContext httpContext)
   at Swashbuckle.AspNetCore.Swagger.SwaggerMiddleware.Invoke(HttpContext httpContext, ISwaggerProvider swaggerProvider)
   at Serilog.AspNetCore.RequestLoggingMiddleware.Invoke(HttpContext httpContext)
2026-08-13 14:54:17.451 +03:00 [ERR] An unhandled exception has occurred while executing the request.
System.Exception: Sysmond Fişe Kalem eklenemedi. Hata: {"error":{"code":null,"message":"İşleminiz geçerli değil!","details":"Aşağıdaki hatalar doğrulama sırasında tespit edilmiştir.\r\n - The JSON value could not be converted to System.Guid. Path: $.stockPriceId | LineNumber: 0 | BytePositionInLine: 206.\r\n","data":null,"validationErrors":[{"message":"The JSON value could not be converted to System.Guid. Path: $.stockPriceId | LineNumber: 0 | BytePositionInLine: 206.","members":["$.stockPriceId"]}]}}
   at SysmondAx.Integration.Services.Stock.SysmondStockService.AddStockReceiptItemAsync(Guid receiptId, Guid stockId, Guid warehouseId, Decimal quantity, Decimal unitPrice) in /Users/yigit/RiderProjects/ECommerceManagement/integrations/SysmondAx.Integration/Services/Stock/SysmondStockService.cs:line 128
   at ECommerceManagement.Application.Services.ProductService.AddAsync(CreateProductDto dto) in /Users/yigit/RiderProjects/ECommerceManagement/src/ECommerceManagement.Application/Services/ProductService.cs:line 98
   at ECommerceManagement.Api.Controllers.SellerController.AddProduct(CreateProductDto dto) in /Users/yigit/RiderProjects/ECommerceManagement/src/ECommerceManagement.Api/Controllers/SellerController.cs:line 34
   at Microsoft.AspNetCore.Mvc.Infrastructure.ActionMethodExecutor.TaskOfIActionResultExecutor.Execute(ActionContext actionContext, IActionResultTypeMapper mapper, ObjectMethodExecutor executor, Object controller, Object[] arguments)
   at Microsoft.AspNetCore.Mvc.Infrastructure.ControllerActionInvoker.<InvokeActionMethodAsync>g__Awaited|12_0(ControllerActionInvoker invoker, ValueTask`1 actionResultValueTask)
   at Microsoft.AspNetCore.Mvc.Infrastructure.ControllerActionInvoker.<InvokeNextActionFilterAsync>g__Awaited|10_0(ControllerActionInvoker invoker, Task lastTask, State next, Scope scope, Object state, Boolean isCompleted)
   at Microsoft.AspNetCore.Mvc.Infrastructure.ControllerActionInvoker.Rethrow(ActionExecutedContextSealed context)
   at Microsoft.AspNetCore.Mvc.Infrastructure.ControllerActionInvoker.Next(State& next, Scope& scope, Object& state, Boolean& isCompleted)
   at Microsoft.AspNetCore.Mvc.Infrastructure.ControllerActionInvoker.<InvokeInnerFilterAsync>g__Awaited|13_0(ControllerActionInvoker invoker, Task lastTask, State next, Scope scope, Object state, Boolean isCompleted)
   at Microsoft.AspNetCore.Mvc.Infrastructure.ResourceInvoker.<InvokeFilterPipelineAsync>g__Awaited|20_0(ResourceInvoker invoker, Task lastTask, State next, Scope scope, Object state, Boolean isCompleted)
   at Microsoft.AspNetCore.Mvc.Infrastructure.ResourceInvoker.<InvokeAsync>g__Logged|17_1(ResourceInvoker invoker)
   at Microsoft.AspNetCore.Mvc.Infrastructure.ResourceInvoker.<InvokeAsync>g__Logged|17_1(ResourceInvoker invoker)
   at Microsoft.AspNetCore.Routing.EndpointMiddleware.<Invoke>g__AwaitRequestTask|7_0(Endpoint endpoint, Task requestTask, ILogger logger)
   at Microsoft.AspNetCore.Authorization.AuthorizationMiddleware.Invoke(HttpContext context)
   at Microsoft.AspNetCore.Authentication.AuthenticationMiddleware.Invoke(HttpContext context)
   at Swashbuckle.AspNetCore.SwaggerUI.SwaggerUIMiddleware.Invoke(HttpContext httpContext)
   at Swashbuckle.AspNetCore.Swagger.SwaggerMiddleware.Invoke(HttpContext httpContext, ISwaggerProvider swaggerProvider)
   at Serilog.AspNetCore.RequestLoggingMiddleware.Invoke(HttpContext httpContext)
   at Microsoft.AspNetCore.Diagnostics.DeveloperExceptionPageMiddlewareImpl.Invoke(HttpContext context)
2026-08-13 14:54:17.457 +03:00 [INF] Request finished HTTP/1.1 POST http://localhost:5275/api/Seller/products - 500 null text/plain; charset=utf-8 1088.4358ms
2026-08-13 14:55:57.123 +03:00 [INF] Application is shutting down...
2026-08-13 14:56:03.131 +03:00 [INF] Executed DbCommand (13ms) [Parameters=[], CommandType='"Text"', CommandTimeout='30']
SELECT CASE
    WHEN EXISTS (
        SELECT 1
        FROM [Users] AS [u]
        WHERE [u].[Email] = N'superadmin@sistem.com') THEN CAST(1 AS bit)
    ELSE CAST(0 AS bit)
END
2026-08-13 14:56:03.153 +03:00 [INF] Executed DbCommand (3ms) [Parameters=[], CommandType='"Text"', CommandTimeout='30']
SELECT CASE
    WHEN EXISTS (
        SELECT 1
        FROM [Users] AS [u]
        WHERE [u].[Email] = N'admin@sistem.com') THEN CAST(1 AS bit)
    ELSE CAST(0 AS bit)
END
2026-08-13 14:56:03.157 +03:00 [INF] User profile is available. Using '/Users/yigit/.aspnet/DataProtection-Keys' as key repository; keys will not be encrypted at rest.
2026-08-13 14:56:03.175 +03:00 [INF] Now listening on: http://localhost:5275
2026-08-13 14:56:03.176 +03:00 [INF] Application started. Press Ctrl+C to shut down.
2026-08-13 14:56:03.176 +03:00 [INF] Hosting environment: Development
2026-08-13 14:56:03.176 +03:00 [INF] Content root path: /Users/yigit/RiderProjects/ECommerceManagement/src/ECommerceManagement.Api
2026-08-13 14:56:22.560 +03:00 [INF] Request starting HTTP/1.1 POST http://localhost:5275/api/Seller/products - application/json 123
2026-08-13 14:56:22.581 +03:00 [WRN] Failed to determine the https port for redirect.
2026-08-13 14:56:22.630 +03:00 [INF] Executing endpoint 'ECommerceManagement.Api.Controllers.SellerController.AddProduct (ECommerceManagement.Api)'
2026-08-13 14:56:22.640 +03:00 [INF] Route matched with {action = "AddProduct", controller = "Seller"}. Executing controller action with signature System.Threading.Tasks.Task`1[Microsoft.AspNetCore.Mvc.IActionResult] AddProduct(ECommerceManagement.Application.DTOs.Catalog.CreateProductDto) on controller ECommerceManagement.Api.Controllers.SellerController (ECommerceManagement.Api).
2026-08-13 14:56:22.668 +03:00 [WRN] You do not have a valid license key for the Lucky Penny software AutoMapper. This is allowed for development and testing scenarios. If you are running in production you are required to have a licensed version. Please visit https://luckypennysoftware.com to obtain a valid license.
2026-08-13 14:56:23.126 +03:00 [INF] Executed DbCommand (16ms) [Parameters=[@p='?' (DbType = Int32)], CommandType='"Text"', CommandTimeout='30']
SELECT TOP(1) [w].[Id], [w].[CreatedAt], [w].[IsActive], [w].[Location], [w].[Name], [w].[SysmondId]
FROM [Warehouses] AS [w]
WHERE [w].[Id] = @p
2026-08-13 14:56:23.272 +03:00 [INF] Executed action ECommerceManagement.Api.Controllers.SellerController.AddProduct (ECommerceManagement.Api) in 629.8897ms
2026-08-13 14:56:23.273 +03:00 [INF] Executed endpoint 'ECommerceManagement.Api.Controllers.SellerController.AddProduct (ECommerceManagement.Api)'
2026-08-13 14:56:23.274 +03:00 [ERR] HTTP POST /api/Seller/products responded 500 in 699.2268 ms
System.Exception: Sysmond Fişe Kalem eklenemedi. Hata: {"error":{"code":null,"message":"İşleminiz geçerli değil!","details":"Aşağıdaki hatalar doğrulama sırasında tespit edilmiştir.\r\n - Stok fiyat seçimi zorunlu\r\n","data":null,"validationErrors":[{"message":"Stok fiyat seçimi zorunlu","members":["stockPriceId"]}]}}
   at SysmondAx.Integration.Services.Stock.SysmondStockService.AddStockReceiptItemAsync(Guid receiptId, Guid stockId, Guid warehouseId, Decimal quantity, Decimal unitPrice) in /Users/yigit/RiderProjects/ECommerceManagement/integrations/SysmondAx.Integration/Services/Stock/SysmondStockService.cs:line 128
   at ECommerceManagement.Application.Services.ProductService.AddAsync(CreateProductDto dto) in /Users/yigit/RiderProjects/ECommerceManagement/src/ECommerceManagement.Application/Services/ProductService.cs:line 98
   at ECommerceManagement.Api.Controllers.SellerController.AddProduct(CreateProductDto dto) in /Users/yigit/RiderProjects/ECommerceManagement/src/ECommerceManagement.Api/Controllers/SellerController.cs:line 34
   at Microsoft.AspNetCore.Mvc.Infrastructure.ActionMethodExecutor.TaskOfIActionResultExecutor.Execute(ActionContext actionContext, IActionResultTypeMapper mapper, ObjectMethodExecutor executor, Object controller, Object[] arguments)
   at Microsoft.AspNetCore.Mvc.Infrastructure.ControllerActionInvoker.<InvokeActionMethodAsync>g__Awaited|12_0(ControllerActionInvoker invoker, ValueTask`1 actionResultValueTask)
   at Microsoft.AspNetCore.Mvc.Infrastructure.ControllerActionInvoker.<InvokeNextActionFilterAsync>g__Awaited|10_0(ControllerActionInvoker invoker, Task lastTask, State next, Scope scope, Object state, Boolean isCompleted)
   at Microsoft.AspNetCore.Mvc.Infrastructure.ControllerActionInvoker.Rethrow(ActionExecutedContextSealed context)
   at Microsoft.AspNetCore.Mvc.Infrastructure.ControllerActionInvoker.Next(State& next, Scope& scope, Object& state, Boolean& isCompleted)
   at Microsoft.AspNetCore.Mvc.Infrastructure.ControllerActionInvoker.<InvokeInnerFilterAsync>g__Awaited|13_0(ControllerActionInvoker invoker, Task lastTask, State next, Scope scope, Object state, Boolean isCompleted)
   at Microsoft.AspNetCore.Mvc.Infrastructure.ResourceInvoker.<InvokeFilterPipelineAsync>g__Awaited|20_0(ResourceInvoker invoker, Task lastTask, State next, Scope scope, Object state, Boolean isCompleted)
   at Microsoft.AspNetCore.Mvc.Infrastructure.ResourceInvoker.<InvokeAsync>g__Logged|17_1(ResourceInvoker invoker)
   at Microsoft.AspNetCore.Mvc.Infrastructure.ResourceInvoker.<InvokeAsync>g__Logged|17_1(ResourceInvoker invoker)
   at Microsoft.AspNetCore.Routing.EndpointMiddleware.<Invoke>g__AwaitRequestTask|7_0(Endpoint endpoint, Task requestTask, ILogger logger)
   at Microsoft.AspNetCore.Authorization.AuthorizationMiddleware.Invoke(HttpContext context)
   at Microsoft.AspNetCore.Authentication.AuthenticationMiddleware.Invoke(HttpContext context)
   at Swashbuckle.AspNetCore.SwaggerUI.SwaggerUIMiddleware.Invoke(HttpContext httpContext)
   at Swashbuckle.AspNetCore.Swagger.SwaggerMiddleware.Invoke(HttpContext httpContext, ISwaggerProvider swaggerProvider)
   at Serilog.AspNetCore.RequestLoggingMiddleware.Invoke(HttpContext httpContext)
2026-08-13 14:56:23.280 +03:00 [ERR] An unhandled exception has occurred while executing the request.
System.Exception: Sysmond Fişe Kalem eklenemedi. Hata: {"error":{"code":null,"message":"İşleminiz geçerli değil!","details":"Aşağıdaki hatalar doğrulama sırasında tespit edilmiştir.\r\n - Stok fiyat seçimi zorunlu\r\n","data":null,"validationErrors":[{"message":"Stok fiyat seçimi zorunlu","members":["stockPriceId"]}]}}
   at SysmondAx.Integration.Services.Stock.SysmondStockService.AddStockReceiptItemAsync(Guid receiptId, Guid stockId, Guid warehouseId, Decimal quantity, Decimal unitPrice) in /Users/yigit/RiderProjects/ECommerceManagement/integrations/SysmondAx.Integration/Services/Stock/SysmondStockService.cs:line 128
   at ECommerceManagement.Application.Services.ProductService.AddAsync(CreateProductDto dto) in /Users/yigit/RiderProjects/ECommerceManagement/src/ECommerceManagement.Application/Services/ProductService.cs:line 98
   at ECommerceManagement.Api.Controllers.SellerController.AddProduct(CreateProductDto dto) in /Users/yigit/RiderProjects/ECommerceManagement/src/ECommerceManagement.Api/Controllers/SellerController.cs:line 34
   at Microsoft.AspNetCore.Mvc.Infrastructure.ActionMethodExecutor.TaskOfIActionResultExecutor.Execute(ActionContext actionContext, IActionResultTypeMapper mapper, ObjectMethodExecutor executor, Object controller, Object[] arguments)
   at Microsoft.AspNetCore.Mvc.Infrastructure.ControllerActionInvoker.<InvokeActionMethodAsync>g__Awaited|12_0(ControllerActionInvoker invoker, ValueTask`1 actionResultValueTask)
   at Microsoft.AspNetCore.Mvc.Infrastructure.ControllerActionInvoker.<InvokeNextActionFilterAsync>g__Awaited|10_0(ControllerActionInvoker invoker, Task lastTask, State next, Scope scope, Object state, Boolean isCompleted)
   at Microsoft.AspNetCore.Mvc.Infrastructure.ControllerActionInvoker.Rethrow(ActionExecutedContextSealed context)
   at Microsoft.AspNetCore.Mvc.Infrastructure.ControllerActionInvoker.Next(State& next, Scope& scope, Object& state, Boolean& isCompleted)
   at Microsoft.AspNetCore.Mvc.Infrastructure.ControllerActionInvoker.<InvokeInnerFilterAsync>g__Awaited|13_0(ControllerActionInvoker invoker, Task lastTask, State next, Scope scope, Object state, Boolean isCompleted)
   at Microsoft.AspNetCore.Mvc.Infrastructure.ResourceInvoker.<InvokeFilterPipelineAsync>g__Awaited|20_0(ResourceInvoker invoker, Task lastTask, State next, Scope scope, Object state, Boolean isCompleted)
   at Microsoft.AspNetCore.Mvc.Infrastructure.ResourceInvoker.<InvokeAsync>g__Logged|17_1(ResourceInvoker invoker)
   at Microsoft.AspNetCore.Mvc.Infrastructure.ResourceInvoker.<InvokeAsync>g__Logged|17_1(ResourceInvoker invoker)
   at Microsoft.AspNetCore.Routing.EndpointMiddleware.<Invoke>g__AwaitRequestTask|7_0(Endpoint endpoint, Task requestTask, ILogger logger)
   at Microsoft.AspNetCore.Authorization.AuthorizationMiddleware.Invoke(HttpContext context)
   at Microsoft.AspNetCore.Authentication.AuthenticationMiddleware.Invoke(HttpContext context)
   at Swashbuckle.AspNetCore.SwaggerUI.SwaggerUIMiddleware.Invoke(HttpContext httpContext)
   at Swashbuckle.AspNetCore.Swagger.SwaggerMiddleware.Invoke(HttpContext httpContext, ISwaggerProvider swaggerProvider)
   at Serilog.AspNetCore.RequestLoggingMiddleware.Invoke(HttpContext httpContext)
   at Microsoft.AspNetCore.Diagnostics.DeveloperExceptionPageMiddlewareImpl.Invoke(HttpContext context)
2026-08-13 14:56:23.285 +03:00 [INF] Request finished HTTP/1.1 POST http://localhost:5275/api/Seller/products - 500 null text/plain; charset=utf-8 726.9683ms
2026-08-13 14:59:55.656 +03:00 [INF] Application is shutting down...
2026-08-13 14:59:58.484 +03:00 [INF] Executed DbCommand (13ms) [Parameters=[], CommandType='"Text"', CommandTimeout='30']
SELECT CASE
    WHEN EXISTS (
        SELECT 1
        FROM [Users] AS [u]
        WHERE [u].[Email] = N'superadmin@sistem.com') THEN CAST(1 AS bit)
    ELSE CAST(0 AS bit)
END
2026-08-13 14:59:58.505 +03:00 [INF] Executed DbCommand (2ms) [Parameters=[], CommandType='"Text"', CommandTimeout='30']
SELECT CASE
    WHEN EXISTS (
        SELECT 1
        FROM [Users] AS [u]
        WHERE [u].[Email] = N'admin@sistem.com') THEN CAST(1 AS bit)
    ELSE CAST(0 AS bit)
END
2026-08-13 14:59:58.509 +03:00 [INF] User profile is available. Using '/Users/yigit/.aspnet/DataProtection-Keys' as key repository; keys will not be encrypted at rest.
2026-08-13 14:59:58.523 +03:00 [INF] Now listening on: http://localhost:5275
2026-08-13 14:59:58.524 +03:00 [INF] Application started. Press Ctrl+C to shut down.
2026-08-13 14:59:58.524 +03:00 [INF] Hosting environment: Development
2026-08-13 14:59:58.524 +03:00 [INF] Content root path: /Users/yigit/RiderProjects/ECommerceManagement/src/ECommerceManagement.Api
2026-08-13 15:00:08.798 +03:00 [INF] Request starting HTTP/1.1 POST http://localhost:5275/api/Seller/products - application/json 123
2026-08-13 15:00:08.813 +03:00 [WRN] Failed to determine the https port for redirect.
2026-08-13 15:00:08.846 +03:00 [INF] Executing endpoint 'ECommerceManagement.Api.Controllers.SellerController.AddProduct (ECommerceManagement.Api)'
2026-08-13 15:00:08.853 +03:00 [INF] Route matched with {action = "AddProduct", controller = "Seller"}. Executing controller action with signature System.Threading.Tasks.Task`1[Microsoft.AspNetCore.Mvc.IActionResult] AddProduct(ECommerceManagement.Application.DTOs.Catalog.CreateProductDto) on controller ECommerceManagement.Api.Controllers.SellerController (ECommerceManagement.Api).
2026-08-13 15:00:08.878 +03:00 [WRN] You do not have a valid license key for the Lucky Penny software AutoMapper. This is allowed for development and testing scenarios. If you are running in production you are required to have a licensed version. Please visit https://luckypennysoftware.com to obtain a valid license.
2026-08-13 15:00:09.503 +03:00 [INF] Executed DbCommand (26ms) [Parameters=[@p='?' (DbType = Int32)], CommandType='"Text"', CommandTimeout='30']
SELECT TOP(1) [w].[Id], [w].[CreatedAt], [w].[IsActive], [w].[Location], [w].[Name], [w].[SysmondId]
FROM [Warehouses] AS [w]
WHERE [w].[Id] = @p
2026-08-13 15:00:09.653 +03:00 [INF] Executed action ECommerceManagement.Api.Controllers.SellerController.AddProduct (ECommerceManagement.Api) in 797.83ms
2026-08-13 15:00:09.654 +03:00 [INF] Executed endpoint 'ECommerceManagement.Api.Controllers.SellerController.AddProduct (ECommerceManagement.Api)'
2026-08-13 15:00:09.657 +03:00 [ERR] HTTP POST /api/Seller/products responded 500 in 847.9037 ms
System.Exception: Sysmond Fişe Kalem eklenemedi. Hata: {"error":{"code":null,"message":"İşleminiz geçerli değil!","details":"Aşağıdaki hatalar doğrulama sırasında tespit edilmiştir.\r\n - Stok fiyat seçimi zorunlu\r\n","data":null,"validationErrors":[{"message":"Stok fiyat seçimi zorunlu","members":["stockPriceId"]}]}}
   at SysmondAx.Integration.Services.Stock.SysmondStockService.AddStockReceiptItemAsync(Guid receiptId, Guid stockId, Guid warehouseId, Decimal quantity, Decimal unitPrice, Nullable`1 stockPriceId) in /Users/yigit/RiderProjects/ECommerceManagement/integrations/SysmondAx.Integration/Services/Stock/SysmondStockService.cs:line 139
   at ECommerceManagement.Application.Services.ProductService.AddAsync(CreateProductDto dto) in /Users/yigit/RiderProjects/ECommerceManagement/src/ECommerceManagement.Application/Services/ProductService.cs:line 93
   at ECommerceManagement.Api.Controllers.SellerController.AddProduct(CreateProductDto dto) in /Users/yigit/RiderProjects/ECommerceManagement/src/ECommerceManagement.Api/Controllers/SellerController.cs:line 34
   at Microsoft.AspNetCore.Mvc.Infrastructure.ActionMethodExecutor.TaskOfIActionResultExecutor.Execute(ActionContext actionContext, IActionResultTypeMapper mapper, ObjectMethodExecutor executor, Object controller, Object[] arguments)
   at Microsoft.AspNetCore.Mvc.Infrastructure.ControllerActionInvoker.<InvokeActionMethodAsync>g__Awaited|12_0(ControllerActionInvoker invoker, ValueTask`1 actionResultValueTask)
   at Microsoft.AspNetCore.Mvc.Infrastructure.ControllerActionInvoker.<InvokeNextActionFilterAsync>g__Awaited|10_0(ControllerActionInvoker invoker, Task lastTask, State next, Scope scope, Object state, Boolean isCompleted)
   at Microsoft.AspNetCore.Mvc.Infrastructure.ControllerActionInvoker.Rethrow(ActionExecutedContextSealed context)
   at Microsoft.AspNetCore.Mvc.Infrastructure.ControllerActionInvoker.Next(State& next, Scope& scope, Object& state, Boolean& isCompleted)
   at Microsoft.AspNetCore.Mvc.Infrastructure.ControllerActionInvoker.<InvokeInnerFilterAsync>g__Awaited|13_0(ControllerActionInvoker invoker, Task lastTask, State next, Scope scope, Object state, Boolean isCompleted)
   at Microsoft.AspNetCore.Mvc.Infrastructure.ResourceInvoker.<InvokeFilterPipelineAsync>g__Awaited|20_0(ResourceInvoker invoker, Task lastTask, State next, Scope scope, Object state, Boolean isCompleted)
   at Microsoft.AspNetCore.Mvc.Infrastructure.ResourceInvoker.<InvokeAsync>g__Logged|17_1(ResourceInvoker invoker)
   at Microsoft.AspNetCore.Mvc.Infrastructure.ResourceInvoker.<InvokeAsync>g__Logged|17_1(ResourceInvoker invoker)
   at Microsoft.AspNetCore.Routing.EndpointMiddleware.<Invoke>g__AwaitRequestTask|7_0(Endpoint endpoint, Task requestTask, ILogger logger)
   at Microsoft.AspNetCore.Authorization.AuthorizationMiddleware.Invoke(HttpContext context)
   at Microsoft.AspNetCore.Authentication.AuthenticationMiddleware.Invoke(HttpContext context)
   at Swashbuckle.AspNetCore.SwaggerUI.SwaggerUIMiddleware.Invoke(HttpContext httpContext)
   at Swashbuckle.AspNetCore.Swagger.SwaggerMiddleware.Invoke(HttpContext httpContext, ISwaggerProvider swaggerProvider)
   at Serilog.AspNetCore.RequestLoggingMiddleware.Invoke(HttpContext httpContext)
2026-08-13 15:00:09.662 +03:00 [ERR] An unhandled exception has occurred while executing the request.
System.Exception: Sysmond Fişe Kalem eklenemedi. Hata: {"error":{"code":null,"message":"İşleminiz geçerli değil!","details":"Aşağıdaki hatalar doğrulama sırasında tespit edilmiştir.\r\n - Stok fiyat seçimi zorunlu\r\n","data":null,"validationErrors":[{"message":"Stok fiyat seçimi zorunlu","members":["stockPriceId"]}]}}
   at SysmondAx.Integration.Services.Stock.SysmondStockService.AddStockReceiptItemAsync(Guid receiptId, Guid stockId, Guid warehouseId, Decimal quantity, Decimal unitPrice, Nullable`1 stockPriceId) in /Users/yigit/RiderProjects/ECommerceManagement/integrations/SysmondAx.Integration/Services/Stock/SysmondStockService.cs:line 139
   at ECommerceManagement.Application.Services.ProductService.AddAsync(CreateProductDto dto) in /Users/yigit/RiderProjects/ECommerceManagement/src/ECommerceManagement.Application/Services/ProductService.cs:line 93
   at ECommerceManagement.Api.Controllers.SellerController.AddProduct(CreateProductDto dto) in /Users/yigit/RiderProjects/ECommerceManagement/src/ECommerceManagement.Api/Controllers/SellerController.cs:line 34
   at Microsoft.AspNetCore.Mvc.Infrastructure.ActionMethodExecutor.TaskOfIActionResultExecutor.Execute(ActionContext actionContext, IActionResultTypeMapper mapper, ObjectMethodExecutor executor, Object controller, Object[] arguments)
   at Microsoft.AspNetCore.Mvc.Infrastructure.ControllerActionInvoker.<InvokeActionMethodAsync>g__Awaited|12_0(ControllerActionInvoker invoker, ValueTask`1 actionResultValueTask)
   at Microsoft.AspNetCore.Mvc.Infrastructure.ControllerActionInvoker.<InvokeNextActionFilterAsync>g__Awaited|10_0(ControllerActionInvoker invoker, Task lastTask, State next, Scope scope, Object state, Boolean isCompleted)
   at Microsoft.AspNetCore.Mvc.Infrastructure.ControllerActionInvoker.Rethrow(ActionExecutedContextSealed context)
   at Microsoft.AspNetCore.Mvc.Infrastructure.ControllerActionInvoker.Next(State& next, Scope& scope, Object& state, Boolean& isCompleted)
   at Microsoft.AspNetCore.Mvc.Infrastructure.ControllerActionInvoker.<InvokeInnerFilterAsync>g__Awaited|13_0(ControllerActionInvoker invoker, Task lastTask, State next, Scope scope, Object state, Boolean isCompleted)
   at Microsoft.AspNetCore.Mvc.Infrastructure.ResourceInvoker.<InvokeFilterPipelineAsync>g__Awaited|20_0(ResourceInvoker invoker, Task lastTask, State next, Scope scope, Object state, Boolean isCompleted)
   at Microsoft.AspNetCore.Mvc.Infrastructure.ResourceInvoker.<InvokeAsync>g__Logged|17_1(ResourceInvoker invoker)
   at Microsoft.AspNetCore.Mvc.Infrastructure.ResourceInvoker.<InvokeAsync>g__Logged|17_1(ResourceInvoker invoker)
   at Microsoft.AspNetCore.Routing.EndpointMiddleware.<Invoke>g__AwaitRequestTask|7_0(Endpoint endpoint, Task requestTask, ILogger logger)
   at Microsoft.AspNetCore.Authorization.AuthorizationMiddleware.Invoke(HttpContext context)
   at Microsoft.AspNetCore.Authentication.AuthenticationMiddleware.Invoke(HttpContext context)
   at Swashbuckle.AspNetCore.SwaggerUI.SwaggerUIMiddleware.Invoke(HttpContext httpContext)
   at Swashbuckle.AspNetCore.Swagger.SwaggerMiddleware.Invoke(HttpContext httpContext, ISwaggerProvider swaggerProvider)
   at Serilog.AspNetCore.RequestLoggingMiddleware.Invoke(HttpContext httpContext)
   at Microsoft.AspNetCore.Diagnostics.DeveloperExceptionPageMiddlewareImpl.Invoke(HttpContext context)
2026-08-13 15:00:09.667 +03:00 [INF] Request finished HTTP/1.1 POST http://localhost:5275/api/Seller/products - 500 null text/plain; charset=utf-8 871.247ms
2026-08-13 15:08:50.688 +03:00 [INF] Application is shutting down...
2026-08-13 15:08:52.969 +03:00 [INF] Executed DbCommand (13ms) [Parameters=[], CommandType='"Text"', CommandTimeout='30']
SELECT CASE
    WHEN EXISTS (
        SELECT 1
        FROM [Users] AS [u]
        WHERE [u].[Email] = N'superadmin@sistem.com') THEN CAST(1 AS bit)
    ELSE CAST(0 AS bit)
END
2026-08-13 15:08:52.991 +03:00 [INF] Executed DbCommand (3ms) [Parameters=[], CommandType='"Text"', CommandTimeout='30']
SELECT CASE
    WHEN EXISTS (
        SELECT 1
        FROM [Users] AS [u]
        WHERE [u].[Email] = N'admin@sistem.com') THEN CAST(1 AS bit)
    ELSE CAST(0 AS bit)
END
2026-08-13 15:08:52.994 +03:00 [INF] User profile is available. Using '/Users/yigit/.aspnet/DataProtection-Keys' as key repository; keys will not be encrypted at rest.
2026-08-13 15:08:53.008 +03:00 [INF] Now listening on: http://localhost:5275
2026-08-13 15:08:53.008 +03:00 [INF] Application started. Press Ctrl+C to shut down.
2026-08-13 15:08:53.008 +03:00 [INF] Hosting environment: Development
2026-08-13 15:08:53.008 +03:00 [INF] Content root path: /Users/yigit/RiderProjects/ECommerceManagement/src/ECommerceManagement.Api
2026-08-13 15:09:10.664 +03:00 [INF] Request starting HTTP/1.1 POST http://localhost:5275/api/Seller/products - application/json 123
2026-08-13 15:09:10.696 +03:00 [WRN] Failed to determine the https port for redirect.
2026-08-13 15:09:10.729 +03:00 [INF] Executing endpoint 'ECommerceManagement.Api.Controllers.SellerController.AddProduct (ECommerceManagement.Api)'
2026-08-13 15:09:10.736 +03:00 [INF] Route matched with {action = "AddProduct", controller = "Seller"}. Executing controller action with signature System.Threading.Tasks.Task`1[Microsoft.AspNetCore.Mvc.IActionResult] AddProduct(ECommerceManagement.Application.DTOs.Catalog.CreateProductDto) on controller ECommerceManagement.Api.Controllers.SellerController (ECommerceManagement.Api).
2026-08-13 15:09:10.760 +03:00 [WRN] You do not have a valid license key for the Lucky Penny software AutoMapper. This is allowed for development and testing scenarios. If you are running in production you are required to have a licensed version. Please visit https://luckypennysoftware.com to obtain a valid license.
2026-08-13 15:09:11.364 +03:00 [INF] Executed action ECommerceManagement.Api.Controllers.SellerController.AddProduct (ECommerceManagement.Api) in 625.4761ms
2026-08-13 15:09:11.365 +03:00 [INF] Executed endpoint 'ECommerceManagement.Api.Controllers.SellerController.AddProduct (ECommerceManagement.Api)'
2026-08-13 15:09:11.368 +03:00 [ERR] HTTP POST /api/Seller/products responded 500 in 690.9818 ms
System.Exception: DEBUG - Sysmond Stok Oluşturuldu fakat Fiyat ID bulunamadı! Gelen Ham JSON: {"status":{"success":true,"message":null,"code":null},"data":{"id":"26634be2-09d8-9104-bc92-3a230d339805","details":null}}
   at SysmondAx.Integration.Services.Stock.SysmondStockService.CreateStockAsync(SysmondStockRequest request) in /Users/yigit/RiderProjects/ECommerceManagement/integrations/SysmondAx.Integration/Services/Stock/SysmondStockService.cs:line 77
   at ECommerceManagement.Application.Services.ProductService.AddAsync(CreateProductDto dto) in /Users/yigit/RiderProjects/ECommerceManagement/src/ECommerceManagement.Application/Services/ProductService.cs:line 71
   at ECommerceManagement.Api.Controllers.SellerController.AddProduct(CreateProductDto dto) in /Users/yigit/RiderProjects/ECommerceManagement/src/ECommerceManagement.Api/Controllers/SellerController.cs:line 34
   at Microsoft.AspNetCore.Mvc.Infrastructure.ActionMethodExecutor.TaskOfIActionResultExecutor.Execute(ActionContext actionContext, IActionResultTypeMapper mapper, ObjectMethodExecutor executor, Object controller, Object[] arguments)
   at Microsoft.AspNetCore.Mvc.Infrastructure.ControllerActionInvoker.<InvokeActionMethodAsync>g__Awaited|12_0(ControllerActionInvoker invoker, ValueTask`1 actionResultValueTask)
   at Microsoft.AspNetCore.Mvc.Infrastructure.ControllerActionInvoker.<InvokeNextActionFilterAsync>g__Awaited|10_0(ControllerActionInvoker invoker, Task lastTask, State next, Scope scope, Object state, Boolean isCompleted)
   at Microsoft.AspNetCore.Mvc.Infrastructure.ControllerActionInvoker.Rethrow(ActionExecutedContextSealed context)
   at Microsoft.AspNetCore.Mvc.Infrastructure.ControllerActionInvoker.Next(State& next, Scope& scope, Object& state, Boolean& isCompleted)
   at Microsoft.AspNetCore.Mvc.Infrastructure.ControllerActionInvoker.<InvokeInnerFilterAsync>g__Awaited|13_0(ControllerActionInvoker invoker, Task lastTask, State next, Scope scope, Object state, Boolean isCompleted)
   at Microsoft.AspNetCore.Mvc.Infrastructure.ResourceInvoker.<InvokeFilterPipelineAsync>g__Awaited|20_0(ResourceInvoker invoker, Task lastTask, State next, Scope scope, Object state, Boolean isCompleted)
   at Microsoft.AspNetCore.Mvc.Infrastructure.ResourceInvoker.<InvokeAsync>g__Logged|17_1(ResourceInvoker invoker)
   at Microsoft.AspNetCore.Mvc.Infrastructure.ResourceInvoker.<InvokeAsync>g__Logged|17_1(ResourceInvoker invoker)
   at Microsoft.AspNetCore.Routing.EndpointMiddleware.<Invoke>g__AwaitRequestTask|7_0(Endpoint endpoint, Task requestTask, ILogger logger)
   at Microsoft.AspNetCore.Authorization.AuthorizationMiddleware.Invoke(HttpContext context)
   at Microsoft.AspNetCore.Authentication.AuthenticationMiddleware.Invoke(HttpContext context)
   at Swashbuckle.AspNetCore.SwaggerUI.SwaggerUIMiddleware.Invoke(HttpContext httpContext)
   at Swashbuckle.AspNetCore.Swagger.SwaggerMiddleware.Invoke(HttpContext httpContext, ISwaggerProvider swaggerProvider)
   at Serilog.AspNetCore.RequestLoggingMiddleware.Invoke(HttpContext httpContext)
2026-08-13 15:09:11.380 +03:00 [ERR] An unhandled exception has occurred while executing the request.
System.Exception: DEBUG - Sysmond Stok Oluşturuldu fakat Fiyat ID bulunamadı! Gelen Ham JSON: {"status":{"success":true,"message":null,"code":null},"data":{"id":"26634be2-09d8-9104-bc92-3a230d339805","details":null}}
   at SysmondAx.Integration.Services.Stock.SysmondStockService.CreateStockAsync(SysmondStockRequest request) in /Users/yigit/RiderProjects/ECommerceManagement/integrations/SysmondAx.Integration/Services/Stock/SysmondStockService.cs:line 77
   at ECommerceManagement.Application.Services.ProductService.AddAsync(CreateProductDto dto) in /Users/yigit/RiderProjects/ECommerceManagement/src/ECommerceManagement.Application/Services/ProductService.cs:line 71
   at ECommerceManagement.Api.Controllers.SellerController.AddProduct(CreateProductDto dto) in /Users/yigit/RiderProjects/ECommerceManagement/src/ECommerceManagement.Api/Controllers/SellerController.cs:line 34
   at Microsoft.AspNetCore.Mvc.Infrastructure.ActionMethodExecutor.TaskOfIActionResultExecutor.Execute(ActionContext actionContext, IActionResultTypeMapper mapper, ObjectMethodExecutor executor, Object controller, Object[] arguments)
   at Microsoft.AspNetCore.Mvc.Infrastructure.ControllerActionInvoker.<InvokeActionMethodAsync>g__Awaited|12_0(ControllerActionInvoker invoker, ValueTask`1 actionResultValueTask)
   at Microsoft.AspNetCore.Mvc.Infrastructure.ControllerActionInvoker.<InvokeNextActionFilterAsync>g__Awaited|10_0(ControllerActionInvoker invoker, Task lastTask, State next, Scope scope, Object state, Boolean isCompleted)
   at Microsoft.AspNetCore.Mvc.Infrastructure.ControllerActionInvoker.Rethrow(ActionExecutedContextSealed context)
   at Microsoft.AspNetCore.Mvc.Infrastructure.ControllerActionInvoker.Next(State& next, Scope& scope, Object& state, Boolean& isCompleted)
   at Microsoft.AspNetCore.Mvc.Infrastructure.ControllerActionInvoker.<InvokeInnerFilterAsync>g__Awaited|13_0(ControllerActionInvoker invoker, Task lastTask, State next, Scope scope, Object state, Boolean isCompleted)
   at Microsoft.AspNetCore.Mvc.Infrastructure.ResourceInvoker.<InvokeFilterPipelineAsync>g__Awaited|20_0(ResourceInvoker invoker, Task lastTask, State next, Scope scope, Object state, Boolean isCompleted)
   at Microsoft.AspNetCore.Mvc.Infrastructure.ResourceInvoker.<InvokeAsync>g__Logged|17_1(ResourceInvoker invoker)
   at Microsoft.AspNetCore.Mvc.Infrastructure.ResourceInvoker.<InvokeAsync>g__Logged|17_1(ResourceInvoker invoker)
   at Microsoft.AspNetCore.Routing.EndpointMiddleware.<Invoke>g__AwaitRequestTask|7_0(Endpoint endpoint, Task requestTask, ILogger logger)
   at Microsoft.AspNetCore.Authorization.AuthorizationMiddleware.Invoke(HttpContext context)
   at Microsoft.AspNetCore.Authentication.AuthenticationMiddleware.Invoke(HttpContext context)
   at Swashbuckle.AspNetCore.SwaggerUI.SwaggerUIMiddleware.Invoke(HttpContext httpContext)
   at Swashbuckle.AspNetCore.Swagger.SwaggerMiddleware.Invoke(HttpContext httpContext, ISwaggerProvider swaggerProvider)
   at Serilog.AspNetCore.RequestLoggingMiddleware.Invoke(HttpContext httpContext)
   at Microsoft.AspNetCore.Diagnostics.DeveloperExceptionPageMiddlewareImpl.Invoke(HttpContext context)
2026-08-13 15:09:11.387 +03:00 [INF] Request finished HTTP/1.1 POST http://localhost:5275/api/Seller/products - 500 null text/plain; charset=utf-8 724.5757ms
2026-08-13 15:10:41.303 +03:00 [INF] Application is shutting down...
2026-08-13 15:10:43.758 +03:00 [INF] Executed DbCommand (12ms) [Parameters=[], CommandType='"Text"', CommandTimeout='30']
SELECT CASE
    WHEN EXISTS (
        SELECT 1
        FROM [Users] AS [u]
        WHERE [u].[Email] = N'superadmin@sistem.com') THEN CAST(1 AS bit)
    ELSE CAST(0 AS bit)
END
2026-08-13 15:10:43.781 +03:00 [INF] Executed DbCommand (3ms) [Parameters=[], CommandType='"Text"', CommandTimeout='30']
SELECT CASE
    WHEN EXISTS (
        SELECT 1
        FROM [Users] AS [u]
        WHERE [u].[Email] = N'admin@sistem.com') THEN CAST(1 AS bit)
    ELSE CAST(0 AS bit)
END
2026-08-13 15:10:43.784 +03:00 [INF] User profile is available. Using '/Users/yigit/.aspnet/DataProtection-Keys' as key repository; keys will not be encrypted at rest.
2026-08-13 15:10:43.803 +03:00 [INF] Now listening on: http://localhost:5275
2026-08-13 15:10:43.803 +03:00 [INF] Application started. Press Ctrl+C to shut down.
2026-08-13 15:10:43.803 +03:00 [INF] Hosting environment: Development
2026-08-13 15:10:43.803 +03:00 [INF] Content root path: /Users/yigit/RiderProjects/ECommerceManagement/src/ECommerceManagement.Api
2026-08-13 15:10:55.261 +03:00 [INF] Request starting HTTP/1.1 POST http://localhost:5275/api/Seller/products - application/json 123
2026-08-13 15:10:55.282 +03:00 [WRN] Failed to determine the https port for redirect.
2026-08-13 15:10:55.314 +03:00 [INF] Executing endpoint 'ECommerceManagement.Api.Controllers.SellerController.AddProduct (ECommerceManagement.Api)'
2026-08-13 15:10:55.320 +03:00 [INF] Route matched with {action = "AddProduct", controller = "Seller"}. Executing controller action with signature System.Threading.Tasks.Task`1[Microsoft.AspNetCore.Mvc.IActionResult] AddProduct(ECommerceManagement.Application.DTOs.Catalog.CreateProductDto) on controller ECommerceManagement.Api.Controllers.SellerController (ECommerceManagement.Api).
2026-08-13 15:10:55.344 +03:00 [WRN] You do not have a valid license key for the Lucky Penny software AutoMapper. This is allowed for development and testing scenarios. If you are running in production you are required to have a licensed version. Please visit https://luckypennysoftware.com to obtain a valid license.
2026-08-13 15:10:55.899 +03:00 [INF] Executed DbCommand (24ms) [Parameters=[@p='?' (DbType = Int32)], CommandType='"Text"', CommandTimeout='30']
SELECT TOP(1) [w].[Id], [w].[CreatedAt], [w].[IsActive], [w].[Location], [w].[Name], [w].[SysmondId]
FROM [Warehouses] AS [w]
WHERE [w].[Id] = @p
2026-08-13 15:10:56.063 +03:00 [INF] Executed action ECommerceManagement.Api.Controllers.SellerController.AddProduct (ECommerceManagement.Api) in 741.1736ms
2026-08-13 15:10:56.064 +03:00 [INF] Executed endpoint 'ECommerceManagement.Api.Controllers.SellerController.AddProduct (ECommerceManagement.Api)'
2026-08-13 15:10:56.065 +03:00 [ERR] HTTP POST /api/Seller/products responded 500 in 789.8535 ms
System.Exception: Sysmond Fişe Kalem eklenemedi. Hata: {"error":{"code":null,"message":"İşleminiz geçerli değil!","details":"Aşağıdaki hatalar doğrulama sırasında tespit edilmiştir.\r\n - Stok fiyat seçimi zorunlu\r\n","data":null,"validationErrors":[{"message":"Stok fiyat seçimi zorunlu","members":["stockPriceId"]}]}}
   at SysmondAx.Integration.Services.Stock.SysmondStockService.AddStockReceiptItemAsync(Guid receiptId, Guid stockId, Guid warehouseId, Decimal quantity, Decimal unitPrice, Nullable`1 stockPriceId) in /Users/yigit/RiderProjects/ECommerceManagement/integrations/SysmondAx.Integration/Services/Stock/SysmondStockService.cs:line 155
   at ECommerceManagement.Application.Services.ProductService.AddAsync(CreateProductDto dto) in /Users/yigit/RiderProjects/ECommerceManagement/src/ECommerceManagement.Application/Services/ProductService.cs:line 93
   at ECommerceManagement.Api.Controllers.SellerController.AddProduct(CreateProductDto dto) in /Users/yigit/RiderProjects/ECommerceManagement/src/ECommerceManagement.Api/Controllers/SellerController.cs:line 34
   at Microsoft.AspNetCore.Mvc.Infrastructure.ActionMethodExecutor.TaskOfIActionResultExecutor.Execute(ActionContext actionContext, IActionResultTypeMapper mapper, ObjectMethodExecutor executor, Object controller, Object[] arguments)
   at Microsoft.AspNetCore.Mvc.Infrastructure.ControllerActionInvoker.<InvokeActionMethodAsync>g__Awaited|12_0(ControllerActionInvoker invoker, ValueTask`1 actionResultValueTask)
   at Microsoft.AspNetCore.Mvc.Infrastructure.ControllerActionInvoker.<InvokeNextActionFilterAsync>g__Awaited|10_0(ControllerActionInvoker invoker, Task lastTask, State next, Scope scope, Object state, Boolean isCompleted)
   at Microsoft.AspNetCore.Mvc.Infrastructure.ControllerActionInvoker.Rethrow(ActionExecutedContextSealed context)
   at Microsoft.AspNetCore.Mvc.Infrastructure.ControllerActionInvoker.Next(State& next, Scope& scope, Object& state, Boolean& isCompleted)
   at Microsoft.AspNetCore.Mvc.Infrastructure.ControllerActionInvoker.<InvokeInnerFilterAsync>g__Awaited|13_0(ControllerActionInvoker invoker, Task lastTask, State next, Scope scope, Object state, Boolean isCompleted)
   at Microsoft.AspNetCore.Mvc.Infrastructure.ResourceInvoker.<InvokeFilterPipelineAsync>g__Awaited|20_0(ResourceInvoker invoker, Task lastTask, State next, Scope scope, Object state, Boolean isCompleted)
   at Microsoft.AspNetCore.Mvc.Infrastructure.ResourceInvoker.<InvokeAsync>g__Logged|17_1(ResourceInvoker invoker)
   at Microsoft.AspNetCore.Mvc.Infrastructure.ResourceInvoker.<InvokeAsync>g__Logged|17_1(ResourceInvoker invoker)
   at Microsoft.AspNetCore.Routing.EndpointMiddleware.<Invoke>g__AwaitRequestTask|7_0(Endpoint endpoint, Task requestTask, ILogger logger)
   at Microsoft.AspNetCore.Authorization.AuthorizationMiddleware.Invoke(HttpContext context)
   at Microsoft.AspNetCore.Authentication.AuthenticationMiddleware.Invoke(HttpContext context)
   at Swashbuckle.AspNetCore.SwaggerUI.SwaggerUIMiddleware.Invoke(HttpContext httpContext)
   at Swashbuckle.AspNetCore.Swagger.SwaggerMiddleware.Invoke(HttpContext httpContext, ISwaggerProvider swaggerProvider)
   at Serilog.AspNetCore.RequestLoggingMiddleware.Invoke(HttpContext httpContext)
2026-08-13 15:10:56.070 +03:00 [ERR] An unhandled exception has occurred while executing the request.
System.Exception: Sysmond Fişe Kalem eklenemedi. Hata: {"error":{"code":null,"message":"İşleminiz geçerli değil!","details":"Aşağıdaki hatalar doğrulama sırasında tespit edilmiştir.\r\n - Stok fiyat seçimi zorunlu\r\n","data":null,"validationErrors":[{"message":"Stok fiyat seçimi zorunlu","members":["stockPriceId"]}]}}
   at SysmondAx.Integration.Services.Stock.SysmondStockService.AddStockReceiptItemAsync(Guid receiptId, Guid stockId, Guid warehouseId, Decimal quantity, Decimal unitPrice, Nullable`1 stockPriceId) in /Users/yigit/RiderProjects/ECommerceManagement/integrations/SysmondAx.Integration/Services/Stock/SysmondStockService.cs:line 155
   at ECommerceManagement.Application.Services.ProductService.AddAsync(CreateProductDto dto) in /Users/yigit/RiderProjects/ECommerceManagement/src/ECommerceManagement.Application/Services/ProductService.cs:line 93
   at ECommerceManagement.Api.Controllers.SellerController.AddProduct(CreateProductDto dto) in /Users/yigit/RiderProjects/ECommerceManagement/src/ECommerceManagement.Api/Controllers/SellerController.cs:line 34
   at Microsoft.AspNetCore.Mvc.Infrastructure.ActionMethodExecutor.TaskOfIActionResultExecutor.Execute(ActionContext actionContext, IActionResultTypeMapper mapper, ObjectMethodExecutor executor, Object controller, Object[] arguments)
   at Microsoft.AspNetCore.Mvc.Infrastructure.ControllerActionInvoker.<InvokeActionMethodAsync>g__Awaited|12_0(ControllerActionInvoker invoker, ValueTask`1 actionResultValueTask)
   at Microsoft.AspNetCore.Mvc.Infrastructure.ControllerActionInvoker.<InvokeNextActionFilterAsync>g__Awaited|10_0(ControllerActionInvoker invoker, Task lastTask, State next, Scope scope, Object state, Boolean isCompleted)
   at Microsoft.AspNetCore.Mvc.Infrastructure.ControllerActionInvoker.Rethrow(ActionExecutedContextSealed context)
   at Microsoft.AspNetCore.Mvc.Infrastructure.ControllerActionInvoker.Next(State& next, Scope& scope, Object& state, Boolean& isCompleted)
   at Microsoft.AspNetCore.Mvc.Infrastructure.ControllerActionInvoker.<InvokeInnerFilterAsync>g__Awaited|13_0(ControllerActionInvoker invoker, Task lastTask, State next, Scope scope, Object state, Boolean isCompleted)
   at Microsoft.AspNetCore.Mvc.Infrastructure.ResourceInvoker.<InvokeFilterPipelineAsync>g__Awaited|20_0(ResourceInvoker invoker, Task lastTask, State next, Scope scope, Object state, Boolean isCompleted)
   at Microsoft.AspNetCore.Mvc.Infrastructure.ResourceInvoker.<InvokeAsync>g__Logged|17_1(ResourceInvoker invoker)
   at Microsoft.AspNetCore.Mvc.Infrastructure.ResourceInvoker.<InvokeAsync>g__Logged|17_1(ResourceInvoker invoker)
   at Microsoft.AspNetCore.Routing.EndpointMiddleware.<Invoke>g__AwaitRequestTask|7_0(Endpoint endpoint, Task requestTask, ILogger logger)
   at Microsoft.AspNetCore.Authorization.AuthorizationMiddleware.Invoke(HttpContext context)
   at Microsoft.AspNetCore.Authentication.AuthenticationMiddleware.Invoke(HttpContext context)
   at Swashbuckle.AspNetCore.SwaggerUI.SwaggerUIMiddleware.Invoke(HttpContext httpContext)
   at Swashbuckle.AspNetCore.Swagger.SwaggerMiddleware.Invoke(HttpContext httpContext, ISwaggerProvider swaggerProvider)
   at Serilog.AspNetCore.RequestLoggingMiddleware.Invoke(HttpContext httpContext)
   at Microsoft.AspNetCore.Diagnostics.DeveloperExceptionPageMiddlewareImpl.Invoke(HttpContext context)
2026-08-13 15:10:56.076 +03:00 [INF] Request finished HTTP/1.1 POST http://localhost:5275/api/Seller/products - 500 null text/plain; charset=utf-8 816.5288ms
2026-08-13 15:18:06.845 +03:00 [INF] Request starting HTTP/1.1 GET http://localhost:5275/api/Seller/products - null null
2026-08-13 15:18:06.855 +03:00 [INF] Authorization failed. These requirements were not met:
RolesAuthorizationRequirement:User.IsInRole must be true for one of the following roles: (Seller)
2026-08-13 15:18:06.857 +03:00 [INF] AuthenticationScheme: Bearer was challenged.
2026-08-13 15:18:06.857 +03:00 [INF] HTTP GET /api/Seller/products responded 401 in 9.9945 ms
2026-08-13 15:18:06.858 +03:00 [INF] Request finished HTTP/1.1 GET http://localhost:5275/api/Seller/products - 401 0 null 13.0944ms
2026-08-13 15:18:13.446 +03:00 [INF] Application is shutting down...
2026-08-13 15:18:15.745 +03:00 [INF] Executed DbCommand (12ms) [Parameters=[], CommandType='"Text"', CommandTimeout='30']
SELECT CASE
    WHEN EXISTS (
        SELECT 1
        FROM [Users] AS [u]
        WHERE [u].[Email] = N'superadmin@sistem.com') THEN CAST(1 AS bit)
    ELSE CAST(0 AS bit)
END
2026-08-13 15:18:15.767 +03:00 [INF] Executed DbCommand (3ms) [Parameters=[], CommandType='"Text"', CommandTimeout='30']
SELECT CASE
    WHEN EXISTS (
        SELECT 1
        FROM [Users] AS [u]
        WHERE [u].[Email] = N'admin@sistem.com') THEN CAST(1 AS bit)
    ELSE CAST(0 AS bit)
END
2026-08-13 15:18:15.770 +03:00 [INF] User profile is available. Using '/Users/yigit/.aspnet/DataProtection-Keys' as key repository; keys will not be encrypted at rest.
2026-08-13 15:18:15.786 +03:00 [INF] Now listening on: http://localhost:5275
2026-08-13 15:18:15.787 +03:00 [INF] Application started. Press Ctrl+C to shut down.
2026-08-13 15:18:15.787 +03:00 [INF] Hosting environment: Development
2026-08-13 15:18:15.787 +03:00 [INF] Content root path: /Users/yigit/RiderProjects/ECommerceManagement/src/ECommerceManagement.Api
2026-08-13 15:18:24.583 +03:00 [INF] Request starting HTTP/1.1 POST http://localhost:5275/api/Seller/products - application/json 123
2026-08-13 15:18:24.608 +03:00 [WRN] Failed to determine the https port for redirect.
2026-08-13 15:18:24.644 +03:00 [INF] Executing endpoint 'ECommerceManagement.Api.Controllers.SellerController.AddProduct (ECommerceManagement.Api)'
2026-08-13 15:18:24.650 +03:00 [INF] Route matched with {action = "AddProduct", controller = "Seller"}. Executing controller action with signature System.Threading.Tasks.Task`1[Microsoft.AspNetCore.Mvc.IActionResult] AddProduct(ECommerceManagement.Application.DTOs.Catalog.CreateProductDto) on controller ECommerceManagement.Api.Controllers.SellerController (ECommerceManagement.Api).
2026-08-13 15:18:24.676 +03:00 [WRN] You do not have a valid license key for the Lucky Penny software AutoMapper. This is allowed for development and testing scenarios. If you are running in production you are required to have a licensed version. Please visit https://luckypennysoftware.com to obtain a valid license.
2026-08-13 15:18:25.187 +03:00 [INF] Executed DbCommand (14ms) [Parameters=[@p='?' (DbType = Int32)], CommandType='"Text"', CommandTimeout='30']
SELECT TOP(1) [w].[Id], [w].[CreatedAt], [w].[IsActive], [w].[Location], [w].[Name], [w].[SysmondId]
FROM [Warehouses] AS [w]
WHERE [w].[Id] = @p
2026-08-13 15:18:25.552 +03:00 [INF] Executed DbCommand (26ms) [Parameters=[@p0='?' (DbType = Int32), @p1='?' (DbType = DateTime2), @p2='?' (DbType = Boolean), @p3='?' (Size = 4000), @p4='?' (Precision = 18) (Scale = 2) (DbType = Decimal), @p5='?' (DbType = Int32), @p6='?' (DbType = Int32), @p7='?' (Size = 4000), @p8='?' (DbType = Guid), @p9='?' (DbType = DateTime2), @p10='?' (DbType = Int32)], CommandType='"Text"', CommandTimeout='30']
SET IMPLICIT_TRANSACTIONS OFF;
SET NOCOUNT ON;
INSERT INTO [Products] ([CategoryId], [CreatedAt], [IsActive], [Name], [Price], [Quantity], [SellerId], [Sku], [SysmondStockId], [UpdatedAt], [WarehouseId])
OUTPUT INSERTED.[Id]
VALUES (@p0, @p1, @p2, @p3, @p4, @p5, @p6, @p7, @p8, @p9, @p10);
2026-08-13 15:18:25.575 +03:00 [INF] Executed DbCommand (7ms) [Parameters=[@p0='?' (DbType = DateTime2), @p1='?' (DbType = Int32), @p2='?' (DbType = Int32), @p3='?' (DbType = Int32), @p4='?' (DbType = Int32)], CommandType='"Text"', CommandTimeout='30']
SET IMPLICIT_TRANSACTIONS OFF;
SET NOCOUNT ON;
INSERT INTO [ProductMovements] ([CreatedAt], [MovementType], [ProductId], [Quantity], [ReferenceId])
OUTPUT INSERTED.[Id]
VALUES (@p0, @p1, @p2, @p3, @p4);
2026-08-13 15:18:25.578 +03:00 [INF] Executing OkObjectResult, writing value of type '<>f__AnonymousType0`1[[System.String, System.Private.CoreLib, Version=10.0.0.0, Culture=neutral, PublicKeyToken=7cec85d7bea7798e]]'.
2026-08-13 15:18:25.581 +03:00 [INF] Executed action ECommerceManagement.Api.Controllers.SellerController.AddProduct (ECommerceManagement.Api) in 929.6096ms
2026-08-13 15:18:25.581 +03:00 [INF] Executed endpoint 'ECommerceManagement.Api.Controllers.SellerController.AddProduct (ECommerceManagement.Api)'
2026-08-13 15:18:25.582 +03:00 [INF] HTTP POST /api/Seller/products responded 200 in 985.0716 ms
2026-08-13 15:18:25.583 +03:00 [INF] Request finished HTTP/1.1 POST http://localhost:5275/api/Seller/products - 200 null application/json; charset=utf-8 1001.6009ms
2026-08-13 15:31:38.307 +03:00 [INF] Application is shutting down...
2026-08-13 15:31:48.147 +03:00 [INF] Executed DbCommand (12ms) [Parameters=[], CommandType='"Text"', CommandTimeout='30']
SELECT CASE
    WHEN EXISTS (
        SELECT 1
        FROM [Users] AS [u]
        WHERE [u].[Email] = N'superadmin@sistem.com') THEN CAST(1 AS bit)
    ELSE CAST(0 AS bit)
END
2026-08-13 15:31:48.169 +03:00 [INF] Executed DbCommand (3ms) [Parameters=[], CommandType='"Text"', CommandTimeout='30']
SELECT CASE
    WHEN EXISTS (
        SELECT 1
        FROM [Users] AS [u]
        WHERE [u].[Email] = N'admin@sistem.com') THEN CAST(1 AS bit)
    ELSE CAST(0 AS bit)
END
2026-08-13 15:31:48.173 +03:00 [INF] User profile is available. Using '/Users/yigit/.aspnet/DataProtection-Keys' as key repository; keys will not be encrypted at rest.
2026-08-13 15:31:48.189 +03:00 [INF] Now listening on: http://localhost:5275
2026-08-13 15:31:48.190 +03:00 [INF] Application started. Press Ctrl+C to shut down.
2026-08-13 15:31:48.190 +03:00 [INF] Hosting environment: Development
2026-08-13 15:31:48.190 +03:00 [INF] Content root path: /Users/yigit/RiderProjects/ECommerceManagement/src/ECommerceManagement.Api
2026-08-13 15:32:08.116 +03:00 [INF] Request starting HTTP/1.1 POST http://localhost:5275/api/Auth/login - application/json 60
2026-08-13 15:32:08.133 +03:00 [WRN] Failed to determine the https port for redirect.
2026-08-13 15:32:08.158 +03:00 [INF] Executing endpoint 'ECommerceManagement.Api.Controllers.AuthController.Login (ECommerceManagement.Api)'
2026-08-13 15:32:08.166 +03:00 [INF] Route matched with {action = "Login", controller = "Auth"}. Executing controller action with signature System.Threading.Tasks.Task`1[Microsoft.AspNetCore.Mvc.IActionResult] Login(ECommerceManagement.Application.DTOs.Auth.LoginDto) on controller ECommerceManagement.Api.Controllers.AuthController (ECommerceManagement.Api).
2026-08-13 15:32:08.194 +03:00 [WRN] You do not have a valid license key for the Lucky Penny software AutoMapper. This is allowed for development and testing scenarios. If you are running in production you are required to have a licensed version. Please visit https://luckypennysoftware.com to obtain a valid license.
2026-08-13 15:32:08.234 +03:00 [INF] Executed DbCommand (7ms) [Parameters=[@dto_Email='?' (Size = 450)], CommandType='"Text"', CommandTimeout='30']
SELECT TOP(1) [u].[Id], [u].[CreatedAt], [u].[Email], [u].[IsActive], [u].[PasswordHash], [u].[RefreshToken], [u].[RefreshTokenExpiresAt], [u].[Username]
FROM [Users] AS [u]
WHERE [u].[Email] = @dto_Email
2026-08-13 15:32:08.284 +03:00 [INF] Executed DbCommand (3ms) [Parameters=[@user_Id='?' (DbType = Int32)], CommandType='"Text"', CommandTimeout='30']
SELECT [u].[UserId], [u].[RoleId]
FROM [UserRoles] AS [u]
WHERE [u].[UserId] = @user_Id
2026-08-13 15:32:08.308 +03:00 [INF] Executed DbCommand (3ms) [Parameters=[@roleIds1='?' (DbType = Int32)], CommandType='"Text"', CommandTimeout='30']
SELECT [r].[Id], [r].[CreatedAt], [r].[Name]
FROM [Roles] AS [r]
WHERE [r].[Id] = @roleIds1
2026-08-13 15:32:08.353 +03:00 [INF] Executed DbCommand (10ms) [Parameters=[@p7='?' (DbType = Int32), @p0='?' (DbType = DateTime2), @p1='?' (Size = 450), @p2='?' (DbType = Boolean), @p3='?' (Size = 4000), @p4='?' (Size = 4000), @p5='?' (DbType = DateTime2), @p6='?' (Size = 4000)], CommandType='"Text"', CommandTimeout='30']
SET IMPLICIT_TRANSACTIONS OFF;
SET NOCOUNT ON;
UPDATE [Users] SET [CreatedAt] = @p0, [Email] = @p1, [IsActive] = @p2, [PasswordHash] = @p3, [RefreshToken] = @p4, [RefreshTokenExpiresAt] = @p5, [Username] = @p6
OUTPUT 1
WHERE [Id] = @p7;
2026-08-13 15:32:08.357 +03:00 [INF] Executing OkObjectResult, writing value of type 'ECommerceManagement.Application.DTOs.Auth.TokenResponseDto'.
2026-08-13 15:32:08.360 +03:00 [INF] Executed action ECommerceManagement.Api.Controllers.AuthController.Login (ECommerceManagement.Api) in 192.6571ms
2026-08-13 15:32:08.360 +03:00 [INF] Executed endpoint 'ECommerceManagement.Api.Controllers.AuthController.Login (ECommerceManagement.Api)'
2026-08-13 15:32:08.361 +03:00 [INF] HTTP POST /api/Auth/login responded 200 in 233.9691 ms
2026-08-13 15:32:08.362 +03:00 [INF] Request finished HTTP/1.1 POST http://localhost:5275/api/Auth/login - 200 null application/json; charset=utf-8 247.8515ms
2026-08-13 15:32:25.288 +03:00 [INF] Request starting HTTP/1.1 GET http://localhost:5275/index.html - null null
2026-08-13 15:32:25.334 +03:00 [INF] HTTP GET /index.html responded 200 in 44.6585 ms
2026-08-13 15:32:25.335 +03:00 [INF] Request finished HTTP/1.1 GET http://localhost:5275/index.html - 200 null text/html;charset=utf-8 46.7325ms
2026-08-13 15:32:25.763 +03:00 [INF] Request starting HTTP/1.1 GET http://localhost:5275/swagger/v1/swagger.json - null null
2026-08-13 15:32:25.806 +03:00 [INF] HTTP GET /swagger/v1/swagger.json responded 200 in 41.9145 ms
2026-08-13 15:32:25.806 +03:00 [INF] Request finished HTTP/1.1 GET http://localhost:5275/swagger/v1/swagger.json - 200 null application/json;charset=utf-8 42.5449ms
2026-08-13 15:32:44.946 +03:00 [INF] Request starting HTTP/1.1 POST http://localhost:5275/api/Admin/warehouses/sync - null 0
2026-08-13 15:32:44.987 +03:00 [INF] Executing endpoint 'ECommerceManagement.Api.Controllers.AdminController.SyncWarehouses (ECommerceManagement.Api)'
2026-08-13 15:32:44.993 +03:00 [INF] Route matched with {action = "SyncWarehouses", controller = "Admin"}. Executing controller action with signature System.Threading.Tasks.Task`1[Microsoft.AspNetCore.Mvc.IActionResult] SyncWarehouses() on controller ECommerceManagement.Api.Controllers.AdminController (ECommerceManagement.Api).
2026-08-13 15:32:45.812 +03:00 [INF] Executed action ECommerceManagement.Api.Controllers.AdminController.SyncWarehouses (ECommerceManagement.Api) in 818.2935ms
2026-08-13 15:32:45.812 +03:00 [INF] Executed endpoint 'ECommerceManagement.Api.Controllers.AdminController.SyncWarehouses (ECommerceManagement.Api)'
2026-08-13 15:32:45.813 +03:00 [ERR] HTTP POST /api/Admin/warehouses/sync responded 500 in 865.3541 ms
System.Exception: Sysmond depoları getirilemedi. Hata: {"error":{"code":"Sysmond.Error:20003","message":"Şirket için bu işlemi yapmaya yetkiniz yok.","details":null,"data":{},"validationErrors":null}}
   at SysmondAx.Integration.Services.Warehouse.SysmondWarehouseService.GetWarehousesAsync() in /Users/yigit/RiderProjects/ECommerceManagement/integrations/SysmondAx.Integration/Services/Warehouse/SysmondWarehouseService.cs:line 70
   at ECommerceManagement.Application.Services.AdminService.SyncWarehousesAsync() in /Users/yigit/RiderProjects/ECommerceManagement/src/ECommerceManagement.Application/Services/AdminService.cs:line 90
   at ECommerceManagement.Api.Controllers.AdminController.SyncWarehouses() in /Users/yigit/RiderProjects/ECommerceManagement/src/ECommerceManagement.Api/Controllers/AdminController.cs:line 58
   at Microsoft.AspNetCore.Mvc.Infrastructure.ActionMethodExecutor.TaskOfIActionResultExecutor.Execute(ActionContext actionContext, IActionResultTypeMapper mapper, ObjectMethodExecutor executor, Object controller, Object[] arguments)
   at Microsoft.AspNetCore.Mvc.Infrastructure.ControllerActionInvoker.<InvokeActionMethodAsync>g__Awaited|12_0(ControllerActionInvoker invoker, ValueTask`1 actionResultValueTask)
   at Microsoft.AspNetCore.Mvc.Infrastructure.ControllerActionInvoker.<InvokeNextActionFilterAsync>g__Awaited|10_0(ControllerActionInvoker invoker, Task lastTask, State next, Scope scope, Object state, Boolean isCompleted)
   at Microsoft.AspNetCore.Mvc.Infrastructure.ControllerActionInvoker.Rethrow(ActionExecutedContextSealed context)
   at Microsoft.AspNetCore.Mvc.Infrastructure.ControllerActionInvoker.Next(State& next, Scope& scope, Object& state, Boolean& isCompleted)
   at Microsoft.AspNetCore.Mvc.Infrastructure.ControllerActionInvoker.<InvokeInnerFilterAsync>g__Awaited|13_0(ControllerActionInvoker invoker, Task lastTask, State next, Scope scope, Object state, Boolean isCompleted)
   at Microsoft.AspNetCore.Mvc.Infrastructure.ResourceInvoker.<InvokeFilterPipelineAsync>g__Awaited|20_0(ResourceInvoker invoker, Task lastTask, State next, Scope scope, Object state, Boolean isCompleted)
   at Microsoft.AspNetCore.Mvc.Infrastructure.ResourceInvoker.<InvokeAsync>g__Logged|17_1(ResourceInvoker invoker)
   at Microsoft.AspNetCore.Mvc.Infrastructure.ResourceInvoker.<InvokeAsync>g__Logged|17_1(ResourceInvoker invoker)
   at Microsoft.AspNetCore.Routing.EndpointMiddleware.<Invoke>g__AwaitRequestTask|7_0(Endpoint endpoint, Task requestTask, ILogger logger)
   at Microsoft.AspNetCore.Authorization.AuthorizationMiddleware.Invoke(HttpContext context)
   at Microsoft.AspNetCore.Authentication.AuthenticationMiddleware.Invoke(HttpContext context)
   at Swashbuckle.AspNetCore.SwaggerUI.SwaggerUIMiddleware.Invoke(HttpContext httpContext)
   at Swashbuckle.AspNetCore.Swagger.SwaggerMiddleware.Invoke(HttpContext httpContext, ISwaggerProvider swaggerProvider)
   at Serilog.AspNetCore.RequestLoggingMiddleware.Invoke(HttpContext httpContext)
2026-08-13 15:32:45.825 +03:00 [ERR] An unhandled exception has occurred while executing the request.
System.Exception: Sysmond depoları getirilemedi. Hata: {"error":{"code":"Sysmond.Error:20003","message":"Şirket için bu işlemi yapmaya yetkiniz yok.","details":null,"data":{},"validationErrors":null}}
   at SysmondAx.Integration.Services.Warehouse.SysmondWarehouseService.GetWarehousesAsync() in /Users/yigit/RiderProjects/ECommerceManagement/integrations/SysmondAx.Integration/Services/Warehouse/SysmondWarehouseService.cs:line 70
   at ECommerceManagement.Application.Services.AdminService.SyncWarehousesAsync() in /Users/yigit/RiderProjects/ECommerceManagement/src/ECommerceManagement.Application/Services/AdminService.cs:line 90
   at ECommerceManagement.Api.Controllers.AdminController.SyncWarehouses() in /Users/yigit/RiderProjects/ECommerceManagement/src/ECommerceManagement.Api/Controllers/AdminController.cs:line 58
   at Microsoft.AspNetCore.Mvc.Infrastructure.ActionMethodExecutor.TaskOfIActionResultExecutor.Execute(ActionContext actionContext, IActionResultTypeMapper mapper, ObjectMethodExecutor executor, Object controller, Object[] arguments)
   at Microsoft.AspNetCore.Mvc.Infrastructure.ControllerActionInvoker.<InvokeActionMethodAsync>g__Awaited|12_0(ControllerActionInvoker invoker, ValueTask`1 actionResultValueTask)
   at Microsoft.AspNetCore.Mvc.Infrastructure.ControllerActionInvoker.<InvokeNextActionFilterAsync>g__Awaited|10_0(ControllerActionInvoker invoker, Task lastTask, State next, Scope scope, Object state, Boolean isCompleted)
   at Microsoft.AspNetCore.Mvc.Infrastructure.ControllerActionInvoker.Rethrow(ActionExecutedContextSealed context)
   at Microsoft.AspNetCore.Mvc.Infrastructure.ControllerActionInvoker.Next(State& next, Scope& scope, Object& state, Boolean& isCompleted)
   at Microsoft.AspNetCore.Mvc.Infrastructure.ControllerActionInvoker.<InvokeInnerFilterAsync>g__Awaited|13_0(ControllerActionInvoker invoker, Task lastTask, State next, Scope scope, Object state, Boolean isCompleted)
   at Microsoft.AspNetCore.Mvc.Infrastructure.ResourceInvoker.<InvokeFilterPipelineAsync>g__Awaited|20_0(ResourceInvoker invoker, Task lastTask, State next, Scope scope, Object state, Boolean isCompleted)
   at Microsoft.AspNetCore.Mvc.Infrastructure.ResourceInvoker.<InvokeAsync>g__Logged|17_1(ResourceInvoker invoker)
   at Microsoft.AspNetCore.Mvc.Infrastructure.ResourceInvoker.<InvokeAsync>g__Logged|17_1(ResourceInvoker invoker)
   at Microsoft.AspNetCore.Routing.EndpointMiddleware.<Invoke>g__AwaitRequestTask|7_0(Endpoint endpoint, Task requestTask, ILogger logger)
   at Microsoft.AspNetCore.Authorization.AuthorizationMiddleware.Invoke(HttpContext context)
   at Microsoft.AspNetCore.Authentication.AuthenticationMiddleware.Invoke(HttpContext context)
   at Swashbuckle.AspNetCore.SwaggerUI.SwaggerUIMiddleware.Invoke(HttpContext httpContext)
   at Swashbuckle.AspNetCore.Swagger.SwaggerMiddleware.Invoke(HttpContext httpContext, ISwaggerProvider swaggerProvider)
   at Serilog.AspNetCore.RequestLoggingMiddleware.Invoke(HttpContext httpContext)
   at Microsoft.AspNetCore.Diagnostics.DeveloperExceptionPageMiddlewareImpl.Invoke(HttpContext context)
2026-08-13 15:32:45.830 +03:00 [INF] Request finished HTTP/1.1 POST http://localhost:5275/api/Admin/warehouses/sync - 500 null text/plain; charset=utf-8 883.1579ms
2026-08-13 15:33:37.377 +03:00 [INF] Application is shutting down...
2026-08-13 15:33:39.626 +03:00 [INF] Executed DbCommand (13ms) [Parameters=[], CommandType='"Text"', CommandTimeout='30']
SELECT CASE
    WHEN EXISTS (
        SELECT 1
        FROM [Users] AS [u]
        WHERE [u].[Email] = N'superadmin@sistem.com') THEN CAST(1 AS bit)
    ELSE CAST(0 AS bit)
END
2026-08-13 15:33:39.647 +03:00 [INF] Executed DbCommand (2ms) [Parameters=[], CommandType='"Text"', CommandTimeout='30']
SELECT CASE
    WHEN EXISTS (
        SELECT 1
        FROM [Users] AS [u]
        WHERE [u].[Email] = N'admin@sistem.com') THEN CAST(1 AS bit)
    ELSE CAST(0 AS bit)
END
2026-08-13 15:33:39.651 +03:00 [INF] User profile is available. Using '/Users/yigit/.aspnet/DataProtection-Keys' as key repository; keys will not be encrypted at rest.
2026-08-13 15:33:39.665 +03:00 [INF] Now listening on: http://localhost:5275
2026-08-13 15:33:39.666 +03:00 [INF] Application started. Press Ctrl+C to shut down.
2026-08-13 15:33:39.666 +03:00 [INF] Hosting environment: Development
2026-08-13 15:33:39.666 +03:00 [INF] Content root path: /Users/yigit/RiderProjects/ECommerceManagement/src/ECommerceManagement.Api
2026-08-13 15:33:44.697 +03:00 [INF] Request starting HTTP/1.1 POST http://localhost:5275/api/Admin/warehouses/sync - null 0
2026-08-13 15:33:44.717 +03:00 [WRN] Failed to determine the https port for redirect.
2026-08-13 15:33:44.754 +03:00 [INF] Executing endpoint 'ECommerceManagement.Api.Controllers.AdminController.SyncWarehouses (ECommerceManagement.Api)'
2026-08-13 15:33:44.760 +03:00 [INF] Route matched with {action = "SyncWarehouses", controller = "Admin"}. Executing controller action with signature System.Threading.Tasks.Task`1[Microsoft.AspNetCore.Mvc.IActionResult] SyncWarehouses() on controller ECommerceManagement.Api.Controllers.AdminController (ECommerceManagement.Api).
2026-08-13 15:33:44.786 +03:00 [WRN] You do not have a valid license key for the Lucky Penny software AutoMapper. This is allowed for development and testing scenarios. If you are running in production you are required to have a licensed version. Please visit https://luckypennysoftware.com to obtain a valid license.
2026-08-13 15:33:45.136 +03:00 [INF] Executed DbCommand (17ms) [Parameters=[], CommandType='"Text"', CommandTimeout='30']
SELECT [w].[Id], [w].[CreatedAt], [w].[IsActive], [w].[Location], [w].[Name], [w].[SysmondId]
FROM [Warehouses] AS [w]
2026-08-13 15:33:45.249 +03:00 [INF] Executed DbCommand (50ms) [Parameters=[@p5='?' (DbType = Int32), @p0='?' (DbType = DateTime2), @p1='?' (DbType = Boolean), @p2='?' (Size = 4000), @p3='?' (Size = 4000), @p4='?' (DbType = Guid), @p6='?' (DbType = DateTime2), @p7='?' (DbType = Boolean), @p8='?' (Size = 4000), @p9='?' (Size = 4000), @p10='?' (DbType = Guid), @p11='?' (DbType = DateTime2), @p12='?' (DbType = Boolean), @p13='?' (Size = 4000), @p14='?' (Size = 4000), @p15='?' (DbType = Guid), @p16='?' (DbType = DateTime2), @p17='?' (DbType = Boolean), @p18='?' (Size = 4000), @p19='?' (Size = 4000), @p20='?' (DbType = Guid), @p21='?' (DbType = DateTime2), @p22='?' (DbType = Boolean), @p23='?' (Size = 4000), @p24='?' (Size = 4000), @p25='?' (DbType = Guid), @p26='?' (DbType = DateTime2), @p27='?' (DbType = Boolean), @p28='?' (Size = 4000), @p29='?' (Size = 4000), @p30='?' (DbType = Guid), @p31='?' (DbType = DateTime2), @p32='?' (DbType = Boolean), @p33='?' (Size = 4000), @p34='?' (Size = 4000), @p35='?' (DbType = Guid), @p36='?' (DbType = DateTime2), @p37='?' (DbType = Boolean), @p38='?' (Size = 4000), @p39='?' (Size = 4000), @p40='?' (DbType = Guid)], CommandType='"Text"', CommandTimeout='30']
SET NOCOUNT ON;
UPDATE [Warehouses] SET [CreatedAt] = @p0, [IsActive] = @p1, [Location] = @p2, [Name] = @p3, [SysmondId] = @p4
OUTPUT 1
WHERE [Id] = @p5;
MERGE [Warehouses] USING (
VALUES (@p6, @p7, @p8, @p9, @p10, 0),
(@p11, @p12, @p13, @p14, @p15, 1),
(@p16, @p17, @p18, @p19, @p20, 2),
(@p21, @p22, @p23, @p24, @p25, 3),
(@p26, @p27, @p28, @p29, @p30, 4),
(@p31, @p32, @p33, @p34, @p35, 5),
(@p36, @p37, @p38, @p39, @p40, 6)) AS i ([CreatedAt], [IsActive], [Location], [Name], [SysmondId], _Position) ON 1=0
WHEN NOT MATCHED THEN
INSERT ([CreatedAt], [IsActive], [Location], [Name], [SysmondId])
VALUES (i.[CreatedAt], i.[IsActive], i.[Location], i.[Name], i.[SysmondId])
OUTPUT INSERTED.[Id], i._Position;
2026-08-13 15:33:45.266 +03:00 [INF] Executing OkObjectResult, writing value of type '<>f__AnonymousType1`1[[System.String, System.Private.CoreLib, Version=10.0.0.0, Culture=neutral, PublicKeyToken=7cec85d7bea7798e]]'.
2026-08-13 15:33:45.270 +03:00 [INF] Executed action ECommerceManagement.Api.Controllers.AdminController.SyncWarehouses (ECommerceManagement.Api) in 508.8348ms
2026-08-13 15:33:45.270 +03:00 [INF] Executed endpoint 'ECommerceManagement.Api.Controllers.AdminController.SyncWarehouses (ECommerceManagement.Api)'
2026-08-13 15:33:45.271 +03:00 [INF] HTTP POST /api/Admin/warehouses/sync responded 200 in 561.9356 ms
2026-08-13 15:33:45.272 +03:00 [INF] Request finished HTTP/1.1 POST http://localhost:5275/api/Admin/warehouses/sync - 200 null application/json; charset=utf-8 575.8486ms
2026-08-13 15:33:53.556 +03:00 [INF] Request starting HTTP/1.1 GET http://localhost:5275/api/Admin/warehouses - null null
2026-08-13 15:33:53.680 +03:00 [INF] Executed DbCommand (6ms) [Parameters=[@userId='?' (DbType = Int32)], CommandType='"Text"', CommandTimeout='30']
SELECT [p].[Name]
FROM [UserRoles] AS [u]
INNER JOIN [Roles] AS [r] ON [u].[RoleId] = [r].[Id]
INNER JOIN [RolePermissions] AS [r0] ON [r].[Id] = [r0].[RoleId]
INNER JOIN [Permissions] AS [p] ON [r0].[PermissionId] = [p].[Id]
WHERE [u].[UserId] = @userId
2026-08-13 15:33:53.692 +03:00 [INF] Executed DbCommand (2ms) [Parameters=[@userId='?' (DbType = Int32)], CommandType='"Text"', CommandTimeout='30']
SELECT [u].[UserId], [u].[PermissionId], [u].[IsGranted], [p].[Id], [p].[CreatedAt], [p].[ModuleName], [p].[Name]
FROM [UserPermissions] AS [u]
INNER JOIN [Permissions] AS [p] ON [u].[PermissionId] = [p].[Id]
WHERE [u].[UserId] = @userId
2026-08-13 15:33:53.696 +03:00 [INF] Executing endpoint 'ECommerceManagement.Api.Controllers.AdminController.GetAllWarehouses (ECommerceManagement.Api)'
2026-08-13 15:33:53.697 +03:00 [INF] Route matched with {action = "GetAllWarehouses", controller = "Admin"}. Executing controller action with signature System.Threading.Tasks.Task`1[Microsoft.AspNetCore.Mvc.IActionResult] GetAllWarehouses() on controller ECommerceManagement.Api.Controllers.AdminController (ECommerceManagement.Api).
2026-08-13 15:33:53.700 +03:00 [INF] Executed DbCommand (2ms) [Parameters=[], CommandType='"Text"', CommandTimeout='30']
SELECT [w].[Id], [w].[CreatedAt], [w].[IsActive], [w].[Location], [w].[Name], [w].[SysmondId]
FROM [Warehouses] AS [w]
2026-08-13 15:33:53.704 +03:00 [INF] Executing OkObjectResult, writing value of type 'System.Collections.Generic.List`1[[ECommerceManagement.Application.DTOs.Catalog.WarehouseDto, ECommerceManagement.Application, Version=1.0.0.0, Culture=neutral, PublicKeyToken=null]]'.
2026-08-13 15:33:53.705 +03:00 [INF] Executed action ECommerceManagement.Api.Controllers.AdminController.GetAllWarehouses (ECommerceManagement.Api) in 7.6722ms
2026-08-13 15:33:53.705 +03:00 [INF] Executed endpoint 'ECommerceManagement.Api.Controllers.AdminController.GetAllWarehouses (ECommerceManagement.Api)'
2026-08-13 15:33:53.705 +03:00 [INF] HTTP GET /api/Admin/warehouses responded 200 in 145.0280 ms
2026-08-13 15:33:53.705 +03:00 [INF] Request finished HTTP/1.1 GET http://localhost:5275/api/Admin/warehouses - 200 null application/json; charset=utf-8 149.7508ms
2026-08-13 15:47:38.471 +03:00 [INF] Application is shutting down...
2026-08-13 15:47:50.168 +03:00 [INF] Executed DbCommand (12ms) [Parameters=[], CommandType='"Text"', CommandTimeout='30']
SELECT CASE
    WHEN EXISTS (
        SELECT 1
        FROM [Users] AS [u]
        WHERE [u].[Email] = N'superadmin@sistem.com') THEN CAST(1 AS bit)
    ELSE CAST(0 AS bit)
END
2026-08-13 15:47:50.189 +03:00 [INF] Executed DbCommand (2ms) [Parameters=[], CommandType='"Text"', CommandTimeout='30']
SELECT CASE
    WHEN EXISTS (
        SELECT 1
        FROM [Users] AS [u]
        WHERE [u].[Email] = N'admin@sistem.com') THEN CAST(1 AS bit)
    ELSE CAST(0 AS bit)
END
2026-08-13 15:47:50.192 +03:00 [INF] User profile is available. Using '/Users/yigit/.aspnet/DataProtection-Keys' as key repository; keys will not be encrypted at rest.
2026-08-13 15:47:50.208 +03:00 [INF] Now listening on: http://localhost:5275
2026-08-13 15:47:50.209 +03:00 [INF] Application started. Press Ctrl+C to shut down.
2026-08-13 15:47:50.209 +03:00 [INF] Hosting environment: Development
2026-08-13 15:47:50.209 +03:00 [INF] Content root path: /Users/yigit/RiderProjects/ECommerceManagement/src/ECommerceManagement.Api
2026-08-13 15:48:00.928 +03:00 [INF] Request starting HTTP/1.1 GET http://localhost:5275/index.html - null null
2026-08-13 15:48:00.971 +03:00 [INF] HTTP GET /index.html responded 200 in 29.3285 ms
2026-08-13 15:48:00.972 +03:00 [INF] Request finished HTTP/1.1 GET http://localhost:5275/index.html - 200 null text/html;charset=utf-8 45.636ms
2026-08-13 15:48:01.478 +03:00 [INF] Request starting HTTP/1.1 GET http://localhost:5275/swagger/v1/swagger.json - null null
2026-08-13 15:48:01.532 +03:00 [INF] HTTP GET /swagger/v1/swagger.json responded 200 in 52.9177 ms
2026-08-13 15:48:01.533 +03:00 [INF] Request finished HTTP/1.1 GET http://localhost:5275/swagger/v1/swagger.json - 200 null application/json;charset=utf-8 55.0544ms
2026-08-13 15:48:08.378 +03:00 [INF] Request starting HTTP/1.1 GET http://localhost:5275/api/Catalog/products - null null
2026-08-13 15:48:08.381 +03:00 [WRN] Failed to determine the https port for redirect.
2026-08-13 15:48:08.406 +03:00 [INF] Executing endpoint 'ECommerceManagement.Api.Controllers.CatalogController.GetActiveProducts (ECommerceManagement.Api)'
2026-08-13 15:48:08.417 +03:00 [INF] Route matched with {action = "GetActiveProducts", controller = "Catalog"}. Executing controller action with signature System.Threading.Tasks.Task`1[Microsoft.AspNetCore.Mvc.ActionResult`1[ECommerceManagement.Application.Common.PagedResultDto`1[ECommerceManagement.Application.DTOs.Catalog.ProductDto]]] GetActiveProducts(ECommerceManagement.Application.Common.ProductFilterDto) on controller ECommerceManagement.Api.Controllers.CatalogController (ECommerceManagement.Api).
2026-08-13 15:48:08.451 +03:00 [WRN] You do not have a valid license key for the Lucky Penny software AutoMapper. This is allowed for development and testing scenarios. If you are running in production you are required to have a licensed version. Please visit https://luckypennysoftware.com to obtain a valid license.
2026-08-13 15:48:08.512 +03:00 [INF] Executed DbCommand (34ms) [Parameters=[], CommandType='"Text"', CommandTimeout='30']
SELECT COUNT(*)
FROM [Products] AS [p]
WHERE [p].[IsActive] = CAST(1 AS bit) AND [p].[Quantity] > 0
2026-08-13 15:48:08.569 +03:00 [INF] Executed DbCommand (24ms) [Parameters=[@p='?' (DbType = Int32), @p1='?' (DbType = Int32)], CommandType='"Text"', CommandTimeout='30']
SELECT [p0].[Id], [p0].[CategoryId], [p0].[CreatedAt], [p0].[IsActive], [p0].[Name], [p0].[Price], [p0].[Quantity], [p0].[SellerId], [p0].[Sku], [p0].[SysmondStockId], [p0].[UpdatedAt], [p0].[WarehouseId], [c].[Id], [c].[CreatedAt], [c].[Name], [c].[ParentCategoryId], [s].[Id], [s].[CompanyName], [s].[ContactEmail], [s].[CreatedAt], [s].[TaxNumber], [s].[UserId], [w].[Id], [w].[CreatedAt], [w].[IsActive], [w].[Location], [w].[Name], [w].[SysmondId]
FROM (
    SELECT [p].[Id], [p].[CategoryId], [p].[CreatedAt], [p].[IsActive], [p].[Name], [p].[Price], [p].[Quantity], [p].[SellerId], [p].[Sku], [p].[SysmondStockId], [p].[UpdatedAt], [p].[WarehouseId]
    FROM [Products] AS [p]
    WHERE [p].[IsActive] = CAST(1 AS bit) AND [p].[Quantity] > 0
    ORDER BY [p].[CreatedAt] DESC
    OFFSET @p ROWS FETCH NEXT @p1 ROWS ONLY
) AS [p0]
INNER JOIN [Categories] AS [c] ON [p0].[CategoryId] = [c].[Id]
INNER JOIN [Sellers] AS [s] ON [p0].[SellerId] = [s].[Id]
INNER JOIN [Warehouses] AS [w] ON [p0].[WarehouseId] = [w].[Id]
ORDER BY [p0].[CreatedAt] DESC
2026-08-13 15:48:08.604 +03:00 [INF] Executing OkObjectResult, writing value of type 'ECommerceManagement.Application.Common.PagedResultDto`1[[ECommerceManagement.Application.DTOs.Catalog.ProductDto, ECommerceManagement.Application, Version=1.0.0.0, Culture=neutral, PublicKeyToken=null]]'.
2026-08-13 15:48:08.611 +03:00 [INF] Executed action ECommerceManagement.Api.Controllers.CatalogController.GetActiveProducts (ECommerceManagement.Api) in 193.1596ms
2026-08-13 15:48:08.612 +03:00 [INF] Executed endpoint 'ECommerceManagement.Api.Controllers.CatalogController.GetActiveProducts (ECommerceManagement.Api)'
2026-08-13 15:48:08.612 +03:00 [INF] HTTP GET /api/Catalog/products responded 200 in 232.8050 ms
2026-08-13 15:48:08.613 +03:00 [INF] Request finished HTTP/1.1 GET http://localhost:5275/api/Catalog/products - 200 null application/json; charset=utf-8 234.7607ms
2026-08-13 15:48:19.601 +03:00 [INF] Request starting HTTP/1.1 POST http://localhost:5275/api/Catalog/sync - null 0
2026-08-13 15:48:19.605 +03:00 [INF] Executing endpoint 'ECommerceManagement.Api.Controllers.CatalogController.SyncProducts (ECommerceManagement.Api)'
2026-08-13 15:48:19.611 +03:00 [INF] Route matched with {action = "SyncProducts", controller = "Catalog"}. Executing controller action with signature System.Threading.Tasks.Task`1[Microsoft.AspNetCore.Mvc.IActionResult] SyncProducts() on controller ECommerceManagement.Api.Controllers.CatalogController (ECommerceManagement.Api).
2026-08-13 15:48:20.562 +03:00 [INF] Executed DbCommand (7ms) [Parameters=[], CommandType='"Text"', CommandTimeout='30']
SELECT [p].[Id], [p].[CategoryId], [p].[CreatedAt], [p].[IsActive], [p].[Name], [p].[Price], [p].[Quantity], [p].[SellerId], [p].[Sku], [p].[SysmondStockId], [p].[UpdatedAt], [p].[WarehouseId]
FROM [Products] AS [p]
2026-08-13 15:48:20.671 +03:00 [INF] Executed DbCommand (40ms) [Parameters=[@p11='?' (DbType = Int32), @p0='?' (DbType = Int32), @p1='?' (DbType = DateTime2), @p2='?' (DbType = Boolean), @p3='?' (Size = 4000), @p4='?' (Precision = 18) (Scale = 2) (DbType = Decimal), @p5='?' (DbType = Int32), @p6='?' (DbType = Int32), @p7='?' (Size = 4000), @p8='?' (DbType = Guid), @p9='?' (DbType = DateTime2), @p10='?' (DbType = Int32), @p12='?' (DbType = Int32), @p13='?' (DbType = DateTime2), @p14='?' (DbType = Boolean), @p15='?' (Size = 4000), @p16='?' (Precision = 18) (Scale = 2) (DbType = Decimal), @p17='?' (DbType = Int32), @p18='?' (DbType = Int32), @p19='?' (Size = 4000), @p20='?' (DbType = Guid), @p21='?' (DbType = DateTime2), @p22='?' (DbType = Int32), @p23='?' (DbType = Int32), @p24='?' (DbType = DateTime2), @p25='?' (DbType = Boolean), @p26='?' (Size = 4000), @p27='?' (Precision = 18) (Scale = 2) (DbType = Decimal), @p28='?' (DbType = Int32), @p29='?' (DbType = Int32), @p30='?' (Size = 4000), @p31='?' (DbType = Guid), @p32='?' (DbType = DateTime2), @p33='?' (DbType = Int32), @p34='?' (DbType = Int32), @p35='?' (DbType = DateTime2), @p36='?' (DbType = Boolean), @p37='?' (Size = 4000), @p38='?' (Precision = 18) (Scale = 2) (DbType = Decimal), @p39='?' (DbType = Int32), @p40='?' (DbType = Int32), @p41='?' (Size = 4000), @p42='?' (DbType = Guid), @p43='?' (DbType = DateTime2), @p44='?' (DbType = Int32), @p45='?' (DbType = Int32), @p46='?' (DbType = DateTime2), @p47='?' (DbType = Boolean), @p48='?' (Size = 4000), @p49='?' (Precision = 18) (Scale = 2) (DbType = Decimal), @p50='?' (DbType = Int32), @p51='?' (DbType = Int32), @p52='?' (Size = 4000), @p53='?' (DbType = Guid), @p54='?' (DbType = DateTime2), @p55='?' (DbType = Int32), @p56='?' (DbType = Int32), @p57='?' (DbType = DateTime2), @p58='?' (DbType = Boolean), @p59='?' (Size = 4000), @p60='?' (Precision = 18) (Scale = 2) (DbType = Decimal), @p61='?' (DbType = Int32), @p62='?' (DbType = Int32), @p63='?' (Size = 4000), @p64='?' (DbType = Guid), @p65='?' (DbType = DateTime2), @p66='?' (DbType = Int32), @p67='?' (DbType = Int32), @p68='?' (DbType = DateTime2), @p69='?' (DbType = Boolean), @p70='?' (Size = 4000), @p71='?' (Precision = 18) (Scale = 2) (DbType = Decimal), @p72='?' (DbType = Int32), @p73='?' (DbType = Int32), @p74='?' (Size = 4000), @p75='?' (DbType = Guid), @p76='?' (DbType = DateTime2), @p77='?' (DbType = Int32), @p78='?' (DbType = Int32), @p79='?' (DbType = DateTime2), @p80='?' (DbType = Boolean), @p81='?' (Size = 4000), @p82='?' (Precision = 18) (Scale = 2) (DbType = Decimal), @p83='?' (DbType = Int32), @p84='?' (DbType = Int32), @p85='?' (Size = 4000), @p86='?' (DbType = Guid), @p87='?' (DbType = DateTime2), @p88='?' (DbType = Int32), @p89='?' (DbType = Int32), @p90='?' (DbType = DateTime2), @p91='?' (DbType = Boolean), @p92='?' (Size = 4000), @p93='?' (Precision = 18) (Scale = 2) (DbType = Decimal), @p94='?' (DbType = Int32), @p95='?' (DbType = Int32), @p96='?' (Size = 4000), @p97='?' (DbType = Guid), @p98='?' (DbType = DateTime2), @p99='?' (DbType = Int32), @p100='?' (DbType = Int32), @p101='?' (DbType = DateTime2), @p102='?' (DbType = Boolean), @p103='?' (Size = 4000), @p104='?' (Precision = 18) (Scale = 2) (DbType = Decimal), @p105='?' (DbType = Int32), @p106='?' (DbType = Int32), @p107='?' (Size = 4000), @p108='?' (DbType = Guid), @p109='?' (DbType = DateTime2), @p110='?' (DbType = Int32)], CommandType='"Text"', CommandTimeout='30']
SET NOCOUNT ON;
UPDATE [Products] SET [CategoryId] = @p0, [CreatedAt] = @p1, [IsActive] = @p2, [Name] = @p3, [Price] = @p4, [Quantity] = @p5, [SellerId] = @p6, [Sku] = @p7, [SysmondStockId] = @p8, [UpdatedAt] = @p9, [WarehouseId] = @p10
OUTPUT 1
WHERE [Id] = @p11;
MERGE [Products] USING (
VALUES (@p12, @p13, @p14, @p15, @p16, @p17, @p18, @p19, @p20, @p21, @p22, 0),
(@p23, @p24, @p25, @p26, @p27, @p28, @p29, @p30, @p31, @p32, @p33, 1),
(@p34, @p35, @p36, @p37, @p38, @p39, @p40, @p41, @p42, @p43, @p44, 2),
(@p45, @p46, @p47, @p48, @p49, @p50, @p51, @p52, @p53, @p54, @p55, 3),
(@p56, @p57, @p58, @p59, @p60, @p61, @p62, @p63, @p64, @p65, @p66, 4),
(@p67, @p68, @p69, @p70, @p71, @p72, @p73, @p74, @p75, @p76, @p77, 5),
(@p78, @p79, @p80, @p81, @p82, @p83, @p84, @p85, @p86, @p87, @p88, 6),
(@p89, @p90, @p91, @p92, @p93, @p94, @p95, @p96, @p97, @p98, @p99, 7),
(@p100, @p101, @p102, @p103, @p104, @p105, @p106, @p107, @p108, @p109, @p110, 8)) AS i ([CategoryId], [CreatedAt], [IsActive], [Name], [Price], [Quantity], [SellerId], [Sku], [SysmondStockId], [UpdatedAt], [WarehouseId], _Position) ON 1=0
WHEN NOT MATCHED THEN
INSERT ([CategoryId], [CreatedAt], [IsActive], [Name], [Price], [Quantity], [SellerId], [Sku], [SysmondStockId], [UpdatedAt], [WarehouseId])
VALUES (i.[CategoryId], i.[CreatedAt], i.[IsActive], i.[Name], i.[Price], i.[Quantity], i.[SellerId], i.[Sku], i.[SysmondStockId], i.[UpdatedAt], i.[WarehouseId])
OUTPUT INSERTED.[Id], i._Position;
2026-08-13 15:48:20.688 +03:00 [ERR] An exception occurred in the database while saving changes for context type 'ECommerceManagement.Repository.Context.ECommerceDbContext'.
Microsoft.EntityFrameworkCore.DbUpdateException: An error occurred while saving the entity changes. See the inner exception for details.
 ---> Microsoft.Data.SqlClient.SqlException (0x80131904): The MERGE statement conflicted with the FOREIGN KEY constraint "FK_Products_Categories_CategoryId". The conflict occurred in database "ECommerceDb", table "dbo.Categories", column 'Id'.
   at Microsoft.Data.SqlClient.SqlConnection.OnError(SqlException exception, Boolean breakConnection, Action`1 wrapCloseInAction)
   at Microsoft.Data.SqlClient.SqlInternalConnection.OnError(SqlException exception, Boolean breakConnection, Action`1 wrapCloseInAction)
   at Microsoft.Data.SqlClient.TdsParser.ThrowExceptionAndWarning(TdsParserStateObject stateObj, SqlCommand command, Boolean callerHasConnectionLock, Boolean asyncClose)
   at Microsoft.Data.SqlClient.TdsParser.TryRun(RunBehavior runBehavior, SqlCommand cmdHandler, SqlDataReader dataStream, BulkCopySimpleResultSet bulkCopyHandler, TdsParserStateObject stateObj, Boolean& dataReady)
   at Microsoft.Data.SqlClient.SqlDataReader.TryHasMoreRows(Boolean& moreRows)
   at Microsoft.Data.SqlClient.SqlDataReader.TryReadInternal(Boolean setTimeout, Boolean& more)
   at Microsoft.Data.SqlClient.SqlDataReader.ReadAsyncExecute(Task task, Object state)
   at Microsoft.Data.SqlClient.SqlDataReader.InvokeAsyncCall[T](SqlDataReaderBaseAsyncCallContext`1 context)
--- End of stack trace from previous location ---
   at Microsoft.EntityFrameworkCore.Update.AffectedCountModificationCommandBatch.ConsumeResultSetAsync(Int32 startCommandIndex, RelationalDataReader reader, CancellationToken cancellationToken)
ClientConnectionId:e1473d5b-15c1-4d6d-b912-8949ce3c2693
Hata Numarası: 547,Durum: 0,Sınıf:16
   --- End of inner exception stack trace ---
   at Microsoft.EntityFrameworkCore.Update.AffectedCountModificationCommandBatch.ConsumeResultSetAsync(Int32 startCommandIndex, RelationalDataReader reader, CancellationToken cancellationToken)
   at Microsoft.EntityFrameworkCore.Update.AffectedCountModificationCommandBatch.ConsumeAsync(RelationalDataReader reader, CancellationToken cancellationToken)
   at Microsoft.EntityFrameworkCore.Update.ReaderModificationCommandBatch.ExecuteAsync(IRelationalConnection connection, CancellationToken cancellationToken)
   at Microsoft.EntityFrameworkCore.Update.ReaderModificationCommandBatch.ExecuteAsync(IRelationalConnection connection, CancellationToken cancellationToken)
   at Microsoft.EntityFrameworkCore.SqlServer.Update.Internal.SqlServerModificationCommandBatch.ExecuteAsync(IRelationalConnection connection, CancellationToken cancellationToken)
   at Microsoft.EntityFrameworkCore.Update.Internal.BatchExecutor.ExecuteAsync(IEnumerable`1 commandBatches, IRelationalConnection connection, CancellationToken cancellationToken)
   at Microsoft.EntityFrameworkCore.Update.Internal.BatchExecutor.ExecuteAsync(IEnumerable`1 commandBatches, IRelationalConnection connection, CancellationToken cancellationToken)
   at Microsoft.EntityFrameworkCore.Update.Internal.BatchExecutor.ExecuteAsync(IEnumerable`1 commandBatches, IRelationalConnection connection, CancellationToken cancellationToken)
   at Microsoft.EntityFrameworkCore.Storage.RelationalDatabase.SaveChangesAsync(IList`1 entries, CancellationToken cancellationToken)
   at Microsoft.EntityFrameworkCore.ChangeTracking.Internal.StateManager.SaveChangesAsync(IList`1 entriesToSave, CancellationToken cancellationToken)
   at Microsoft.EntityFrameworkCore.ChangeTracking.Internal.StateManager.SaveChangesAsync(StateManager stateManager, Boolean acceptAllChangesOnSuccess, CancellationToken cancellationToken)
   at Microsoft.EntityFrameworkCore.SqlServer.Storage.Internal.SqlServerExecutionStrategy.ExecuteAsync[TState,TResult](TState state, Func`4 operation, Func`4 verifySucceeded, CancellationToken cancellationToken)
   at Microsoft.EntityFrameworkCore.DbContext.SaveChangesAsync(Boolean acceptAllChangesOnSuccess, CancellationToken cancellationToken)
Microsoft.EntityFrameworkCore.DbUpdateException: An error occurred while saving the entity changes. See the inner exception for details.
 ---> Microsoft.Data.SqlClient.SqlException (0x80131904): The MERGE statement conflicted with the FOREIGN KEY constraint "FK_Products_Categories_CategoryId". The conflict occurred in database "ECommerceDb", table "dbo.Categories", column 'Id'.
   at Microsoft.Data.SqlClient.SqlConnection.OnError(SqlException exception, Boolean breakConnection, Action`1 wrapCloseInAction)
   at Microsoft.Data.SqlClient.SqlInternalConnection.OnError(SqlException exception, Boolean breakConnection, Action`1 wrapCloseInAction)
   at Microsoft.Data.SqlClient.TdsParser.ThrowExceptionAndWarning(TdsParserStateObject stateObj, SqlCommand command, Boolean callerHasConnectionLock, Boolean asyncClose)
   at Microsoft.Data.SqlClient.TdsParser.TryRun(RunBehavior runBehavior, SqlCommand cmdHandler, SqlDataReader dataStream, BulkCopySimpleResultSet bulkCopyHandler, TdsParserStateObject stateObj, Boolean& dataReady)
   at Microsoft.Data.SqlClient.SqlDataReader.TryHasMoreRows(Boolean& moreRows)
   at Microsoft.Data.SqlClient.SqlDataReader.TryReadInternal(Boolean setTimeout, Boolean& more)
   at Microsoft.Data.SqlClient.SqlDataReader.ReadAsyncExecute(Task task, Object state)
   at Microsoft.Data.SqlClient.SqlDataReader.InvokeAsyncCall[T](SqlDataReaderBaseAsyncCallContext`1 context)
--- End of stack trace from previous location ---
   at Microsoft.EntityFrameworkCore.Update.AffectedCountModificationCommandBatch.ConsumeResultSetAsync(Int32 startCommandIndex, RelationalDataReader reader, CancellationToken cancellationToken)
ClientConnectionId:e1473d5b-15c1-4d6d-b912-8949ce3c2693
Hata Numarası: 547,Durum: 0,Sınıf:16
   --- End of inner exception stack trace ---
   at Microsoft.EntityFrameworkCore.Update.AffectedCountModificationCommandBatch.ConsumeResultSetAsync(Int32 startCommandIndex, RelationalDataReader reader, CancellationToken cancellationToken)
   at Microsoft.EntityFrameworkCore.Update.AffectedCountModificationCommandBatch.ConsumeAsync(RelationalDataReader reader, CancellationToken cancellationToken)
   at Microsoft.EntityFrameworkCore.Update.ReaderModificationCommandBatch.ExecuteAsync(IRelationalConnection connection, CancellationToken cancellationToken)
   at Microsoft.EntityFrameworkCore.Update.ReaderModificationCommandBatch.ExecuteAsync(IRelationalConnection connection, CancellationToken cancellationToken)
   at Microsoft.EntityFrameworkCore.SqlServer.Update.Internal.SqlServerModificationCommandBatch.ExecuteAsync(IRelationalConnection connection, CancellationToken cancellationToken)
   at Microsoft.EntityFrameworkCore.Update.Internal.BatchExecutor.ExecuteAsync(IEnumerable`1 commandBatches, IRelationalConnection connection, CancellationToken cancellationToken)
   at Microsoft.EntityFrameworkCore.Update.Internal.BatchExecutor.ExecuteAsync(IEnumerable`1 commandBatches, IRelationalConnection connection, CancellationToken cancellationToken)
   at Microsoft.EntityFrameworkCore.Update.Internal.BatchExecutor.ExecuteAsync(IEnumerable`1 commandBatches, IRelationalConnection connection, CancellationToken cancellationToken)
   at Microsoft.EntityFrameworkCore.Storage.RelationalDatabase.SaveChangesAsync(IList`1 entries, CancellationToken cancellationToken)
   at Microsoft.EntityFrameworkCore.ChangeTracking.Internal.StateManager.SaveChangesAsync(IList`1 entriesToSave, CancellationToken cancellationToken)
   at Microsoft.EntityFrameworkCore.ChangeTracking.Internal.StateManager.SaveChangesAsync(StateManager stateManager, Boolean acceptAllChangesOnSuccess, CancellationToken cancellationToken)
   at Microsoft.EntityFrameworkCore.SqlServer.Storage.Internal.SqlServerExecutionStrategy.ExecuteAsync[TState,TResult](TState state, Func`4 operation, Func`4 verifySucceeded, CancellationToken cancellationToken)
   at Microsoft.EntityFrameworkCore.DbContext.SaveChangesAsync(Boolean acceptAllChangesOnSuccess, CancellationToken cancellationToken)
2026-08-13 15:48:20.689 +03:00 [INF] Executing BadRequestObjectResult, writing value of type '<>f__AnonymousType2`2[[System.String, System.Private.CoreLib, Version=10.0.0.0, Culture=neutral, PublicKeyToken=7cec85d7bea7798e],[System.String, System.Private.CoreLib, Version=10.0.0.0, Culture=neutral, PublicKeyToken=7cec85d7bea7798e]]'.
2026-08-13 15:48:20.690 +03:00 [INF] Executed action ECommerceManagement.Api.Controllers.CatalogController.SyncProducts (ECommerceManagement.Api) in 1077.9945ms
2026-08-13 15:48:20.690 +03:00 [INF] Executed endpoint 'ECommerceManagement.Api.Controllers.CatalogController.SyncProducts (ECommerceManagement.Api)'
2026-08-13 15:48:20.690 +03:00 [INF] HTTP POST /api/Catalog/sync responded 400 in 1085.7433 ms
2026-08-13 15:48:20.690 +03:00 [INF] Request finished HTTP/1.1 POST http://localhost:5275/api/Catalog/sync - 400 null application/json; charset=utf-8 1088.5589ms
2026-08-13 15:48:32.259 +03:00 [INF] Request starting HTTP/1.1 GET http://localhost:5275/api/Catalog/products - null null
2026-08-13 15:48:32.261 +03:00 [INF] Executing endpoint 'ECommerceManagement.Api.Controllers.CatalogController.GetActiveProducts (ECommerceManagement.Api)'
2026-08-13 15:48:32.261 +03:00 [INF] Route matched with {action = "GetActiveProducts", controller = "Catalog"}. Executing controller action with signature System.Threading.Tasks.Task`1[Microsoft.AspNetCore.Mvc.ActionResult`1[ECommerceManagement.Application.Common.PagedResultDto`1[ECommerceManagement.Application.DTOs.Catalog.ProductDto]]] GetActiveProducts(ECommerceManagement.Application.Common.ProductFilterDto) on controller ECommerceManagement.Api.Controllers.CatalogController (ECommerceManagement.Api).
2026-08-13 15:48:32.270 +03:00 [INF] Executed DbCommand (2ms) [Parameters=[], CommandType='"Text"', CommandTimeout='30']
SELECT COUNT(*)
FROM [Products] AS [p]
WHERE [p].[IsActive] = CAST(1 AS bit) AND [p].[Quantity] > 0
2026-08-13 15:48:32.277 +03:00 [INF] Executed DbCommand (5ms) [Parameters=[@p='?' (DbType = Int32), @p1='?' (DbType = Int32)], CommandType='"Text"', CommandTimeout='30']
SELECT [p0].[Id], [p0].[CategoryId], [p0].[CreatedAt], [p0].[IsActive], [p0].[Name], [p0].[Price], [p0].[Quantity], [p0].[SellerId], [p0].[Sku], [p0].[SysmondStockId], [p0].[UpdatedAt], [p0].[WarehouseId], [c].[Id], [c].[CreatedAt], [c].[Name], [c].[ParentCategoryId], [s].[Id], [s].[CompanyName], [s].[ContactEmail], [s].[CreatedAt], [s].[TaxNumber], [s].[UserId], [w].[Id], [w].[CreatedAt], [w].[IsActive], [w].[Location], [w].[Name], [w].[SysmondId]
FROM (
    SELECT [p].[Id], [p].[CategoryId], [p].[CreatedAt], [p].[IsActive], [p].[Name], [p].[Price], [p].[Quantity], [p].[SellerId], [p].[Sku], [p].[SysmondStockId], [p].[UpdatedAt], [p].[WarehouseId]
    FROM [Products] AS [p]
    WHERE [p].[IsActive] = CAST(1 AS bit) AND [p].[Quantity] > 0
    ORDER BY [p].[CreatedAt] DESC
    OFFSET @p ROWS FETCH NEXT @p1 ROWS ONLY
) AS [p0]
INNER JOIN [Categories] AS [c] ON [p0].[CategoryId] = [c].[Id]
INNER JOIN [Sellers] AS [s] ON [p0].[SellerId] = [s].[Id]
INNER JOIN [Warehouses] AS [w] ON [p0].[WarehouseId] = [w].[Id]
ORDER BY [p0].[CreatedAt] DESC
2026-08-13 15:48:32.279 +03:00 [INF] Executing OkObjectResult, writing value of type 'ECommerceManagement.Application.Common.PagedResultDto`1[[ECommerceManagement.Application.DTOs.Catalog.ProductDto, ECommerceManagement.Application, Version=1.0.0.0, Culture=neutral, PublicKeyToken=null]]'.
2026-08-13 15:48:32.279 +03:00 [INF] Executed action ECommerceManagement.Api.Controllers.CatalogController.GetActiveProducts (ECommerceManagement.Api) in 18.059ms
2026-08-13 15:48:32.279 +03:00 [INF] Executed endpoint 'ECommerceManagement.Api.Controllers.CatalogController.GetActiveProducts (ECommerceManagement.Api)'
2026-08-13 15:48:32.279 +03:00 [INF] HTTP GET /api/Catalog/products responded 200 in 20.5470 ms
2026-08-13 15:48:32.280 +03:00 [INF] Request finished HTTP/1.1 GET http://localhost:5275/api/Catalog/products - 200 null application/json; charset=utf-8 21.0623ms
2026-08-13 15:48:33.824 +03:00 [INF] Request starting HTTP/1.1 GET http://localhost:5275/api/Catalog/products - null null
2026-08-13 15:48:33.824 +03:00 [INF] Executing endpoint 'ECommerceManagement.Api.Controllers.CatalogController.GetActiveProducts (ECommerceManagement.Api)'
2026-08-13 15:48:33.824 +03:00 [INF] Route matched with {action = "GetActiveProducts", controller = "Catalog"}. Executing controller action with signature System.Threading.Tasks.Task`1[Microsoft.AspNetCore.Mvc.ActionResult`1[ECommerceManagement.Application.Common.PagedResultDto`1[ECommerceManagement.Application.DTOs.Catalog.ProductDto]]] GetActiveProducts(ECommerceManagement.Application.Common.ProductFilterDto) on controller ECommerceManagement.Api.Controllers.CatalogController (ECommerceManagement.Api).
2026-08-13 15:48:33.828 +03:00 [INF] Executed DbCommand (2ms) [Parameters=[], CommandType='"Text"', CommandTimeout='30']
SELECT COUNT(*)
FROM [Products] AS [p]
WHERE [p].[IsActive] = CAST(1 AS bit) AND [p].[Quantity] > 0
2026-08-13 15:48:33.832 +03:00 [INF] Executed DbCommand (2ms) [Parameters=[@p='?' (DbType = Int32), @p1='?' (DbType = Int32)], CommandType='"Text"', CommandTimeout='30']
SELECT [p0].[Id], [p0].[CategoryId], [p0].[CreatedAt], [p0].[IsActive], [p0].[Name], [p0].[Price], [p0].[Quantity], [p0].[SellerId], [p0].[Sku], [p0].[SysmondStockId], [p0].[UpdatedAt], [p0].[WarehouseId], [c].[Id], [c].[CreatedAt], [c].[Name], [c].[ParentCategoryId], [s].[Id], [s].[CompanyName], [s].[ContactEmail], [s].[CreatedAt], [s].[TaxNumber], [s].[UserId], [w].[Id], [w].[CreatedAt], [w].[IsActive], [w].[Location], [w].[Name], [w].[SysmondId]
FROM (
    SELECT [p].[Id], [p].[CategoryId], [p].[CreatedAt], [p].[IsActive], [p].[Name], [p].[Price], [p].[Quantity], [p].[SellerId], [p].[Sku], [p].[SysmondStockId], [p].[UpdatedAt], [p].[WarehouseId]
    FROM [Products] AS [p]
    WHERE [p].[IsActive] = CAST(1 AS bit) AND [p].[Quantity] > 0
    ORDER BY [p].[CreatedAt] DESC
    OFFSET @p ROWS FETCH NEXT @p1 ROWS ONLY
) AS [p0]
INNER JOIN [Categories] AS [c] ON [p0].[CategoryId] = [c].[Id]
INNER JOIN [Sellers] AS [s] ON [p0].[SellerId] = [s].[Id]
INNER JOIN [Warehouses] AS [w] ON [p0].[WarehouseId] = [w].[Id]
ORDER BY [p0].[CreatedAt] DESC
2026-08-13 15:48:33.833 +03:00 [INF] Executing OkObjectResult, writing value of type 'ECommerceManagement.Application.Common.PagedResultDto`1[[ECommerceManagement.Application.DTOs.Catalog.ProductDto, ECommerceManagement.Application, Version=1.0.0.0, Culture=neutral, PublicKeyToken=null]]'.
2026-08-13 15:48:33.833 +03:00 [INF] Executed action ECommerceManagement.Api.Controllers.CatalogController.GetActiveProducts (ECommerceManagement.Api) in 8.1146ms
2026-08-13 15:48:33.833 +03:00 [INF] Executed endpoint 'ECommerceManagement.Api.Controllers.CatalogController.GetActiveProducts (ECommerceManagement.Api)'
2026-08-13 15:48:33.833 +03:00 [INF] HTTP GET /api/Catalog/products responded 200 in 8.5539 ms
2026-08-13 15:48:33.833 +03:00 [INF] Request finished HTTP/1.1 GET http://localhost:5275/api/Catalog/products - 200 null application/json; charset=utf-8 9.1442ms
2026-08-13 15:56:28.452 +03:00 [INF] Application is shutting down...
2026-08-13 15:56:31.345 +03:00 [INF] Executed DbCommand (12ms) [Parameters=[], CommandType='"Text"', CommandTimeout='30']
SELECT CASE
    WHEN EXISTS (
        SELECT 1
        FROM [Users] AS [u]
        WHERE [u].[Email] = N'superadmin@sistem.com') THEN CAST(1 AS bit)
    ELSE CAST(0 AS bit)
END
2026-08-13 15:56:31.365 +03:00 [INF] Executed DbCommand (1ms) [Parameters=[], CommandType='"Text"', CommandTimeout='30']
SELECT CASE
    WHEN EXISTS (
        SELECT 1
        FROM [Users] AS [u]
        WHERE [u].[Email] = N'admin@sistem.com') THEN CAST(1 AS bit)
    ELSE CAST(0 AS bit)
END
2026-08-13 15:56:31.369 +03:00 [INF] User profile is available. Using '/Users/yigit/.aspnet/DataProtection-Keys' as key repository; keys will not be encrypted at rest.
2026-08-13 15:56:31.389 +03:00 [INF] Now listening on: http://localhost:5275
2026-08-13 15:56:31.390 +03:00 [INF] Application started. Press Ctrl+C to shut down.
2026-08-13 15:56:31.390 +03:00 [INF] Hosting environment: Development
2026-08-13 15:56:31.390 +03:00 [INF] Content root path: /Users/yigit/RiderProjects/ECommerceManagement/src/ECommerceManagement.Api
2026-08-13 15:56:38.579 +03:00 [INF] Request starting HTTP/1.1 GET http://localhost:5275/api/Catalog/products - null null
2026-08-13 15:56:38.600 +03:00 [WRN] Failed to determine the https port for redirect.
2026-08-13 15:56:38.613 +03:00 [INF] Executing endpoint 'ECommerceManagement.Api.Controllers.CatalogController.GetActiveProducts (ECommerceManagement.Api)'
2026-08-13 15:56:38.622 +03:00 [INF] Route matched with {action = "GetActiveProducts", controller = "Catalog"}. Executing controller action with signature System.Threading.Tasks.Task`1[Microsoft.AspNetCore.Mvc.ActionResult`1[ECommerceManagement.Application.Common.PagedResultDto`1[ECommerceManagement.Application.DTOs.Catalog.ProductDto]]] GetActiveProducts(ECommerceManagement.Application.Common.ProductFilterDto) on controller ECommerceManagement.Api.Controllers.CatalogController (ECommerceManagement.Api).
2026-08-13 15:56:38.648 +03:00 [WRN] You do not have a valid license key for the Lucky Penny software AutoMapper. This is allowed for development and testing scenarios. If you are running in production you are required to have a licensed version. Please visit https://luckypennysoftware.com to obtain a valid license.
2026-08-13 15:56:38.681 +03:00 [INF] Executed DbCommand (8ms) [Parameters=[], CommandType='"Text"', CommandTimeout='30']
SELECT COUNT(*)
FROM [Products] AS [p]
WHERE [p].[IsActive] = CAST(1 AS bit) AND [p].[Quantity] > 0
2026-08-13 15:56:38.724 +03:00 [INF] Executed DbCommand (12ms) [Parameters=[@p='?' (DbType = Int32), @p1='?' (DbType = Int32)], CommandType='"Text"', CommandTimeout='30']
SELECT [p0].[Id], [p0].[CategoryId], [p0].[CreatedAt], [p0].[IsActive], [p0].[Name], [p0].[Price], [p0].[Quantity], [p0].[SellerId], [p0].[Sku], [p0].[SysmondStockId], [p0].[UpdatedAt], [p0].[WarehouseId], [c].[Id], [c].[CreatedAt], [c].[Name], [c].[ParentCategoryId], [s].[Id], [s].[CompanyName], [s].[ContactEmail], [s].[CreatedAt], [s].[TaxNumber], [s].[UserId], [w].[Id], [w].[CreatedAt], [w].[IsActive], [w].[Location], [w].[Name], [w].[SysmondId]
FROM (
    SELECT [p].[Id], [p].[CategoryId], [p].[CreatedAt], [p].[IsActive], [p].[Name], [p].[Price], [p].[Quantity], [p].[SellerId], [p].[Sku], [p].[SysmondStockId], [p].[UpdatedAt], [p].[WarehouseId]
    FROM [Products] AS [p]
    WHERE [p].[IsActive] = CAST(1 AS bit) AND [p].[Quantity] > 0
    ORDER BY [p].[CreatedAt] DESC
    OFFSET @p ROWS FETCH NEXT @p1 ROWS ONLY
) AS [p0]
INNER JOIN [Categories] AS [c] ON [p0].[CategoryId] = [c].[Id]
INNER JOIN [Sellers] AS [s] ON [p0].[SellerId] = [s].[Id]
INNER JOIN [Warehouses] AS [w] ON [p0].[WarehouseId] = [w].[Id]
ORDER BY [p0].[CreatedAt] DESC
2026-08-13 15:56:38.758 +03:00 [INF] Executing OkObjectResult, writing value of type 'ECommerceManagement.Application.Common.PagedResultDto`1[[ECommerceManagement.Application.DTOs.Catalog.ProductDto, ECommerceManagement.Application, Version=1.0.0.0, Culture=neutral, PublicKeyToken=null]]'.
2026-08-13 15:56:38.768 +03:00 [INF] Executed action ECommerceManagement.Api.Controllers.CatalogController.GetActiveProducts (ECommerceManagement.Api) in 145.588ms
2026-08-13 15:56:38.769 +03:00 [INF] Executed endpoint 'ECommerceManagement.Api.Controllers.CatalogController.GetActiveProducts (ECommerceManagement.Api)'
2026-08-13 15:56:38.769 +03:00 [INF] HTTP GET /api/Catalog/products responded 200 in 178.5462 ms
2026-08-13 15:56:38.771 +03:00 [INF] Request finished HTTP/1.1 GET http://localhost:5275/api/Catalog/products - 200 null application/json; charset=utf-8 193.488ms
2026-08-13 15:56:42.834 +03:00 [INF] Request starting HTTP/1.1 POST http://localhost:5275/api/Catalog/sync - null 0
2026-08-13 15:56:42.837 +03:00 [INF] Executing endpoint 'ECommerceManagement.Api.Controllers.CatalogController.SyncProducts (ECommerceManagement.Api)'
2026-08-13 15:56:42.843 +03:00 [INF] Route matched with {action = "SyncProducts", controller = "Catalog"}. Executing controller action with signature System.Threading.Tasks.Task`1[Microsoft.AspNetCore.Mvc.IActionResult] SyncProducts() on controller ECommerceManagement.Api.Controllers.CatalogController (ECommerceManagement.Api).
2026-08-13 15:56:43.808 +03:00 [INF] Executed DbCommand (5ms) [Parameters=[], CommandType='"Text"', CommandTimeout='30']
SELECT [p].[Id], [p].[CategoryId], [p].[CreatedAt], [p].[IsActive], [p].[Name], [p].[Price], [p].[Quantity], [p].[SellerId], [p].[Sku], [p].[SysmondStockId], [p].[UpdatedAt], [p].[WarehouseId]
FROM [Products] AS [p]
2026-08-13 15:56:43.884 +03:00 [INF] Executed DbCommand (9ms) [Parameters=[@p11='?' (DbType = Int32), @p0='?' (DbType = Int32), @p1='?' (DbType = DateTime2), @p2='?' (DbType = Boolean), @p3='?' (Size = 4000), @p4='?' (Precision = 18) (Scale = 2) (DbType = Decimal), @p5='?' (DbType = Int32), @p6='?' (DbType = Int32), @p7='?' (Size = 4000), @p8='?' (DbType = Guid), @p9='?' (DbType = DateTime2), @p10='?' (DbType = Int32), @p12='?' (DbType = Int32), @p13='?' (DbType = DateTime2), @p14='?' (DbType = Boolean), @p15='?' (Size = 4000), @p16='?' (Precision = 18) (Scale = 2) (DbType = Decimal), @p17='?' (DbType = Int32), @p18='?' (DbType = Int32), @p19='?' (Size = 4000), @p20='?' (DbType = Guid), @p21='?' (DbType = DateTime2), @p22='?' (DbType = Int32), @p23='?' (DbType = Int32), @p24='?' (DbType = DateTime2), @p25='?' (DbType = Boolean), @p26='?' (Size = 4000), @p27='?' (Precision = 18) (Scale = 2) (DbType = Decimal), @p28='?' (DbType = Int32), @p29='?' (DbType = Int32), @p30='?' (Size = 4000), @p31='?' (DbType = Guid), @p32='?' (DbType = DateTime2), @p33='?' (DbType = Int32), @p34='?' (DbType = Int32), @p35='?' (DbType = DateTime2), @p36='?' (DbType = Boolean), @p37='?' (Size = 4000), @p38='?' (Precision = 18) (Scale = 2) (DbType = Decimal), @p39='?' (DbType = Int32), @p40='?' (DbType = Int32), @p41='?' (Size = 4000), @p42='?' (DbType = Guid), @p43='?' (DbType = DateTime2), @p44='?' (DbType = Int32), @p45='?' (DbType = Int32), @p46='?' (DbType = DateTime2), @p47='?' (DbType = Boolean), @p48='?' (Size = 4000), @p49='?' (Precision = 18) (Scale = 2) (DbType = Decimal), @p50='?' (DbType = Int32), @p51='?' (DbType = Int32), @p52='?' (Size = 4000), @p53='?' (DbType = Guid), @p54='?' (DbType = DateTime2), @p55='?' (DbType = Int32), @p56='?' (DbType = Int32), @p57='?' (DbType = DateTime2), @p58='?' (DbType = Boolean), @p59='?' (Size = 4000), @p60='?' (Precision = 18) (Scale = 2) (DbType = Decimal), @p61='?' (DbType = Int32), @p62='?' (DbType = Int32), @p63='?' (Size = 4000), @p64='?' (DbType = Guid), @p65='?' (DbType = DateTime2), @p66='?' (DbType = Int32), @p67='?' (DbType = Int32), @p68='?' (DbType = DateTime2), @p69='?' (DbType = Boolean), @p70='?' (Size = 4000), @p71='?' (Precision = 18) (Scale = 2) (DbType = Decimal), @p72='?' (DbType = Int32), @p73='?' (DbType = Int32), @p74='?' (Size = 4000), @p75='?' (DbType = Guid), @p76='?' (DbType = DateTime2), @p77='?' (DbType = Int32), @p78='?' (DbType = Int32), @p79='?' (DbType = DateTime2), @p80='?' (DbType = Boolean), @p81='?' (Size = 4000), @p82='?' (Precision = 18) (Scale = 2) (DbType = Decimal), @p83='?' (DbType = Int32), @p84='?' (DbType = Int32), @p85='?' (Size = 4000), @p86='?' (DbType = Guid), @p87='?' (DbType = DateTime2), @p88='?' (DbType = Int32), @p89='?' (DbType = Int32), @p90='?' (DbType = DateTime2), @p91='?' (DbType = Boolean), @p92='?' (Size = 4000), @p93='?' (Precision = 18) (Scale = 2) (DbType = Decimal), @p94='?' (DbType = Int32), @p95='?' (DbType = Int32), @p96='?' (Size = 4000), @p97='?' (DbType = Guid), @p98='?' (DbType = DateTime2), @p99='?' (DbType = Int32), @p100='?' (DbType = Int32), @p101='?' (DbType = DateTime2), @p102='?' (DbType = Boolean), @p103='?' (Size = 4000), @p104='?' (Precision = 18) (Scale = 2) (DbType = Decimal), @p105='?' (DbType = Int32), @p106='?' (DbType = Int32), @p107='?' (Size = 4000), @p108='?' (DbType = Guid), @p109='?' (DbType = DateTime2), @p110='?' (DbType = Int32)], CommandType='"Text"', CommandTimeout='30']
SET NOCOUNT ON;
UPDATE [Products] SET [CategoryId] = @p0, [CreatedAt] = @p1, [IsActive] = @p2, [Name] = @p3, [Price] = @p4, [Quantity] = @p5, [SellerId] = @p6, [Sku] = @p7, [SysmondStockId] = @p8, [UpdatedAt] = @p9, [WarehouseId] = @p10
OUTPUT 1
WHERE [Id] = @p11;
MERGE [Products] USING (
VALUES (@p12, @p13, @p14, @p15, @p16, @p17, @p18, @p19, @p20, @p21, @p22, 0),
(@p23, @p24, @p25, @p26, @p27, @p28, @p29, @p30, @p31, @p32, @p33, 1),
(@p34, @p35, @p36, @p37, @p38, @p39, @p40, @p41, @p42, @p43, @p44, 2),
(@p45, @p46, @p47, @p48, @p49, @p50, @p51, @p52, @p53, @p54, @p55, 3),
(@p56, @p57, @p58, @p59, @p60, @p61, @p62, @p63, @p64, @p65, @p66, 4),
(@p67, @p68, @p69, @p70, @p71, @p72, @p73, @p74, @p75, @p76, @p77, 5),
(@p78, @p79, @p80, @p81, @p82, @p83, @p84, @p85, @p86, @p87, @p88, 6),
(@p89, @p90, @p91, @p92, @p93, @p94, @p95, @p96, @p97, @p98, @p99, 7),
(@p100, @p101, @p102, @p103, @p104, @p105, @p106, @p107, @p108, @p109, @p110, 8)) AS i ([CategoryId], [CreatedAt], [IsActive], [Name], [Price], [Quantity], [SellerId], [Sku], [SysmondStockId], [UpdatedAt], [WarehouseId], _Position) ON 1=0
WHEN NOT MATCHED THEN
INSERT ([CategoryId], [CreatedAt], [IsActive], [Name], [Price], [Quantity], [SellerId], [Sku], [SysmondStockId], [UpdatedAt], [WarehouseId])
VALUES (i.[CategoryId], i.[CreatedAt], i.[IsActive], i.[Name], i.[Price], i.[Quantity], i.[SellerId], i.[Sku], i.[SysmondStockId], i.[UpdatedAt], i.[WarehouseId])
OUTPUT INSERTED.[Id], i._Position;
2026-08-13 15:56:43.897 +03:00 [ERR] An exception occurred in the database while saving changes for context type 'ECommerceManagement.Repository.Context.ECommerceDbContext'.
Microsoft.EntityFrameworkCore.DbUpdateException: An error occurred while saving the entity changes. See the inner exception for details.
 ---> Microsoft.Data.SqlClient.SqlException (0x80131904): The MERGE statement conflicted with the FOREIGN KEY constraint "FK_Products_Categories_CategoryId". The conflict occurred in database "ECommerceDb", table "dbo.Categories", column 'Id'.
   at Microsoft.Data.SqlClient.SqlConnection.OnError(SqlException exception, Boolean breakConnection, Action`1 wrapCloseInAction)
   at Microsoft.Data.SqlClient.SqlInternalConnection.OnError(SqlException exception, Boolean breakConnection, Action`1 wrapCloseInAction)
   at Microsoft.Data.SqlClient.TdsParser.ThrowExceptionAndWarning(TdsParserStateObject stateObj, SqlCommand command, Boolean callerHasConnectionLock, Boolean asyncClose)
   at Microsoft.Data.SqlClient.TdsParser.TryRun(RunBehavior runBehavior, SqlCommand cmdHandler, SqlDataReader dataStream, BulkCopySimpleResultSet bulkCopyHandler, TdsParserStateObject stateObj, Boolean& dataReady)
   at Microsoft.Data.SqlClient.SqlDataReader.TryHasMoreRows(Boolean& moreRows)
   at Microsoft.Data.SqlClient.SqlDataReader.TryReadInternal(Boolean setTimeout, Boolean& more)
   at Microsoft.Data.SqlClient.SqlDataReader.ReadAsyncExecute(Task task, Object state)
   at Microsoft.Data.SqlClient.SqlDataReader.InvokeAsyncCall[T](SqlDataReaderBaseAsyncCallContext`1 context)
--- End of stack trace from previous location ---
   at Microsoft.EntityFrameworkCore.Update.AffectedCountModificationCommandBatch.ConsumeResultSetAsync(Int32 startCommandIndex, RelationalDataReader reader, CancellationToken cancellationToken)
ClientConnectionId:58b66e7c-5299-4542-a951-ab4691d6865d
Hata Numarası: 547,Durum: 0,Sınıf:16
   --- End of inner exception stack trace ---
   at Microsoft.EntityFrameworkCore.Update.AffectedCountModificationCommandBatch.ConsumeResultSetAsync(Int32 startCommandIndex, RelationalDataReader reader, CancellationToken cancellationToken)
   at Microsoft.EntityFrameworkCore.Update.AffectedCountModificationCommandBatch.ConsumeAsync(RelationalDataReader reader, CancellationToken cancellationToken)
   at Microsoft.EntityFrameworkCore.Update.ReaderModificationCommandBatch.ExecuteAsync(IRelationalConnection connection, CancellationToken cancellationToken)
   at Microsoft.EntityFrameworkCore.Update.ReaderModificationCommandBatch.ExecuteAsync(IRelationalConnection connection, CancellationToken cancellationToken)
   at Microsoft.EntityFrameworkCore.SqlServer.Update.Internal.SqlServerModificationCommandBatch.ExecuteAsync(IRelationalConnection connection, CancellationToken cancellationToken)
   at Microsoft.EntityFrameworkCore.Update.Internal.BatchExecutor.ExecuteAsync(IEnumerable`1 commandBatches, IRelationalConnection connection, CancellationToken cancellationToken)
   at Microsoft.EntityFrameworkCore.Update.Internal.BatchExecutor.ExecuteAsync(IEnumerable`1 commandBatches, IRelationalConnection connection, CancellationToken cancellationToken)
   at Microsoft.EntityFrameworkCore.Update.Internal.BatchExecutor.ExecuteAsync(IEnumerable`1 commandBatches, IRelationalConnection connection, CancellationToken cancellationToken)
   at Microsoft.EntityFrameworkCore.Storage.RelationalDatabase.SaveChangesAsync(IList`1 entries, CancellationToken cancellationToken)
   at Microsoft.EntityFrameworkCore.ChangeTracking.Internal.StateManager.SaveChangesAsync(IList`1 entriesToSave, CancellationToken cancellationToken)
   at Microsoft.EntityFrameworkCore.ChangeTracking.Internal.StateManager.SaveChangesAsync(StateManager stateManager, Boolean acceptAllChangesOnSuccess, CancellationToken cancellationToken)
   at Microsoft.EntityFrameworkCore.SqlServer.Storage.Internal.SqlServerExecutionStrategy.ExecuteAsync[TState,TResult](TState state, Func`4 operation, Func`4 verifySucceeded, CancellationToken cancellationToken)
   at Microsoft.EntityFrameworkCore.DbContext.SaveChangesAsync(Boolean acceptAllChangesOnSuccess, CancellationToken cancellationToken)
Microsoft.EntityFrameworkCore.DbUpdateException: An error occurred while saving the entity changes. See the inner exception for details.
 ---> Microsoft.Data.SqlClient.SqlException (0x80131904): The MERGE statement conflicted with the FOREIGN KEY constraint "FK_Products_Categories_CategoryId". The conflict occurred in database "ECommerceDb", table "dbo.Categories", column 'Id'.
   at Microsoft.Data.SqlClient.SqlConnection.OnError(SqlException exception, Boolean breakConnection, Action`1 wrapCloseInAction)
   at Microsoft.Data.SqlClient.SqlInternalConnection.OnError(SqlException exception, Boolean breakConnection, Action`1 wrapCloseInAction)
   at Microsoft.Data.SqlClient.TdsParser.ThrowExceptionAndWarning(TdsParserStateObject stateObj, SqlCommand command, Boolean callerHasConnectionLock, Boolean asyncClose)
   at Microsoft.Data.SqlClient.TdsParser.TryRun(RunBehavior runBehavior, SqlCommand cmdHandler, SqlDataReader dataStream, BulkCopySimpleResultSet bulkCopyHandler, TdsParserStateObject stateObj, Boolean& dataReady)
   at Microsoft.Data.SqlClient.SqlDataReader.TryHasMoreRows(Boolean& moreRows)
   at Microsoft.Data.SqlClient.SqlDataReader.TryReadInternal(Boolean setTimeout, Boolean& more)
   at Microsoft.Data.SqlClient.SqlDataReader.ReadAsyncExecute(Task task, Object state)
   at Microsoft.Data.SqlClient.SqlDataReader.InvokeAsyncCall[T](SqlDataReaderBaseAsyncCallContext`1 context)
--- End of stack trace from previous location ---
   at Microsoft.EntityFrameworkCore.Update.AffectedCountModificationCommandBatch.ConsumeResultSetAsync(Int32 startCommandIndex, RelationalDataReader reader, CancellationToken cancellationToken)
ClientConnectionId:58b66e7c-5299-4542-a951-ab4691d6865d
Hata Numarası: 547,Durum: 0,Sınıf:16
   --- End of inner exception stack trace ---
   at Microsoft.EntityFrameworkCore.Update.AffectedCountModificationCommandBatch.ConsumeResultSetAsync(Int32 startCommandIndex, RelationalDataReader reader, CancellationToken cancellationToken)
   at Microsoft.EntityFrameworkCore.Update.AffectedCountModificationCommandBatch.ConsumeAsync(RelationalDataReader reader, CancellationToken cancellationToken)
   at Microsoft.EntityFrameworkCore.Update.ReaderModificationCommandBatch.ExecuteAsync(IRelationalConnection connection, CancellationToken cancellationToken)
   at Microsoft.EntityFrameworkCore.Update.ReaderModificationCommandBatch.ExecuteAsync(IRelationalConnection connection, CancellationToken cancellationToken)
   at Microsoft.EntityFrameworkCore.SqlServer.Update.Internal.SqlServerModificationCommandBatch.ExecuteAsync(IRelationalConnection connection, CancellationToken cancellationToken)
   at Microsoft.EntityFrameworkCore.Update.Internal.BatchExecutor.ExecuteAsync(IEnumerable`1 commandBatches, IRelationalConnection connection, CancellationToken cancellationToken)
   at Microsoft.EntityFrameworkCore.Update.Internal.BatchExecutor.ExecuteAsync(IEnumerable`1 commandBatches, IRelationalConnection connection, CancellationToken cancellationToken)
   at Microsoft.EntityFrameworkCore.Update.Internal.BatchExecutor.ExecuteAsync(IEnumerable`1 commandBatches, IRelationalConnection connection, CancellationToken cancellationToken)
   at Microsoft.EntityFrameworkCore.Storage.RelationalDatabase.SaveChangesAsync(IList`1 entries, CancellationToken cancellationToken)
   at Microsoft.EntityFrameworkCore.ChangeTracking.Internal.StateManager.SaveChangesAsync(IList`1 entriesToSave, CancellationToken cancellationToken)
   at Microsoft.EntityFrameworkCore.ChangeTracking.Internal.StateManager.SaveChangesAsync(StateManager stateManager, Boolean acceptAllChangesOnSuccess, CancellationToken cancellationToken)
   at Microsoft.EntityFrameworkCore.SqlServer.Storage.Internal.SqlServerExecutionStrategy.ExecuteAsync[TState,TResult](TState state, Func`4 operation, Func`4 verifySucceeded, CancellationToken cancellationToken)
   at Microsoft.EntityFrameworkCore.DbContext.SaveChangesAsync(Boolean acceptAllChangesOnSuccess, CancellationToken cancellationToken)
2026-08-13 15:56:43.898 +03:00 [INF] Executing BadRequestObjectResult, writing value of type '<>f__AnonymousType2`2[[System.String, System.Private.CoreLib, Version=10.0.0.0, Culture=neutral, PublicKeyToken=7cec85d7bea7798e],[System.String, System.Private.CoreLib, Version=10.0.0.0, Culture=neutral, PublicKeyToken=7cec85d7bea7798e]]'.
2026-08-13 15:56:43.899 +03:00 [INF] Executed action ECommerceManagement.Api.Controllers.CatalogController.SyncProducts (ECommerceManagement.Api) in 1055.9901ms
2026-08-13 15:56:43.899 +03:00 [INF] Executed endpoint 'ECommerceManagement.Api.Controllers.CatalogController.SyncProducts (ECommerceManagement.Api)'
2026-08-13 15:56:43.899 +03:00 [INF] HTTP POST /api/Catalog/sync responded 400 in 1063.8797 ms
2026-08-13 15:56:43.899 +03:00 [INF] Request finished HTTP/1.1 POST http://localhost:5275/api/Catalog/sync - 400 null application/json; charset=utf-8 1065.6233ms
2026-08-13 15:57:50.031 +03:00 [INF] Application is shutting down...
2026-08-13 15:57:52.638 +03:00 [INF] Executed DbCommand (13ms) [Parameters=[], CommandType='"Text"', CommandTimeout='30']
SELECT CASE
    WHEN EXISTS (
        SELECT 1
        FROM [Users] AS [u]
        WHERE [u].[Email] = N'superadmin@sistem.com') THEN CAST(1 AS bit)
    ELSE CAST(0 AS bit)
END
2026-08-13 15:57:52.660 +03:00 [INF] Executed DbCommand (3ms) [Parameters=[], CommandType='"Text"', CommandTimeout='30']
SELECT CASE
    WHEN EXISTS (
        SELECT 1
        FROM [Users] AS [u]
        WHERE [u].[Email] = N'admin@sistem.com') THEN CAST(1 AS bit)
    ELSE CAST(0 AS bit)
END
2026-08-13 15:57:52.663 +03:00 [INF] User profile is available. Using '/Users/yigit/.aspnet/DataProtection-Keys' as key repository; keys will not be encrypted at rest.
2026-08-13 15:57:52.680 +03:00 [INF] Now listening on: http://localhost:5275
2026-08-13 15:57:52.681 +03:00 [INF] Application started. Press Ctrl+C to shut down.
2026-08-13 15:57:52.681 +03:00 [INF] Hosting environment: Development
2026-08-13 15:57:52.681 +03:00 [INF] Content root path: /Users/yigit/RiderProjects/ECommerceManagement/src/ECommerceManagement.Api
2026-08-13 15:58:01.554 +03:00 [INF] Request starting HTTP/1.1 GET http://localhost:5275/index.html - null null
2026-08-13 15:58:01.595 +03:00 [INF] HTTP GET /index.html responded 200 in 27.4048 ms
2026-08-13 15:58:01.595 +03:00 [INF] Request finished HTTP/1.1 GET http://localhost:5275/index.html - 200 null text/html;charset=utf-8 42.8052ms
2026-08-13 15:58:02.084 +03:00 [INF] Request starting HTTP/1.1 GET http://localhost:5275/swagger/v1/swagger.json - null null
2026-08-13 15:58:02.117 +03:00 [INF] HTTP GET /swagger/v1/swagger.json responded 200 in 32.5969 ms
2026-08-13 15:58:02.118 +03:00 [INF] Request finished HTTP/1.1 GET http://localhost:5275/swagger/v1/swagger.json - 200 null application/json;charset=utf-8 33.3385ms
2026-08-13 15:58:06.597 +03:00 [INF] Request starting HTTP/1.1 GET http://localhost:5275/api/Catalog/sync - null null
2026-08-13 15:58:06.601 +03:00 [WRN] Failed to determine the https port for redirect.
2026-08-13 15:58:06.629 +03:00 [INF] Executing endpoint 'ECommerceManagement.Api.Controllers.CatalogController.SyncProducts (ECommerceManagement.Api)'
2026-08-13 15:58:06.637 +03:00 [INF] Route matched with {action = "SyncProducts", controller = "Catalog"}. Executing controller action with signature System.Threading.Tasks.Task`1[Microsoft.AspNetCore.Mvc.IActionResult] SyncProducts() on controller ECommerceManagement.Api.Controllers.CatalogController (ECommerceManagement.Api).
2026-08-13 15:58:06.672 +03:00 [WRN] You do not have a valid license key for the Lucky Penny software AutoMapper. This is allowed for development and testing scenarios. If you are running in production you are required to have a licensed version. Please visit https://luckypennysoftware.com to obtain a valid license.
2026-08-13 15:58:07.125 +03:00 [INF] Executed DbCommand (7ms) [Parameters=[], CommandType='"Text"', CommandTimeout='30']
SELECT [p].[Id], [p].[CategoryId], [p].[CreatedAt], [p].[IsActive], [p].[Name], [p].[Price], [p].[Quantity], [p].[SellerId], [p].[Sku], [p].[SysmondStockId], [p].[UpdatedAt], [p].[WarehouseId]
FROM [Products] AS [p]
2026-08-13 15:58:07.215 +03:00 [INF] Executed DbCommand (18ms) [Parameters=[@p11='?' (DbType = Int32), @p0='?' (DbType = Int32), @p1='?' (DbType = DateTime2), @p2='?' (DbType = Boolean), @p3='?' (Size = 4000), @p4='?' (Precision = 18) (Scale = 2) (DbType = Decimal), @p5='?' (DbType = Int32), @p6='?' (DbType = Int32), @p7='?' (Size = 4000), @p8='?' (DbType = Guid), @p9='?' (DbType = DateTime2), @p10='?' (DbType = Int32), @p12='?' (DbType = Int32), @p13='?' (DbType = DateTime2), @p14='?' (DbType = Boolean), @p15='?' (Size = 4000), @p16='?' (Precision = 18) (Scale = 2) (DbType = Decimal), @p17='?' (DbType = Int32), @p18='?' (DbType = Int32), @p19='?' (Size = 4000), @p20='?' (DbType = Guid), @p21='?' (DbType = DateTime2), @p22='?' (DbType = Int32), @p23='?' (DbType = Int32), @p24='?' (DbType = DateTime2), @p25='?' (DbType = Boolean), @p26='?' (Size = 4000), @p27='?' (Precision = 18) (Scale = 2) (DbType = Decimal), @p28='?' (DbType = Int32), @p29='?' (DbType = Int32), @p30='?' (Size = 4000), @p31='?' (DbType = Guid), @p32='?' (DbType = DateTime2), @p33='?' (DbType = Int32), @p34='?' (DbType = Int32), @p35='?' (DbType = DateTime2), @p36='?' (DbType = Boolean), @p37='?' (Size = 4000), @p38='?' (Precision = 18) (Scale = 2) (DbType = Decimal), @p39='?' (DbType = Int32), @p40='?' (DbType = Int32), @p41='?' (Size = 4000), @p42='?' (DbType = Guid), @p43='?' (DbType = DateTime2), @p44='?' (DbType = Int32), @p45='?' (DbType = Int32), @p46='?' (DbType = DateTime2), @p47='?' (DbType = Boolean), @p48='?' (Size = 4000), @p49='?' (Precision = 18) (Scale = 2) (DbType = Decimal), @p50='?' (DbType = Int32), @p51='?' (DbType = Int32), @p52='?' (Size = 4000), @p53='?' (DbType = Guid), @p54='?' (DbType = DateTime2), @p55='?' (DbType = Int32), @p56='?' (DbType = Int32), @p57='?' (DbType = DateTime2), @p58='?' (DbType = Boolean), @p59='?' (Size = 4000), @p60='?' (Precision = 18) (Scale = 2) (DbType = Decimal), @p61='?' (DbType = Int32), @p62='?' (DbType = Int32), @p63='?' (Size = 4000), @p64='?' (DbType = Guid), @p65='?' (DbType = DateTime2), @p66='?' (DbType = Int32), @p67='?' (DbType = Int32), @p68='?' (DbType = DateTime2), @p69='?' (DbType = Boolean), @p70='?' (Size = 4000), @p71='?' (Precision = 18) (Scale = 2) (DbType = Decimal), @p72='?' (DbType = Int32), @p73='?' (DbType = Int32), @p74='?' (Size = 4000), @p75='?' (DbType = Guid), @p76='?' (DbType = DateTime2), @p77='?' (DbType = Int32), @p78='?' (DbType = Int32), @p79='?' (DbType = DateTime2), @p80='?' (DbType = Boolean), @p81='?' (Size = 4000), @p82='?' (Precision = 18) (Scale = 2) (DbType = Decimal), @p83='?' (DbType = Int32), @p84='?' (DbType = Int32), @p85='?' (Size = 4000), @p86='?' (DbType = Guid), @p87='?' (DbType = DateTime2), @p88='?' (DbType = Int32), @p89='?' (DbType = Int32), @p90='?' (DbType = DateTime2), @p91='?' (DbType = Boolean), @p92='?' (Size = 4000), @p93='?' (Precision = 18) (Scale = 2) (DbType = Decimal), @p94='?' (DbType = Int32), @p95='?' (DbType = Int32), @p96='?' (Size = 4000), @p97='?' (DbType = Guid), @p98='?' (DbType = DateTime2), @p99='?' (DbType = Int32), @p100='?' (DbType = Int32), @p101='?' (DbType = DateTime2), @p102='?' (DbType = Boolean), @p103='?' (Size = 4000), @p104='?' (Precision = 18) (Scale = 2) (DbType = Decimal), @p105='?' (DbType = Int32), @p106='?' (DbType = Int32), @p107='?' (Size = 4000), @p108='?' (DbType = Guid), @p109='?' (DbType = DateTime2), @p110='?' (DbType = Int32)], CommandType='"Text"', CommandTimeout='30']
SET NOCOUNT ON;
UPDATE [Products] SET [CategoryId] = @p0, [CreatedAt] = @p1, [IsActive] = @p2, [Name] = @p3, [Price] = @p4, [Quantity] = @p5, [SellerId] = @p6, [Sku] = @p7, [SysmondStockId] = @p8, [UpdatedAt] = @p9, [WarehouseId] = @p10
OUTPUT 1
WHERE [Id] = @p11;
MERGE [Products] USING (
VALUES (@p12, @p13, @p14, @p15, @p16, @p17, @p18, @p19, @p20, @p21, @p22, 0),
(@p23, @p24, @p25, @p26, @p27, @p28, @p29, @p30, @p31, @p32, @p33, 1),
(@p34, @p35, @p36, @p37, @p38, @p39, @p40, @p41, @p42, @p43, @p44, 2),
(@p45, @p46, @p47, @p48, @p49, @p50, @p51, @p52, @p53, @p54, @p55, 3),
(@p56, @p57, @p58, @p59, @p60, @p61, @p62, @p63, @p64, @p65, @p66, 4),
(@p67, @p68, @p69, @p70, @p71, @p72, @p73, @p74, @p75, @p76, @p77, 5),
(@p78, @p79, @p80, @p81, @p82, @p83, @p84, @p85, @p86, @p87, @p88, 6),
(@p89, @p90, @p91, @p92, @p93, @p94, @p95, @p96, @p97, @p98, @p99, 7),
(@p100, @p101, @p102, @p103, @p104, @p105, @p106, @p107, @p108, @p109, @p110, 8)) AS i ([CategoryId], [CreatedAt], [IsActive], [Name], [Price], [Quantity], [SellerId], [Sku], [SysmondStockId], [UpdatedAt], [WarehouseId], _Position) ON 1=0
WHEN NOT MATCHED THEN
INSERT ([CategoryId], [CreatedAt], [IsActive], [Name], [Price], [Quantity], [SellerId], [Sku], [SysmondStockId], [UpdatedAt], [WarehouseId])
VALUES (i.[CategoryId], i.[CreatedAt], i.[IsActive], i.[Name], i.[Price], i.[Quantity], i.[SellerId], i.[Sku], i.[SysmondStockId], i.[UpdatedAt], i.[WarehouseId])
OUTPUT INSERTED.[Id], i._Position;
2026-08-13 15:58:07.225 +03:00 [ERR] An exception occurred in the database while saving changes for context type 'ECommerceManagement.Repository.Context.ECommerceDbContext'.
Microsoft.EntityFrameworkCore.DbUpdateException: An error occurred while saving the entity changes. See the inner exception for details.
 ---> Microsoft.Data.SqlClient.SqlException (0x80131904): The MERGE statement conflicted with the FOREIGN KEY constraint "FK_Products_Categories_CategoryId". The conflict occurred in database "ECommerceDb", table "dbo.Categories", column 'Id'.
   at Microsoft.Data.SqlClient.SqlConnection.OnError(SqlException exception, Boolean breakConnection, Action`1 wrapCloseInAction)
   at Microsoft.Data.SqlClient.SqlInternalConnection.OnError(SqlException exception, Boolean breakConnection, Action`1 wrapCloseInAction)
   at Microsoft.Data.SqlClient.TdsParser.ThrowExceptionAndWarning(TdsParserStateObject stateObj, SqlCommand command, Boolean callerHasConnectionLock, Boolean asyncClose)
   at Microsoft.Data.SqlClient.TdsParser.TryRun(RunBehavior runBehavior, SqlCommand cmdHandler, SqlDataReader dataStream, BulkCopySimpleResultSet bulkCopyHandler, TdsParserStateObject stateObj, Boolean& dataReady)
   at Microsoft.Data.SqlClient.SqlDataReader.TryHasMoreRows(Boolean& moreRows)
   at Microsoft.Data.SqlClient.SqlDataReader.TryReadInternal(Boolean setTimeout, Boolean& more)
   at Microsoft.Data.SqlClient.SqlDataReader.ReadAsyncExecute(Task task, Object state)
   at Microsoft.Data.SqlClient.SqlDataReader.InvokeAsyncCall[T](SqlDataReaderBaseAsyncCallContext`1 context)
--- End of stack trace from previous location ---
   at Microsoft.EntityFrameworkCore.Update.AffectedCountModificationCommandBatch.ConsumeResultSetAsync(Int32 startCommandIndex, RelationalDataReader reader, CancellationToken cancellationToken)
ClientConnectionId:24a01973-c27a-4792-af96-e5d185b04f14
Hata Numarası: 547,Durum: 0,Sınıf:16
   --- End of inner exception stack trace ---
   at Microsoft.EntityFrameworkCore.Update.AffectedCountModificationCommandBatch.ConsumeResultSetAsync(Int32 startCommandIndex, RelationalDataReader reader, CancellationToken cancellationToken)
   at Microsoft.EntityFrameworkCore.Update.AffectedCountModificationCommandBatch.ConsumeAsync(RelationalDataReader reader, CancellationToken cancellationToken)
   at Microsoft.EntityFrameworkCore.Update.ReaderModificationCommandBatch.ExecuteAsync(IRelationalConnection connection, CancellationToken cancellationToken)
   at Microsoft.EntityFrameworkCore.Update.ReaderModificationCommandBatch.ExecuteAsync(IRelationalConnection connection, CancellationToken cancellationToken)
   at Microsoft.EntityFrameworkCore.SqlServer.Update.Internal.SqlServerModificationCommandBatch.ExecuteAsync(IRelationalConnection connection, CancellationToken cancellationToken)
   at Microsoft.EntityFrameworkCore.Update.Internal.BatchExecutor.ExecuteAsync(IEnumerable`1 commandBatches, IRelationalConnection connection, CancellationToken cancellationToken)
   at Microsoft.EntityFrameworkCore.Update.Internal.BatchExecutor.ExecuteAsync(IEnumerable`1 commandBatches, IRelationalConnection connection, CancellationToken cancellationToken)
   at Microsoft.EntityFrameworkCore.Update.Internal.BatchExecutor.ExecuteAsync(IEnumerable`1 commandBatches, IRelationalConnection connection, CancellationToken cancellationToken)
   at Microsoft.EntityFrameworkCore.Storage.RelationalDatabase.SaveChangesAsync(IList`1 entries, CancellationToken cancellationToken)
   at Microsoft.EntityFrameworkCore.ChangeTracking.Internal.StateManager.SaveChangesAsync(IList`1 entriesToSave, CancellationToken cancellationToken)
   at Microsoft.EntityFrameworkCore.ChangeTracking.Internal.StateManager.SaveChangesAsync(StateManager stateManager, Boolean acceptAllChangesOnSuccess, CancellationToken cancellationToken)
   at Microsoft.EntityFrameworkCore.SqlServer.Storage.Internal.SqlServerExecutionStrategy.ExecuteAsync[TState,TResult](TState state, Func`4 operation, Func`4 verifySucceeded, CancellationToken cancellationToken)
   at Microsoft.EntityFrameworkCore.DbContext.SaveChangesAsync(Boolean acceptAllChangesOnSuccess, CancellationToken cancellationToken)
Microsoft.EntityFrameworkCore.DbUpdateException: An error occurred while saving the entity changes. See the inner exception for details.
 ---> Microsoft.Data.SqlClient.SqlException (0x80131904): The MERGE statement conflicted with the FOREIGN KEY constraint "FK_Products_Categories_CategoryId". The conflict occurred in database "ECommerceDb", table "dbo.Categories", column 'Id'.
   at Microsoft.Data.SqlClient.SqlConnection.OnError(SqlException exception, Boolean breakConnection, Action`1 wrapCloseInAction)
   at Microsoft.Data.SqlClient.SqlInternalConnection.OnError(SqlException exception, Boolean breakConnection, Action`1 wrapCloseInAction)
   at Microsoft.Data.SqlClient.TdsParser.ThrowExceptionAndWarning(TdsParserStateObject stateObj, SqlCommand command, Boolean callerHasConnectionLock, Boolean asyncClose)
   at Microsoft.Data.SqlClient.TdsParser.TryRun(RunBehavior runBehavior, SqlCommand cmdHandler, SqlDataReader dataStream, BulkCopySimpleResultSet bulkCopyHandler, TdsParserStateObject stateObj, Boolean& dataReady)
   at Microsoft.Data.SqlClient.SqlDataReader.TryHasMoreRows(Boolean& moreRows)
   at Microsoft.Data.SqlClient.SqlDataReader.TryReadInternal(Boolean setTimeout, Boolean& more)
   at Microsoft.Data.SqlClient.SqlDataReader.ReadAsyncExecute(Task task, Object state)
   at Microsoft.Data.SqlClient.SqlDataReader.InvokeAsyncCall[T](SqlDataReaderBaseAsyncCallContext`1 context)
--- End of stack trace from previous location ---
   at Microsoft.EntityFrameworkCore.Update.AffectedCountModificationCommandBatch.ConsumeResultSetAsync(Int32 startCommandIndex, RelationalDataReader reader, CancellationToken cancellationToken)
ClientConnectionId:24a01973-c27a-4792-af96-e5d185b04f14
Hata Numarası: 547,Durum: 0,Sınıf:16
   --- End of inner exception stack trace ---
   at Microsoft.EntityFrameworkCore.Update.AffectedCountModificationCommandBatch.ConsumeResultSetAsync(Int32 startCommandIndex, RelationalDataReader reader, CancellationToken cancellationToken)
   at Microsoft.EntityFrameworkCore.Update.AffectedCountModificationCommandBatch.ConsumeAsync(RelationalDataReader reader, CancellationToken cancellationToken)
   at Microsoft.EntityFrameworkCore.Update.ReaderModificationCommandBatch.ExecuteAsync(IRelationalConnection connection, CancellationToken cancellationToken)
   at Microsoft.EntityFrameworkCore.Update.ReaderModificationCommandBatch.ExecuteAsync(IRelationalConnection connection, CancellationToken cancellationToken)
   at Microsoft.EntityFrameworkCore.SqlServer.Update.Internal.SqlServerModificationCommandBatch.ExecuteAsync(IRelationalConnection connection, CancellationToken cancellationToken)
   at Microsoft.EntityFrameworkCore.Update.Internal.BatchExecutor.ExecuteAsync(IEnumerable`1 commandBatches, IRelationalConnection connection, CancellationToken cancellationToken)
   at Microsoft.EntityFrameworkCore.Update.Internal.BatchExecutor.ExecuteAsync(IEnumerable`1 commandBatches, IRelationalConnection connection, CancellationToken cancellationToken)
   at Microsoft.EntityFrameworkCore.Update.Internal.BatchExecutor.ExecuteAsync(IEnumerable`1 commandBatches, IRelationalConnection connection, CancellationToken cancellationToken)
   at Microsoft.EntityFrameworkCore.Storage.RelationalDatabase.SaveChangesAsync(IList`1 entries, CancellationToken cancellationToken)
   at Microsoft.EntityFrameworkCore.ChangeTracking.Internal.StateManager.SaveChangesAsync(IList`1 entriesToSave, CancellationToken cancellationToken)
   at Microsoft.EntityFrameworkCore.ChangeTracking.Internal.StateManager.SaveChangesAsync(StateManager stateManager, Boolean acceptAllChangesOnSuccess, CancellationToken cancellationToken)
   at Microsoft.EntityFrameworkCore.SqlServer.Storage.Internal.SqlServerExecutionStrategy.ExecuteAsync[TState,TResult](TState state, Func`4 operation, Func`4 verifySucceeded, CancellationToken cancellationToken)
   at Microsoft.EntityFrameworkCore.DbContext.SaveChangesAsync(Boolean acceptAllChangesOnSuccess, CancellationToken cancellationToken)
2026-08-13 15:58:07.227 +03:00 [INF] Executing BadRequestObjectResult, writing value of type '<>f__AnonymousType2`2[[System.String, System.Private.CoreLib, Version=10.0.0.0, Culture=neutral, PublicKeyToken=7cec85d7bea7798e],[System.String, System.Private.CoreLib, Version=10.0.0.0, Culture=neutral, PublicKeyToken=7cec85d7bea7798e]]'.
2026-08-13 15:58:07.230 +03:00 [INF] Executed action ECommerceManagement.Api.Controllers.CatalogController.SyncProducts (ECommerceManagement.Api) in 591.9639ms
2026-08-13 15:58:07.230 +03:00 [INF] Executed endpoint 'ECommerceManagement.Api.Controllers.CatalogController.SyncProducts (ECommerceManagement.Api)'
2026-08-13 15:58:07.230 +03:00 [INF] HTTP GET /api/Catalog/sync responded 400 in 632.8171 ms
2026-08-13 15:58:07.231 +03:00 [INF] Request finished HTTP/1.1 GET http://localhost:5275/api/Catalog/sync - 400 null application/json; charset=utf-8 634.577ms
2026-08-13 15:58:24.380 +03:00 [INF] Application is shutting down...
2026-08-13 16:00:12.627 +03:00 [INF] Executed DbCommand (19ms) [Parameters=[], CommandType='"Text"', CommandTimeout='30']
SELECT CASE
    WHEN EXISTS (
        SELECT 1
        FROM [Users] AS [u]
        WHERE [u].[Email] = N'superadmin@sistem.com') THEN CAST(1 AS bit)
    ELSE CAST(0 AS bit)
END
2026-08-13 16:00:12.651 +03:00 [INF] Executed DbCommand (3ms) [Parameters=[], CommandType='"Text"', CommandTimeout='30']
SELECT CASE
    WHEN EXISTS (
        SELECT 1
        FROM [Users] AS [u]
        WHERE [u].[Email] = N'admin@sistem.com') THEN CAST(1 AS bit)
    ELSE CAST(0 AS bit)
END
2026-08-13 16:00:12.654 +03:00 [INF] User profile is available. Using '/Users/yigit/.aspnet/DataProtection-Keys' as key repository; keys will not be encrypted at rest.
2026-08-13 16:00:12.672 +03:00 [INF] Now listening on: http://localhost:5275
2026-08-13 16:00:12.672 +03:00 [INF] Application started. Press Ctrl+C to shut down.
2026-08-13 16:00:12.672 +03:00 [INF] Hosting environment: Development
2026-08-13 16:00:12.672 +03:00 [INF] Content root path: /Users/yigit/RiderProjects/ECommerceManagement/src/ECommerceManagement.Api
2026-08-13 16:00:16.228 +03:00 [INF] Request starting HTTP/1.1 GET http://localhost:5275/index.html - null null
2026-08-13 16:00:16.269 +03:00 [INF] HTTP GET /index.html responded 200 in 29.6755 ms
2026-08-13 16:00:16.270 +03:00 [INF] Request finished HTTP/1.1 GET http://localhost:5275/index.html - 200 null text/html;charset=utf-8 44.0726ms
2026-08-13 16:00:16.376 +03:00 [INF] Request starting HTTP/1.1 GET http://localhost:5275/swagger/v1/swagger.json - null null
2026-08-13 16:00:16.412 +03:00 [INF] HTTP GET /swagger/v1/swagger.json responded 200 in 35.5618 ms
2026-08-13 16:00:16.413 +03:00 [INF] Request finished HTTP/1.1 GET http://localhost:5275/swagger/v1/swagger.json - 200 null application/json;charset=utf-8 36.2993ms
2026-08-13 16:00:21.430 +03:00 [INF] Request starting HTTP/1.1 POST http://localhost:5275/api/Catalog/sync - null 0
2026-08-13 16:00:21.433 +03:00 [WRN] Failed to determine the https port for redirect.
2026-08-13 16:00:21.459 +03:00 [INF] Executing endpoint 'ECommerceManagement.Api.Controllers.CatalogController.SyncProducts (ECommerceManagement.Api)'
2026-08-13 16:00:21.467 +03:00 [INF] Route matched with {action = "SyncProducts", controller = "Catalog"}. Executing controller action with signature System.Threading.Tasks.Task`1[Microsoft.AspNetCore.Mvc.IActionResult] SyncProducts() on controller ECommerceManagement.Api.Controllers.CatalogController (ECommerceManagement.Api).
2026-08-13 16:00:21.503 +03:00 [WRN] You do not have a valid license key for the Lucky Penny software AutoMapper. This is allowed for development and testing scenarios. If you are running in production you are required to have a licensed version. Please visit https://luckypennysoftware.com to obtain a valid license.
2026-08-13 16:00:22.092 +03:00 [INF] Executed DbCommand (5ms) [Parameters=[], CommandType='"Text"', CommandTimeout='30']
SELECT [p].[Id], [p].[CategoryId], [p].[CreatedAt], [p].[IsActive], [p].[Name], [p].[Price], [p].[Quantity], [p].[SellerId], [p].[Sku], [p].[SysmondStockId], [p].[UpdatedAt], [p].[WarehouseId]
FROM [Products] AS [p]
2026-08-13 16:00:22.180 +03:00 [INF] Executed DbCommand (13ms) [Parameters=[@p11='?' (DbType = Int32), @p0='?' (DbType = Int32), @p1='?' (DbType = DateTime2), @p2='?' (DbType = Boolean), @p3='?' (Size = 4000), @p4='?' (Precision = 18) (Scale = 2) (DbType = Decimal), @p5='?' (DbType = Int32), @p6='?' (DbType = Int32), @p7='?' (Size = 4000), @p8='?' (DbType = Guid), @p9='?' (DbType = DateTime2), @p10='?' (DbType = Int32), @p12='?' (DbType = Int32), @p13='?' (DbType = DateTime2), @p14='?' (DbType = Boolean), @p15='?' (Size = 4000), @p16='?' (Precision = 18) (Scale = 2) (DbType = Decimal), @p17='?' (DbType = Int32), @p18='?' (DbType = Int32), @p19='?' (Size = 4000), @p20='?' (DbType = Guid), @p21='?' (DbType = DateTime2), @p22='?' (DbType = Int32), @p23='?' (DbType = Int32), @p24='?' (DbType = DateTime2), @p25='?' (DbType = Boolean), @p26='?' (Size = 4000), @p27='?' (Precision = 18) (Scale = 2) (DbType = Decimal), @p28='?' (DbType = Int32), @p29='?' (DbType = Int32), @p30='?' (Size = 4000), @p31='?' (DbType = Guid), @p32='?' (DbType = DateTime2), @p33='?' (DbType = Int32), @p34='?' (DbType = Int32), @p35='?' (DbType = DateTime2), @p36='?' (DbType = Boolean), @p37='?' (Size = 4000), @p38='?' (Precision = 18) (Scale = 2) (DbType = Decimal), @p39='?' (DbType = Int32), @p40='?' (DbType = Int32), @p41='?' (Size = 4000), @p42='?' (DbType = Guid), @p43='?' (DbType = DateTime2), @p44='?' (DbType = Int32), @p45='?' (DbType = Int32), @p46='?' (DbType = DateTime2), @p47='?' (DbType = Boolean), @p48='?' (Size = 4000), @p49='?' (Precision = 18) (Scale = 2) (DbType = Decimal), @p50='?' (DbType = Int32), @p51='?' (DbType = Int32), @p52='?' (Size = 4000), @p53='?' (DbType = Guid), @p54='?' (DbType = DateTime2), @p55='?' (DbType = Int32), @p56='?' (DbType = Int32), @p57='?' (DbType = DateTime2), @p58='?' (DbType = Boolean), @p59='?' (Size = 4000), @p60='?' (Precision = 18) (Scale = 2) (DbType = Decimal), @p61='?' (DbType = Int32), @p62='?' (DbType = Int32), @p63='?' (Size = 4000), @p64='?' (DbType = Guid), @p65='?' (DbType = DateTime2), @p66='?' (DbType = Int32), @p67='?' (DbType = Int32), @p68='?' (DbType = DateTime2), @p69='?' (DbType = Boolean), @p70='?' (Size = 4000), @p71='?' (Precision = 18) (Scale = 2) (DbType = Decimal), @p72='?' (DbType = Int32), @p73='?' (DbType = Int32), @p74='?' (Size = 4000), @p75='?' (DbType = Guid), @p76='?' (DbType = DateTime2), @p77='?' (DbType = Int32), @p78='?' (DbType = Int32), @p79='?' (DbType = DateTime2), @p80='?' (DbType = Boolean), @p81='?' (Size = 4000), @p82='?' (Precision = 18) (Scale = 2) (DbType = Decimal), @p83='?' (DbType = Int32), @p84='?' (DbType = Int32), @p85='?' (Size = 4000), @p86='?' (DbType = Guid), @p87='?' (DbType = DateTime2), @p88='?' (DbType = Int32), @p89='?' (DbType = Int32), @p90='?' (DbType = DateTime2), @p91='?' (DbType = Boolean), @p92='?' (Size = 4000), @p93='?' (Precision = 18) (Scale = 2) (DbType = Decimal), @p94='?' (DbType = Int32), @p95='?' (DbType = Int32), @p96='?' (Size = 4000), @p97='?' (DbType = Guid), @p98='?' (DbType = DateTime2), @p99='?' (DbType = Int32), @p100='?' (DbType = Int32), @p101='?' (DbType = DateTime2), @p102='?' (DbType = Boolean), @p103='?' (Size = 4000), @p104='?' (Precision = 18) (Scale = 2) (DbType = Decimal), @p105='?' (DbType = Int32), @p106='?' (DbType = Int32), @p107='?' (Size = 4000), @p108='?' (DbType = Guid), @p109='?' (DbType = DateTime2), @p110='?' (DbType = Int32)], CommandType='"Text"', CommandTimeout='30']
SET NOCOUNT ON;
UPDATE [Products] SET [CategoryId] = @p0, [CreatedAt] = @p1, [IsActive] = @p2, [Name] = @p3, [Price] = @p4, [Quantity] = @p5, [SellerId] = @p6, [Sku] = @p7, [SysmondStockId] = @p8, [UpdatedAt] = @p9, [WarehouseId] = @p10
OUTPUT 1
WHERE [Id] = @p11;
MERGE [Products] USING (
VALUES (@p12, @p13, @p14, @p15, @p16, @p17, @p18, @p19, @p20, @p21, @p22, 0),
(@p23, @p24, @p25, @p26, @p27, @p28, @p29, @p30, @p31, @p32, @p33, 1),
(@p34, @p35, @p36, @p37, @p38, @p39, @p40, @p41, @p42, @p43, @p44, 2),
(@p45, @p46, @p47, @p48, @p49, @p50, @p51, @p52, @p53, @p54, @p55, 3),
(@p56, @p57, @p58, @p59, @p60, @p61, @p62, @p63, @p64, @p65, @p66, 4),
(@p67, @p68, @p69, @p70, @p71, @p72, @p73, @p74, @p75, @p76, @p77, 5),
(@p78, @p79, @p80, @p81, @p82, @p83, @p84, @p85, @p86, @p87, @p88, 6),
(@p89, @p90, @p91, @p92, @p93, @p94, @p95, @p96, @p97, @p98, @p99, 7),
(@p100, @p101, @p102, @p103, @p104, @p105, @p106, @p107, @p108, @p109, @p110, 8)) AS i ([CategoryId], [CreatedAt], [IsActive], [Name], [Price], [Quantity], [SellerId], [Sku], [SysmondStockId], [UpdatedAt], [WarehouseId], _Position) ON 1=0
WHEN NOT MATCHED THEN
INSERT ([CategoryId], [CreatedAt], [IsActive], [Name], [Price], [Quantity], [SellerId], [Sku], [SysmondStockId], [UpdatedAt], [WarehouseId])
VALUES (i.[CategoryId], i.[CreatedAt], i.[IsActive], i.[Name], i.[Price], i.[Quantity], i.[SellerId], i.[Sku], i.[SysmondStockId], i.[UpdatedAt], i.[WarehouseId])
OUTPUT INSERTED.[Id], i._Position;
2026-08-13 16:00:22.190 +03:00 [ERR] An exception occurred in the database while saving changes for context type 'ECommerceManagement.Repository.Context.ECommerceDbContext'.
Microsoft.EntityFrameworkCore.DbUpdateException: An error occurred while saving the entity changes. See the inner exception for details.
 ---> Microsoft.Data.SqlClient.SqlException (0x80131904): The MERGE statement conflicted with the FOREIGN KEY constraint "FK_Products_Sellers_SellerId". The conflict occurred in database "ECommerceDb", table "dbo.Sellers", column 'Id'.
   at Microsoft.Data.SqlClient.SqlConnection.OnError(SqlException exception, Boolean breakConnection, Action`1 wrapCloseInAction)
   at Microsoft.Data.SqlClient.SqlInternalConnection.OnError(SqlException exception, Boolean breakConnection, Action`1 wrapCloseInAction)
   at Microsoft.Data.SqlClient.TdsParser.ThrowExceptionAndWarning(TdsParserStateObject stateObj, SqlCommand command, Boolean callerHasConnectionLock, Boolean asyncClose)
   at Microsoft.Data.SqlClient.TdsParser.TryRun(RunBehavior runBehavior, SqlCommand cmdHandler, SqlDataReader dataStream, BulkCopySimpleResultSet bulkCopyHandler, TdsParserStateObject stateObj, Boolean& dataReady)
   at Microsoft.Data.SqlClient.SqlDataReader.TryHasMoreRows(Boolean& moreRows)
   at Microsoft.Data.SqlClient.SqlDataReader.TryReadInternal(Boolean setTimeout, Boolean& more)
   at Microsoft.Data.SqlClient.SqlDataReader.ReadAsyncExecute(Task task, Object state)
   at Microsoft.Data.SqlClient.SqlDataReader.InvokeAsyncCall[T](SqlDataReaderBaseAsyncCallContext`1 context)
--- End of stack trace from previous location ---
   at Microsoft.EntityFrameworkCore.Update.AffectedCountModificationCommandBatch.ConsumeResultSetAsync(Int32 startCommandIndex, RelationalDataReader reader, CancellationToken cancellationToken)
ClientConnectionId:b8b12f47-4f0a-40d9-9344-e33923942061
Hata Numarası: 547,Durum: 0,Sınıf:16
   --- End of inner exception stack trace ---
   at Microsoft.EntityFrameworkCore.Update.AffectedCountModificationCommandBatch.ConsumeResultSetAsync(Int32 startCommandIndex, RelationalDataReader reader, CancellationToken cancellationToken)
   at Microsoft.EntityFrameworkCore.Update.AffectedCountModificationCommandBatch.ConsumeAsync(RelationalDataReader reader, CancellationToken cancellationToken)
   at Microsoft.EntityFrameworkCore.Update.ReaderModificationCommandBatch.ExecuteAsync(IRelationalConnection connection, CancellationToken cancellationToken)
   at Microsoft.EntityFrameworkCore.Update.ReaderModificationCommandBatch.ExecuteAsync(IRelationalConnection connection, CancellationToken cancellationToken)
   at Microsoft.EntityFrameworkCore.SqlServer.Update.Internal.SqlServerModificationCommandBatch.ExecuteAsync(IRelationalConnection connection, CancellationToken cancellationToken)
   at Microsoft.EntityFrameworkCore.Update.Internal.BatchExecutor.ExecuteAsync(IEnumerable`1 commandBatches, IRelationalConnection connection, CancellationToken cancellationToken)
   at Microsoft.EntityFrameworkCore.Update.Internal.BatchExecutor.ExecuteAsync(IEnumerable`1 commandBatches, IRelationalConnection connection, CancellationToken cancellationToken)
   at Microsoft.EntityFrameworkCore.Update.Internal.BatchExecutor.ExecuteAsync(IEnumerable`1 commandBatches, IRelationalConnection connection, CancellationToken cancellationToken)
   at Microsoft.EntityFrameworkCore.Storage.RelationalDatabase.SaveChangesAsync(IList`1 entries, CancellationToken cancellationToken)
   at Microsoft.EntityFrameworkCore.ChangeTracking.Internal.StateManager.SaveChangesAsync(IList`1 entriesToSave, CancellationToken cancellationToken)
   at Microsoft.EntityFrameworkCore.ChangeTracking.Internal.StateManager.SaveChangesAsync(StateManager stateManager, Boolean acceptAllChangesOnSuccess, CancellationToken cancellationToken)
   at Microsoft.EntityFrameworkCore.SqlServer.Storage.Internal.SqlServerExecutionStrategy.ExecuteAsync[TState,TResult](TState state, Func`4 operation, Func`4 verifySucceeded, CancellationToken cancellationToken)
   at Microsoft.EntityFrameworkCore.DbContext.SaveChangesAsync(Boolean acceptAllChangesOnSuccess, CancellationToken cancellationToken)
Microsoft.EntityFrameworkCore.DbUpdateException: An error occurred while saving the entity changes. See the inner exception for details.
 ---> Microsoft.Data.SqlClient.SqlException (0x80131904): The MERGE statement conflicted with the FOREIGN KEY constraint "FK_Products_Sellers_SellerId". The conflict occurred in database "ECommerceDb", table "dbo.Sellers", column 'Id'.
   at Microsoft.Data.SqlClient.SqlConnection.OnError(SqlException exception, Boolean breakConnection, Action`1 wrapCloseInAction)
   at Microsoft.Data.SqlClient.SqlInternalConnection.OnError(SqlException exception, Boolean breakConnection, Action`1 wrapCloseInAction)
   at Microsoft.Data.SqlClient.TdsParser.ThrowExceptionAndWarning(TdsParserStateObject stateObj, SqlCommand command, Boolean callerHasConnectionLock, Boolean asyncClose)
   at Microsoft.Data.SqlClient.TdsParser.TryRun(RunBehavior runBehavior, SqlCommand cmdHandler, SqlDataReader dataStream, BulkCopySimpleResultSet bulkCopyHandler, TdsParserStateObject stateObj, Boolean& dataReady)
   at Microsoft.Data.SqlClient.SqlDataReader.TryHasMoreRows(Boolean& moreRows)
   at Microsoft.Data.SqlClient.SqlDataReader.TryReadInternal(Boolean setTimeout, Boolean& more)
   at Microsoft.Data.SqlClient.SqlDataReader.ReadAsyncExecute(Task task, Object state)
   at Microsoft.Data.SqlClient.SqlDataReader.InvokeAsyncCall[T](SqlDataReaderBaseAsyncCallContext`1 context)
--- End of stack trace from previous location ---
   at Microsoft.EntityFrameworkCore.Update.AffectedCountModificationCommandBatch.ConsumeResultSetAsync(Int32 startCommandIndex, RelationalDataReader reader, CancellationToken cancellationToken)
ClientConnectionId:b8b12f47-4f0a-40d9-9344-e33923942061
Hata Numarası: 547,Durum: 0,Sınıf:16
   --- End of inner exception stack trace ---
   at Microsoft.EntityFrameworkCore.Update.AffectedCountModificationCommandBatch.ConsumeResultSetAsync(Int32 startCommandIndex, RelationalDataReader reader, CancellationToken cancellationToken)
   at Microsoft.EntityFrameworkCore.Update.AffectedCountModificationCommandBatch.ConsumeAsync(RelationalDataReader reader, CancellationToken cancellationToken)
   at Microsoft.EntityFrameworkCore.Update.ReaderModificationCommandBatch.ExecuteAsync(IRelationalConnection connection, CancellationToken cancellationToken)
   at Microsoft.EntityFrameworkCore.Update.ReaderModificationCommandBatch.ExecuteAsync(IRelationalConnection connection, CancellationToken cancellationToken)
   at Microsoft.EntityFrameworkCore.SqlServer.Update.Internal.SqlServerModificationCommandBatch.ExecuteAsync(IRelationalConnection connection, CancellationToken cancellationToken)
   at Microsoft.EntityFrameworkCore.Update.Internal.BatchExecutor.ExecuteAsync(IEnumerable`1 commandBatches, IRelationalConnection connection, CancellationToken cancellationToken)
   at Microsoft.EntityFrameworkCore.Update.Internal.BatchExecutor.ExecuteAsync(IEnumerable`1 commandBatches, IRelationalConnection connection, CancellationToken cancellationToken)
   at Microsoft.EntityFrameworkCore.Update.Internal.BatchExecutor.ExecuteAsync(IEnumerable`1 commandBatches, IRelationalConnection connection, CancellationToken cancellationToken)
   at Microsoft.EntityFrameworkCore.Storage.RelationalDatabase.SaveChangesAsync(IList`1 entries, CancellationToken cancellationToken)
   at Microsoft.EntityFrameworkCore.ChangeTracking.Internal.StateManager.SaveChangesAsync(IList`1 entriesToSave, CancellationToken cancellationToken)
   at Microsoft.EntityFrameworkCore.ChangeTracking.Internal.StateManager.SaveChangesAsync(StateManager stateManager, Boolean acceptAllChangesOnSuccess, CancellationToken cancellationToken)
   at Microsoft.EntityFrameworkCore.SqlServer.Storage.Internal.SqlServerExecutionStrategy.ExecuteAsync[TState,TResult](TState state, Func`4 operation, Func`4 verifySucceeded, CancellationToken cancellationToken)
   at Microsoft.EntityFrameworkCore.DbContext.SaveChangesAsync(Boolean acceptAllChangesOnSuccess, CancellationToken cancellationToken)
2026-08-13 16:00:22.192 +03:00 [INF] Executing BadRequestObjectResult, writing value of type '<>f__AnonymousType2`2[[System.String, System.Private.CoreLib, Version=10.0.0.0, Culture=neutral, PublicKeyToken=7cec85d7bea7798e],[System.String, System.Private.CoreLib, Version=10.0.0.0, Culture=neutral, PublicKeyToken=7cec85d7bea7798e]]'.
2026-08-13 16:00:22.194 +03:00 [INF] Executed action ECommerceManagement.Api.Controllers.CatalogController.SyncProducts (ECommerceManagement.Api) in 726.2104ms
2026-08-13 16:00:22.194 +03:00 [INF] Executed endpoint 'ECommerceManagement.Api.Controllers.CatalogController.SyncProducts (ECommerceManagement.Api)'
2026-08-13 16:00:22.195 +03:00 [INF] HTTP POST /api/Catalog/sync responded 400 in 763.5682 ms
2026-08-13 16:00:22.196 +03:00 [INF] Request finished HTTP/1.1 POST http://localhost:5275/api/Catalog/sync - 400 null application/json; charset=utf-8 765.7143ms
2026-08-13 16:14:01.139 +03:00 [INF] Application is shutting down...
2026-08-13 16:14:04.813 +03:00 [INF] Executed DbCommand (13ms) [Parameters=[], CommandType='"Text"', CommandTimeout='30']
SELECT CASE
    WHEN EXISTS (
        SELECT 1
        FROM [Users] AS [u]
        WHERE [u].[Email] = N'superadmin@sistem.com') THEN CAST(1 AS bit)
    ELSE CAST(0 AS bit)
END
2026-08-13 16:14:04.834 +03:00 [INF] Executed DbCommand (3ms) [Parameters=[], CommandType='"Text"', CommandTimeout='30']
SELECT CASE
    WHEN EXISTS (
        SELECT 1
        FROM [Users] AS [u]
        WHERE [u].[Email] = N'admin@sistem.com') THEN CAST(1 AS bit)
    ELSE CAST(0 AS bit)
END
2026-08-13 16:14:04.837 +03:00 [INF] User profile is available. Using '/Users/yigit/.aspnet/DataProtection-Keys' as key repository; keys will not be encrypted at rest.
2026-08-13 16:14:04.855 +03:00 [INF] Now listening on: http://localhost:5275
2026-08-13 16:14:04.855 +03:00 [INF] Application started. Press Ctrl+C to shut down.
2026-08-13 16:14:04.855 +03:00 [INF] Hosting environment: Development
2026-08-13 16:14:04.856 +03:00 [INF] Content root path: /Users/yigit/RiderProjects/ECommerceManagement/src/ECommerceManagement.Api
2026-08-13 16:14:07.646 +03:00 [INF] Request starting HTTP/1.1 GET http://localhost:5275/index.html - null null
2026-08-13 16:14:07.679 +03:00 [INF] HTTP GET /index.html responded 200 in 22.4217 ms
2026-08-13 16:14:07.680 +03:00 [INF] Request finished HTTP/1.1 GET http://localhost:5275/index.html - 200 null text/html;charset=utf-8 34.2749ms
2026-08-13 16:14:08.163 +03:00 [INF] Request starting HTTP/1.1 GET http://localhost:5275/swagger/v1/swagger.json - null null
2026-08-13 16:14:08.189 +03:00 [INF] HTTP GET /swagger/v1/swagger.json responded 200 in 25.8214 ms
2026-08-13 16:14:08.190 +03:00 [INF] Request finished HTTP/1.1 GET http://localhost:5275/swagger/v1/swagger.json - 200 null application/json;charset=utf-8 26.578ms
2026-08-13 16:14:13.658 +03:00 [INF] Request starting HTTP/1.1 POST http://localhost:5275/api/Catalog/sync - null 0
2026-08-13 16:14:13.663 +03:00 [WRN] Failed to determine the https port for redirect.
2026-08-13 16:14:13.692 +03:00 [INF] Executing endpoint 'ECommerceManagement.Api.Controllers.CatalogController.SyncProducts (ECommerceManagement.Api)'
2026-08-13 16:14:13.700 +03:00 [INF] Route matched with {action = "SyncProducts", controller = "Catalog"}. Executing controller action with signature System.Threading.Tasks.Task`1[Microsoft.AspNetCore.Mvc.IActionResult] SyncProducts() on controller ECommerceManagement.Api.Controllers.CatalogController (ECommerceManagement.Api).
2026-08-13 16:14:13.736 +03:00 [WRN] You do not have a valid license key for the Lucky Penny software AutoMapper. This is allowed for development and testing scenarios. If you are running in production you are required to have a licensed version. Please visit https://luckypennysoftware.com to obtain a valid license.
2026-08-13 16:14:14.413 +03:00 [INF] Executed DbCommand (11ms) [Parameters=[], CommandType='"Text"', CommandTimeout='30']
SELECT [p].[Id], [p].[CategoryId], [p].[CreatedAt], [p].[IsActive], [p].[Name], [p].[Price], [p].[Quantity], [p].[SellerId], [p].[Sku], [p].[SysmondStockId], [p].[UpdatedAt], [p].[WarehouseId]
FROM [Products] AS [p]
2026-08-13 16:14:14.454 +03:00 [INF] Executed DbCommand (4ms) [Parameters=[], CommandType='"Text"', CommandTimeout='30']
SELECT [w].[Id], [w].[CreatedAt], [w].[IsActive], [w].[Location], [w].[Name], [w].[SysmondId]
FROM [Warehouses] AS [w]
2026-08-13 16:14:14.528 +03:00 [INF] Executed DbCommand (16ms) [Parameters=[@p11='?' (DbType = Int32), @p0='?' (DbType = Int32), @p1='?' (DbType = DateTime2), @p2='?' (DbType = Boolean), @p3='?' (Size = 4000), @p4='?' (Precision = 18) (Scale = 2) (DbType = Decimal), @p5='?' (DbType = Int32), @p6='?' (DbType = Int32), @p7='?' (Size = 4000), @p8='?' (DbType = Guid), @p9='?' (DbType = DateTime2), @p10='?' (DbType = Int32), @p12='?' (DbType = Int32), @p13='?' (DbType = DateTime2), @p14='?' (DbType = Boolean), @p15='?' (Size = 4000), @p16='?' (Precision = 18) (Scale = 2) (DbType = Decimal), @p17='?' (DbType = Int32), @p18='?' (DbType = Int32), @p19='?' (Size = 4000), @p20='?' (DbType = Guid), @p21='?' (DbType = DateTime2), @p22='?' (DbType = Int32), @p23='?' (DbType = Int32), @p24='?' (DbType = DateTime2), @p25='?' (DbType = Boolean), @p26='?' (Size = 4000), @p27='?' (Precision = 18) (Scale = 2) (DbType = Decimal), @p28='?' (DbType = Int32), @p29='?' (DbType = Int32), @p30='?' (Size = 4000), @p31='?' (DbType = Guid), @p32='?' (DbType = DateTime2), @p33='?' (DbType = Int32), @p34='?' (DbType = Int32), @p35='?' (DbType = DateTime2), @p36='?' (DbType = Boolean), @p37='?' (Size = 4000), @p38='?' (Precision = 18) (Scale = 2) (DbType = Decimal), @p39='?' (DbType = Int32), @p40='?' (DbType = Int32), @p41='?' (Size = 4000), @p42='?' (DbType = Guid), @p43='?' (DbType = DateTime2), @p44='?' (DbType = Int32), @p45='?' (DbType = Int32), @p46='?' (DbType = DateTime2), @p47='?' (DbType = Boolean), @p48='?' (Size = 4000), @p49='?' (Precision = 18) (Scale = 2) (DbType = Decimal), @p50='?' (DbType = Int32), @p51='?' (DbType = Int32), @p52='?' (Size = 4000), @p53='?' (DbType = Guid), @p54='?' (DbType = DateTime2), @p55='?' (DbType = Int32), @p56='?' (DbType = Int32), @p57='?' (DbType = DateTime2), @p58='?' (DbType = Boolean), @p59='?' (Size = 4000), @p60='?' (Precision = 18) (Scale = 2) (DbType = Decimal), @p61='?' (DbType = Int32), @p62='?' (DbType = Int32), @p63='?' (Size = 4000), @p64='?' (DbType = Guid), @p65='?' (DbType = DateTime2), @p66='?' (DbType = Int32), @p67='?' (DbType = Int32), @p68='?' (DbType = DateTime2), @p69='?' (DbType = Boolean), @p70='?' (Size = 4000), @p71='?' (Precision = 18) (Scale = 2) (DbType = Decimal), @p72='?' (DbType = Int32), @p73='?' (DbType = Int32), @p74='?' (Size = 4000), @p75='?' (DbType = Guid), @p76='?' (DbType = DateTime2), @p77='?' (DbType = Int32), @p78='?' (DbType = Int32), @p79='?' (DbType = DateTime2), @p80='?' (DbType = Boolean), @p81='?' (Size = 4000), @p82='?' (Precision = 18) (Scale = 2) (DbType = Decimal), @p83='?' (DbType = Int32), @p84='?' (DbType = Int32), @p85='?' (Size = 4000), @p86='?' (DbType = Guid), @p87='?' (DbType = DateTime2), @p88='?' (DbType = Int32), @p89='?' (DbType = Int32), @p90='?' (DbType = DateTime2), @p91='?' (DbType = Boolean), @p92='?' (Size = 4000), @p93='?' (Precision = 18) (Scale = 2) (DbType = Decimal), @p94='?' (DbType = Int32), @p95='?' (DbType = Int32), @p96='?' (Size = 4000), @p97='?' (DbType = Guid), @p98='?' (DbType = DateTime2), @p99='?' (DbType = Int32), @p100='?' (DbType = Int32), @p101='?' (DbType = DateTime2), @p102='?' (DbType = Boolean), @p103='?' (Size = 4000), @p104='?' (Precision = 18) (Scale = 2) (DbType = Decimal), @p105='?' (DbType = Int32), @p106='?' (DbType = Int32), @p107='?' (Size = 4000), @p108='?' (DbType = Guid), @p109='?' (DbType = DateTime2), @p110='?' (DbType = Int32)], CommandType='"Text"', CommandTimeout='30']
SET NOCOUNT ON;
UPDATE [Products] SET [CategoryId] = @p0, [CreatedAt] = @p1, [IsActive] = @p2, [Name] = @p3, [Price] = @p4, [Quantity] = @p5, [SellerId] = @p6, [Sku] = @p7, [SysmondStockId] = @p8, [UpdatedAt] = @p9, [WarehouseId] = @p10
OUTPUT 1
WHERE [Id] = @p11;
MERGE [Products] USING (
VALUES (@p12, @p13, @p14, @p15, @p16, @p17, @p18, @p19, @p20, @p21, @p22, 0),
(@p23, @p24, @p25, @p26, @p27, @p28, @p29, @p30, @p31, @p32, @p33, 1),
(@p34, @p35, @p36, @p37, @p38, @p39, @p40, @p41, @p42, @p43, @p44, 2),
(@p45, @p46, @p47, @p48, @p49, @p50, @p51, @p52, @p53, @p54, @p55, 3),
(@p56, @p57, @p58, @p59, @p60, @p61, @p62, @p63, @p64, @p65, @p66, 4),
(@p67, @p68, @p69, @p70, @p71, @p72, @p73, @p74, @p75, @p76, @p77, 5),
(@p78, @p79, @p80, @p81, @p82, @p83, @p84, @p85, @p86, @p87, @p88, 6),
(@p89, @p90, @p91, @p92, @p93, @p94, @p95, @p96, @p97, @p98, @p99, 7),
(@p100, @p101, @p102, @p103, @p104, @p105, @p106, @p107, @p108, @p109, @p110, 8)) AS i ([CategoryId], [CreatedAt], [IsActive], [Name], [Price], [Quantity], [SellerId], [Sku], [SysmondStockId], [UpdatedAt], [WarehouseId], _Position) ON 1=0
WHEN NOT MATCHED THEN
INSERT ([CategoryId], [CreatedAt], [IsActive], [Name], [Price], [Quantity], [SellerId], [Sku], [SysmondStockId], [UpdatedAt], [WarehouseId])
VALUES (i.[CategoryId], i.[CreatedAt], i.[IsActive], i.[Name], i.[Price], i.[Quantity], i.[SellerId], i.[Sku], i.[SysmondStockId], i.[UpdatedAt], i.[WarehouseId])
OUTPUT INSERTED.[Id], i._Position;
2026-08-13 16:14:14.539 +03:00 [ERR] An exception occurred in the database while saving changes for context type 'ECommerceManagement.Repository.Context.ECommerceDbContext'.
Microsoft.EntityFrameworkCore.DbUpdateException: An error occurred while saving the entity changes. See the inner exception for details.
 ---> Microsoft.Data.SqlClient.SqlException (0x80131904): The MERGE statement conflicted with the FOREIGN KEY constraint "FK_Products_Categories_CategoryId". The conflict occurred in database "ECommerceDb", table "dbo.Categories", column 'Id'.
   at Microsoft.Data.SqlClient.SqlConnection.OnError(SqlException exception, Boolean breakConnection, Action`1 wrapCloseInAction)
   at Microsoft.Data.SqlClient.SqlInternalConnection.OnError(SqlException exception, Boolean breakConnection, Action`1 wrapCloseInAction)
   at Microsoft.Data.SqlClient.TdsParser.ThrowExceptionAndWarning(TdsParserStateObject stateObj, SqlCommand command, Boolean callerHasConnectionLock, Boolean asyncClose)
   at Microsoft.Data.SqlClient.TdsParser.TryRun(RunBehavior runBehavior, SqlCommand cmdHandler, SqlDataReader dataStream, BulkCopySimpleResultSet bulkCopyHandler, TdsParserStateObject stateObj, Boolean& dataReady)
   at Microsoft.Data.SqlClient.SqlDataReader.TryHasMoreRows(Boolean& moreRows)
   at Microsoft.Data.SqlClient.SqlDataReader.TryReadInternal(Boolean setTimeout, Boolean& more)
   at Microsoft.Data.SqlClient.SqlDataReader.ReadAsyncExecute(Task task, Object state)
   at Microsoft.Data.SqlClient.SqlDataReader.InvokeAsyncCall[T](SqlDataReaderBaseAsyncCallContext`1 context)
--- End of stack trace from previous location ---
   at Microsoft.EntityFrameworkCore.Update.AffectedCountModificationCommandBatch.ConsumeResultSetAsync(Int32 startCommandIndex, RelationalDataReader reader, CancellationToken cancellationToken)
ClientConnectionId:d86c81f7-91fa-4c19-a22f-1f977f8689d4
Hata Numarası: 547,Durum: 0,Sınıf:16
   --- End of inner exception stack trace ---
   at Microsoft.EntityFrameworkCore.Update.AffectedCountModificationCommandBatch.ConsumeResultSetAsync(Int32 startCommandIndex, RelationalDataReader reader, CancellationToken cancellationToken)
   at Microsoft.EntityFrameworkCore.Update.AffectedCountModificationCommandBatch.ConsumeAsync(RelationalDataReader reader, CancellationToken cancellationToken)
   at Microsoft.EntityFrameworkCore.Update.ReaderModificationCommandBatch.ExecuteAsync(IRelationalConnection connection, CancellationToken cancellationToken)
   at Microsoft.EntityFrameworkCore.Update.ReaderModificationCommandBatch.ExecuteAsync(IRelationalConnection connection, CancellationToken cancellationToken)
   at Microsoft.EntityFrameworkCore.SqlServer.Update.Internal.SqlServerModificationCommandBatch.ExecuteAsync(IRelationalConnection connection, CancellationToken cancellationToken)
   at Microsoft.EntityFrameworkCore.Update.Internal.BatchExecutor.ExecuteAsync(IEnumerable`1 commandBatches, IRelationalConnection connection, CancellationToken cancellationToken)
   at Microsoft.EntityFrameworkCore.Update.Internal.BatchExecutor.ExecuteAsync(IEnumerable`1 commandBatches, IRelationalConnection connection, CancellationToken cancellationToken)
   at Microsoft.EntityFrameworkCore.Update.Internal.BatchExecutor.ExecuteAsync(IEnumerable`1 commandBatches, IRelationalConnection connection, CancellationToken cancellationToken)
   at Microsoft.EntityFrameworkCore.Storage.RelationalDatabase.SaveChangesAsync(IList`1 entries, CancellationToken cancellationToken)
   at Microsoft.EntityFrameworkCore.ChangeTracking.Internal.StateManager.SaveChangesAsync(IList`1 entriesToSave, CancellationToken cancellationToken)
   at Microsoft.EntityFrameworkCore.ChangeTracking.Internal.StateManager.SaveChangesAsync(StateManager stateManager, Boolean acceptAllChangesOnSuccess, CancellationToken cancellationToken)
   at Microsoft.EntityFrameworkCore.SqlServer.Storage.Internal.SqlServerExecutionStrategy.ExecuteAsync[TState,TResult](TState state, Func`4 operation, Func`4 verifySucceeded, CancellationToken cancellationToken)
   at Microsoft.EntityFrameworkCore.DbContext.SaveChangesAsync(Boolean acceptAllChangesOnSuccess, CancellationToken cancellationToken)
Microsoft.EntityFrameworkCore.DbUpdateException: An error occurred while saving the entity changes. See the inner exception for details.
 ---> Microsoft.Data.SqlClient.SqlException (0x80131904): The MERGE statement conflicted with the FOREIGN KEY constraint "FK_Products_Categories_CategoryId". The conflict occurred in database "ECommerceDb", table "dbo.Categories", column 'Id'.
   at Microsoft.Data.SqlClient.SqlConnection.OnError(SqlException exception, Boolean breakConnection, Action`1 wrapCloseInAction)
   at Microsoft.Data.SqlClient.SqlInternalConnection.OnError(SqlException exception, Boolean breakConnection, Action`1 wrapCloseInAction)
   at Microsoft.Data.SqlClient.TdsParser.ThrowExceptionAndWarning(TdsParserStateObject stateObj, SqlCommand command, Boolean callerHasConnectionLock, Boolean asyncClose)
   at Microsoft.Data.SqlClient.TdsParser.TryRun(RunBehavior runBehavior, SqlCommand cmdHandler, SqlDataReader dataStream, BulkCopySimpleResultSet bulkCopyHandler, TdsParserStateObject stateObj, Boolean& dataReady)
   at Microsoft.Data.SqlClient.SqlDataReader.TryHasMoreRows(Boolean& moreRows)
   at Microsoft.Data.SqlClient.SqlDataReader.TryReadInternal(Boolean setTimeout, Boolean& more)
   at Microsoft.Data.SqlClient.SqlDataReader.ReadAsyncExecute(Task task, Object state)
   at Microsoft.Data.SqlClient.SqlDataReader.InvokeAsyncCall[T](SqlDataReaderBaseAsyncCallContext`1 context)
--- End of stack trace from previous location ---
   at Microsoft.EntityFrameworkCore.Update.AffectedCountModificationCommandBatch.ConsumeResultSetAsync(Int32 startCommandIndex, RelationalDataReader reader, CancellationToken cancellationToken)
ClientConnectionId:d86c81f7-91fa-4c19-a22f-1f977f8689d4
Hata Numarası: 547,Durum: 0,Sınıf:16
   --- End of inner exception stack trace ---
   at Microsoft.EntityFrameworkCore.Update.AffectedCountModificationCommandBatch.ConsumeResultSetAsync(Int32 startCommandIndex, RelationalDataReader reader, CancellationToken cancellationToken)
   at Microsoft.EntityFrameworkCore.Update.AffectedCountModificationCommandBatch.ConsumeAsync(RelationalDataReader reader, CancellationToken cancellationToken)
   at Microsoft.EntityFrameworkCore.Update.ReaderModificationCommandBatch.ExecuteAsync(IRelationalConnection connection, CancellationToken cancellationToken)
   at Microsoft.EntityFrameworkCore.Update.ReaderModificationCommandBatch.ExecuteAsync(IRelationalConnection connection, CancellationToken cancellationToken)
   at Microsoft.EntityFrameworkCore.SqlServer.Update.Internal.SqlServerModificationCommandBatch.ExecuteAsync(IRelationalConnection connection, CancellationToken cancellationToken)
   at Microsoft.EntityFrameworkCore.Update.Internal.BatchExecutor.ExecuteAsync(IEnumerable`1 commandBatches, IRelationalConnection connection, CancellationToken cancellationToken)
   at Microsoft.EntityFrameworkCore.Update.Internal.BatchExecutor.ExecuteAsync(IEnumerable`1 commandBatches, IRelationalConnection connection, CancellationToken cancellationToken)
   at Microsoft.EntityFrameworkCore.Update.Internal.BatchExecutor.ExecuteAsync(IEnumerable`1 commandBatches, IRelationalConnection connection, CancellationToken cancellationToken)
   at Microsoft.EntityFrameworkCore.Storage.RelationalDatabase.SaveChangesAsync(IList`1 entries, CancellationToken cancellationToken)
   at Microsoft.EntityFrameworkCore.ChangeTracking.Internal.StateManager.SaveChangesAsync(IList`1 entriesToSave, CancellationToken cancellationToken)
   at Microsoft.EntityFrameworkCore.ChangeTracking.Internal.StateManager.SaveChangesAsync(StateManager stateManager, Boolean acceptAllChangesOnSuccess, CancellationToken cancellationToken)
   at Microsoft.EntityFrameworkCore.SqlServer.Storage.Internal.SqlServerExecutionStrategy.ExecuteAsync[TState,TResult](TState state, Func`4 operation, Func`4 verifySucceeded, CancellationToken cancellationToken)
   at Microsoft.EntityFrameworkCore.DbContext.SaveChangesAsync(Boolean acceptAllChangesOnSuccess, CancellationToken cancellationToken)
2026-08-13 16:14:14.541 +03:00 [INF] Executing BadRequestObjectResult, writing value of type '<>f__AnonymousType2`2[[System.String, System.Private.CoreLib, Version=10.0.0.0, Culture=neutral, PublicKeyToken=7cec85d7bea7798e],[System.String, System.Private.CoreLib, Version=10.0.0.0, Culture=neutral, PublicKeyToken=7cec85d7bea7798e]]'.
2026-08-13 16:14:14.544 +03:00 [INF] Executed action ECommerceManagement.Api.Controllers.CatalogController.SyncProducts (ECommerceManagement.Api) in 843.255ms
2026-08-13 16:14:14.544 +03:00 [INF] Executed endpoint 'ECommerceManagement.Api.Controllers.CatalogController.SyncProducts (ECommerceManagement.Api)'
2026-08-13 16:14:14.545 +03:00 [INF] HTTP POST /api/Catalog/sync responded 400 in 885.2450 ms
2026-08-13 16:14:14.546 +03:00 [INF] Request finished HTTP/1.1 POST http://localhost:5275/api/Catalog/sync - 400 null application/json; charset=utf-8 887.8077ms
2026-08-13 16:15:33.639 +03:00 [INF] Application is shutting down...
2026-08-13 16:15:36.075 +03:00 [INF] Executed DbCommand (15ms) [Parameters=[], CommandType='"Text"', CommandTimeout='30']
SELECT CASE
    WHEN EXISTS (
        SELECT 1
        FROM [Users] AS [u]
        WHERE [u].[Email] = N'superadmin@sistem.com') THEN CAST(1 AS bit)
    ELSE CAST(0 AS bit)
END
2026-08-13 16:15:36.096 +03:00 [INF] Executed DbCommand (2ms) [Parameters=[], CommandType='"Text"', CommandTimeout='30']
SELECT CASE
    WHEN EXISTS (
        SELECT 1
        FROM [Users] AS [u]
        WHERE [u].[Email] = N'admin@sistem.com') THEN CAST(1 AS bit)
    ELSE CAST(0 AS bit)
END
2026-08-13 16:15:36.100 +03:00 [INF] User profile is available. Using '/Users/yigit/.aspnet/DataProtection-Keys' as key repository; keys will not be encrypted at rest.
2026-08-13 16:15:36.117 +03:00 [INF] Now listening on: http://localhost:5275
2026-08-13 16:15:36.118 +03:00 [INF] Application started. Press Ctrl+C to shut down.
2026-08-13 16:15:36.118 +03:00 [INF] Hosting environment: Development
2026-08-13 16:15:36.118 +03:00 [INF] Content root path: /Users/yigit/RiderProjects/ECommerceManagement/src/ECommerceManagement.Api
2026-08-13 16:15:39.769 +03:00 [INF] Request starting HTTP/1.1 POST http://localhost:5275/api/Catalog/sync - null 0
2026-08-13 16:15:39.785 +03:00 [WRN] Failed to determine the https port for redirect.
2026-08-13 16:15:39.794 +03:00 [INF] Executing endpoint 'ECommerceManagement.Api.Controllers.CatalogController.SyncProducts (ECommerceManagement.Api)'
2026-08-13 16:15:39.801 +03:00 [INF] Route matched with {action = "SyncProducts", controller = "Catalog"}. Executing controller action with signature System.Threading.Tasks.Task`1[Microsoft.AspNetCore.Mvc.IActionResult] SyncProducts() on controller ECommerceManagement.Api.Controllers.CatalogController (ECommerceManagement.Api).
2026-08-13 16:15:39.832 +03:00 [WRN] You do not have a valid license key for the Lucky Penny software AutoMapper. This is allowed for development and testing scenarios. If you are running in production you are required to have a licensed version. Please visit https://luckypennysoftware.com to obtain a valid license.
2026-08-13 16:15:40.394 +03:00 [INF] Executed DbCommand (17ms) [Parameters=[], CommandType='"Text"', CommandTimeout='30']
SELECT [p].[Id], [p].[CategoryId], [p].[CreatedAt], [p].[IsActive], [p].[Name], [p].[Price], [p].[Quantity], [p].[SellerId], [p].[Sku], [p].[SysmondStockId], [p].[UpdatedAt], [p].[WarehouseId]
FROM [Products] AS [p]
2026-08-13 16:15:40.429 +03:00 [INF] Executed DbCommand (3ms) [Parameters=[], CommandType='"Text"', CommandTimeout='30']
SELECT [w].[Id], [w].[CreatedAt], [w].[IsActive], [w].[Location], [w].[Name], [w].[SysmondId]
FROM [Warehouses] AS [w]
2026-08-13 16:15:40.500 +03:00 [INF] Executed DbCommand (13ms) [Parameters=[@p11='?' (DbType = Int32), @p0='?' (DbType = Int32), @p1='?' (DbType = DateTime2), @p2='?' (DbType = Boolean), @p3='?' (Size = 4000), @p4='?' (Precision = 18) (Scale = 2) (DbType = Decimal), @p5='?' (DbType = Int32), @p6='?' (DbType = Int32), @p7='?' (Size = 4000), @p8='?' (DbType = Guid), @p9='?' (DbType = DateTime2), @p10='?' (DbType = Int32), @p12='?' (DbType = Int32), @p13='?' (DbType = DateTime2), @p14='?' (DbType = Boolean), @p15='?' (Size = 4000), @p16='?' (Precision = 18) (Scale = 2) (DbType = Decimal), @p17='?' (DbType = Int32), @p18='?' (DbType = Int32), @p19='?' (Size = 4000), @p20='?' (DbType = Guid), @p21='?' (DbType = DateTime2), @p22='?' (DbType = Int32), @p23='?' (DbType = Int32), @p24='?' (DbType = DateTime2), @p25='?' (DbType = Boolean), @p26='?' (Size = 4000), @p27='?' (Precision = 18) (Scale = 2) (DbType = Decimal), @p28='?' (DbType = Int32), @p29='?' (DbType = Int32), @p30='?' (Size = 4000), @p31='?' (DbType = Guid), @p32='?' (DbType = DateTime2), @p33='?' (DbType = Int32), @p34='?' (DbType = Int32), @p35='?' (DbType = DateTime2), @p36='?' (DbType = Boolean), @p37='?' (Size = 4000), @p38='?' (Precision = 18) (Scale = 2) (DbType = Decimal), @p39='?' (DbType = Int32), @p40='?' (DbType = Int32), @p41='?' (Size = 4000), @p42='?' (DbType = Guid), @p43='?' (DbType = DateTime2), @p44='?' (DbType = Int32), @p45='?' (DbType = Int32), @p46='?' (DbType = DateTime2), @p47='?' (DbType = Boolean), @p48='?' (Size = 4000), @p49='?' (Precision = 18) (Scale = 2) (DbType = Decimal), @p50='?' (DbType = Int32), @p51='?' (DbType = Int32), @p52='?' (Size = 4000), @p53='?' (DbType = Guid), @p54='?' (DbType = DateTime2), @p55='?' (DbType = Int32), @p56='?' (DbType = Int32), @p57='?' (DbType = DateTime2), @p58='?' (DbType = Boolean), @p59='?' (Size = 4000), @p60='?' (Precision = 18) (Scale = 2) (DbType = Decimal), @p61='?' (DbType = Int32), @p62='?' (DbType = Int32), @p63='?' (Size = 4000), @p64='?' (DbType = Guid), @p65='?' (DbType = DateTime2), @p66='?' (DbType = Int32), @p67='?' (DbType = Int32), @p68='?' (DbType = DateTime2), @p69='?' (DbType = Boolean), @p70='?' (Size = 4000), @p71='?' (Precision = 18) (Scale = 2) (DbType = Decimal), @p72='?' (DbType = Int32), @p73='?' (DbType = Int32), @p74='?' (Size = 4000), @p75='?' (DbType = Guid), @p76='?' (DbType = DateTime2), @p77='?' (DbType = Int32), @p78='?' (DbType = Int32), @p79='?' (DbType = DateTime2), @p80='?' (DbType = Boolean), @p81='?' (Size = 4000), @p82='?' (Precision = 18) (Scale = 2) (DbType = Decimal), @p83='?' (DbType = Int32), @p84='?' (DbType = Int32), @p85='?' (Size = 4000), @p86='?' (DbType = Guid), @p87='?' (DbType = DateTime2), @p88='?' (DbType = Int32), @p89='?' (DbType = Int32), @p90='?' (DbType = DateTime2), @p91='?' (DbType = Boolean), @p92='?' (Size = 4000), @p93='?' (Precision = 18) (Scale = 2) (DbType = Decimal), @p94='?' (DbType = Int32), @p95='?' (DbType = Int32), @p96='?' (Size = 4000), @p97='?' (DbType = Guid), @p98='?' (DbType = DateTime2), @p99='?' (DbType = Int32), @p100='?' (DbType = Int32), @p101='?' (DbType = DateTime2), @p102='?' (DbType = Boolean), @p103='?' (Size = 4000), @p104='?' (Precision = 18) (Scale = 2) (DbType = Decimal), @p105='?' (DbType = Int32), @p106='?' (DbType = Int32), @p107='?' (Size = 4000), @p108='?' (DbType = Guid), @p109='?' (DbType = DateTime2), @p110='?' (DbType = Int32)], CommandType='"Text"', CommandTimeout='30']
SET NOCOUNT ON;
UPDATE [Products] SET [CategoryId] = @p0, [CreatedAt] = @p1, [IsActive] = @p2, [Name] = @p3, [Price] = @p4, [Quantity] = @p5, [SellerId] = @p6, [Sku] = @p7, [SysmondStockId] = @p8, [UpdatedAt] = @p9, [WarehouseId] = @p10
OUTPUT 1
WHERE [Id] = @p11;
MERGE [Products] USING (
VALUES (@p12, @p13, @p14, @p15, @p16, @p17, @p18, @p19, @p20, @p21, @p22, 0),
(@p23, @p24, @p25, @p26, @p27, @p28, @p29, @p30, @p31, @p32, @p33, 1),
(@p34, @p35, @p36, @p37, @p38, @p39, @p40, @p41, @p42, @p43, @p44, 2),
(@p45, @p46, @p47, @p48, @p49, @p50, @p51, @p52, @p53, @p54, @p55, 3),
(@p56, @p57, @p58, @p59, @p60, @p61, @p62, @p63, @p64, @p65, @p66, 4),
(@p67, @p68, @p69, @p70, @p71, @p72, @p73, @p74, @p75, @p76, @p77, 5),
(@p78, @p79, @p80, @p81, @p82, @p83, @p84, @p85, @p86, @p87, @p88, 6),
(@p89, @p90, @p91, @p92, @p93, @p94, @p95, @p96, @p97, @p98, @p99, 7),
(@p100, @p101, @p102, @p103, @p104, @p105, @p106, @p107, @p108, @p109, @p110, 8)) AS i ([CategoryId], [CreatedAt], [IsActive], [Name], [Price], [Quantity], [SellerId], [Sku], [SysmondStockId], [UpdatedAt], [WarehouseId], _Position) ON 1=0
WHEN NOT MATCHED THEN
INSERT ([CategoryId], [CreatedAt], [IsActive], [Name], [Price], [Quantity], [SellerId], [Sku], [SysmondStockId], [UpdatedAt], [WarehouseId])
VALUES (i.[CategoryId], i.[CreatedAt], i.[IsActive], i.[Name], i.[Price], i.[Quantity], i.[SellerId], i.[Sku], i.[SysmondStockId], i.[UpdatedAt], i.[WarehouseId])
OUTPUT INSERTED.[Id], i._Position;
2026-08-13 16:15:40.516 +03:00 [INF] Executing OkObjectResult, writing value of type '<>f__AnonymousType1`1[[System.String, System.Private.CoreLib, Version=10.0.0.0, Culture=neutral, PublicKeyToken=7cec85d7bea7798e]]'.
2026-08-13 16:15:40.519 +03:00 [INF] Executed action ECommerceManagement.Api.Controllers.CatalogController.SyncProducts (ECommerceManagement.Api) in 717.7362ms
2026-08-13 16:15:40.519 +03:00 [INF] Executed endpoint 'ECommerceManagement.Api.Controllers.CatalogController.SyncProducts (ECommerceManagement.Api)'
2026-08-13 16:15:40.520 +03:00 [INF] HTTP POST /api/Catalog/sync responded 200 in 741.6975 ms
2026-08-13 16:15:40.522 +03:00 [INF] Request finished HTTP/1.1 POST http://localhost:5275/api/Catalog/sync - 200 null application/json; charset=utf-8 754.5925ms
2026-08-13 16:15:48.218 +03:00 [INF] Request starting HTTP/1.1 GET http://localhost:5275/api/Catalog/products - null null
2026-08-13 16:15:48.227 +03:00 [INF] Executing endpoint 'ECommerceManagement.Api.Controllers.CatalogController.GetActiveProducts (ECommerceManagement.Api)'
2026-08-13 16:15:48.242 +03:00 [INF] Route matched with {action = "GetActiveProducts", controller = "Catalog"}. Executing controller action with signature System.Threading.Tasks.Task`1[Microsoft.AspNetCore.Mvc.ActionResult`1[ECommerceManagement.Application.Common.PagedResultDto`1[ECommerceManagement.Application.DTOs.Catalog.ProductDto]]] GetActiveProducts(ECommerceManagement.Application.Common.ProductFilterDto) on controller ECommerceManagement.Api.Controllers.CatalogController (ECommerceManagement.Api).
2026-08-13 16:15:48.307 +03:00 [INF] Executed DbCommand (4ms) [Parameters=[], CommandType='"Text"', CommandTimeout='30']
SELECT COUNT(*)
FROM [Products] AS [p]
WHERE [p].[IsActive] = CAST(1 AS bit) AND [p].[Quantity] > 0
2026-08-13 16:15:48.333 +03:00 [INF] Executed DbCommand (5ms) [Parameters=[@p='?' (DbType = Int32), @p1='?' (DbType = Int32)], CommandType='"Text"', CommandTimeout='30']
SELECT [p0].[Id], [p0].[CategoryId], [p0].[CreatedAt], [p0].[IsActive], [p0].[Name], [p0].[Price], [p0].[Quantity], [p0].[SellerId], [p0].[Sku], [p0].[SysmondStockId], [p0].[UpdatedAt], [p0].[WarehouseId], [c].[Id], [c].[CreatedAt], [c].[Name], [c].[ParentCategoryId], [s].[Id], [s].[CompanyName], [s].[ContactEmail], [s].[CreatedAt], [s].[TaxNumber], [s].[UserId], [w].[Id], [w].[CreatedAt], [w].[IsActive], [w].[Location], [w].[Name], [w].[SysmondId]
FROM (
    SELECT [p].[Id], [p].[CategoryId], [p].[CreatedAt], [p].[IsActive], [p].[Name], [p].[Price], [p].[Quantity], [p].[SellerId], [p].[Sku], [p].[SysmondStockId], [p].[UpdatedAt], [p].[WarehouseId]
    FROM [Products] AS [p]
    WHERE [p].[IsActive] = CAST(1 AS bit) AND [p].[Quantity] > 0
    ORDER BY [p].[CreatedAt] DESC
    OFFSET @p ROWS FETCH NEXT @p1 ROWS ONLY
) AS [p0]
INNER JOIN [Categories] AS [c] ON [p0].[CategoryId] = [c].[Id]
INNER JOIN [Sellers] AS [s] ON [p0].[SellerId] = [s].[Id]
INNER JOIN [Warehouses] AS [w] ON [p0].[WarehouseId] = [w].[Id]
ORDER BY [p0].[CreatedAt] DESC
2026-08-13 16:15:48.344 +03:00 [INF] Executing OkObjectResult, writing value of type 'ECommerceManagement.Application.Common.PagedResultDto`1[[ECommerceManagement.Application.DTOs.Catalog.ProductDto, ECommerceManagement.Application, Version=1.0.0.0, Culture=neutral, PublicKeyToken=null]]'.
2026-08-13 16:15:48.346 +03:00 [INF] Executed action ECommerceManagement.Api.Controllers.CatalogController.GetActiveProducts (ECommerceManagement.Api) in 103.5352ms
2026-08-13 16:15:48.346 +03:00 [INF] Executed endpoint 'ECommerceManagement.Api.Controllers.CatalogController.GetActiveProducts (ECommerceManagement.Api)'
2026-08-13 16:15:48.346 +03:00 [INF] HTTP GET /api/Catalog/products responded 200 in 125.7505 ms
2026-08-13 16:15:48.346 +03:00 [INF] Request finished HTTP/1.1 GET http://localhost:5275/api/Catalog/products - 200 null application/json; charset=utf-8 128.2193ms
2026-08-13 16:16:27.016 +03:00 [INF] Request starting HTTP/1.1 GET http://localhost:5275/api/Catalog/products - null null
2026-08-13 16:16:27.025 +03:00 [INF] Executing endpoint 'ECommerceManagement.Api.Controllers.CatalogController.GetActiveProducts (ECommerceManagement.Api)'
2026-08-13 16:16:27.026 +03:00 [INF] Route matched with {action = "GetActiveProducts", controller = "Catalog"}. Executing controller action with signature System.Threading.Tasks.Task`1[Microsoft.AspNetCore.Mvc.ActionResult`1[ECommerceManagement.Application.Common.PagedResultDto`1[ECommerceManagement.Application.DTOs.Catalog.ProductDto]]] GetActiveProducts(ECommerceManagement.Application.Common.ProductFilterDto) on controller ECommerceManagement.Api.Controllers.CatalogController (ECommerceManagement.Api).
2026-08-13 16:16:27.059 +03:00 [INF] Executed DbCommand (18ms) [Parameters=[], CommandType='"Text"', CommandTimeout='30']
SELECT COUNT(*)
FROM [Products] AS [p]
WHERE [p].[IsActive] = CAST(1 AS bit) AND [p].[Quantity] > 0
2026-08-13 16:16:27.071 +03:00 [INF] Executed DbCommand (9ms) [Parameters=[@p='?' (DbType = Int32), @p1='?' (DbType = Int32)], CommandType='"Text"', CommandTimeout='30']
SELECT [p0].[Id], [p0].[CategoryId], [p0].[CreatedAt], [p0].[IsActive], [p0].[Name], [p0].[Price], [p0].[Quantity], [p0].[SellerId], [p0].[Sku], [p0].[SysmondStockId], [p0].[UpdatedAt], [p0].[WarehouseId], [c].[Id], [c].[CreatedAt], [c].[Name], [c].[ParentCategoryId], [s].[Id], [s].[CompanyName], [s].[ContactEmail], [s].[CreatedAt], [s].[TaxNumber], [s].[UserId], [w].[Id], [w].[CreatedAt], [w].[IsActive], [w].[Location], [w].[Name], [w].[SysmondId]
FROM (
    SELECT [p].[Id], [p].[CategoryId], [p].[CreatedAt], [p].[IsActive], [p].[Name], [p].[Price], [p].[Quantity], [p].[SellerId], [p].[Sku], [p].[SysmondStockId], [p].[UpdatedAt], [p].[WarehouseId]
    FROM [Products] AS [p]
    WHERE [p].[IsActive] = CAST(1 AS bit) AND [p].[Quantity] > 0
    ORDER BY [p].[CreatedAt] DESC
    OFFSET @p ROWS FETCH NEXT @p1 ROWS ONLY
) AS [p0]
INNER JOIN [Categories] AS [c] ON [p0].[CategoryId] = [c].[Id]
INNER JOIN [Sellers] AS [s] ON [p0].[SellerId] = [s].[Id]
INNER JOIN [Warehouses] AS [w] ON [p0].[WarehouseId] = [w].[Id]
ORDER BY [p0].[CreatedAt] DESC
2026-08-13 16:16:27.074 +03:00 [INF] Executing OkObjectResult, writing value of type 'ECommerceManagement.Application.Common.PagedResultDto`1[[ECommerceManagement.Application.DTOs.Catalog.ProductDto, ECommerceManagement.Application, Version=1.0.0.0, Culture=neutral, PublicKeyToken=null]]'.
2026-08-13 16:16:27.076 +03:00 [INF] Executed action ECommerceManagement.Api.Controllers.CatalogController.GetActiveProducts (ECommerceManagement.Api) in 49.4572ms
2026-08-13 16:16:27.076 +03:00 [INF] Executed endpoint 'ECommerceManagement.Api.Controllers.CatalogController.GetActiveProducts (ECommerceManagement.Api)'
2026-08-13 16:16:27.076 +03:00 [INF] HTTP GET /api/Catalog/products responded 200 in 58.1730 ms
2026-08-13 16:16:27.076 +03:00 [INF] Request finished HTTP/1.1 GET http://localhost:5275/api/Catalog/products - 200 null application/json; charset=utf-8 60.1967ms
2026-08-13 16:16:33.959 +03:00 [INF] Request starting HTTP/1.1 GET http://localhost:5275/index.html - null null
2026-08-13 16:16:33.998 +03:00 [INF] HTTP GET /index.html responded 200 in 38.0523 ms
2026-08-13 16:16:33.998 +03:00 [INF] Request finished HTTP/1.1 GET http://localhost:5275/index.html - 200 null text/html;charset=utf-8 39.126ms
2026-08-13 16:16:34.072 +03:00 [INF] Request starting HTTP/1.1 GET http://localhost:5275/swagger/v1/swagger.json - null null
2026-08-13 16:16:34.109 +03:00 [INF] HTTP GET /swagger/v1/swagger.json responded 200 in 36.5369 ms
2026-08-13 16:16:34.109 +03:00 [INF] Request finished HTTP/1.1 GET http://localhost:5275/swagger/v1/swagger.json - 200 null application/json;charset=utf-8 37.133ms
2026-08-13 16:16:47.212 +03:00 [INF] Request starting HTTP/1.1 GET http://localhost:5275/api/Catalog/products - null null
2026-08-13 16:16:47.215 +03:00 [INF] Executing endpoint 'ECommerceManagement.Api.Controllers.CatalogController.GetActiveProducts (ECommerceManagement.Api)'
2026-08-13 16:16:47.216 +03:00 [INF] Route matched with {action = "GetActiveProducts", controller = "Catalog"}. Executing controller action with signature System.Threading.Tasks.Task`1[Microsoft.AspNetCore.Mvc.ActionResult`1[ECommerceManagement.Application.Common.PagedResultDto`1[ECommerceManagement.Application.DTOs.Catalog.ProductDto]]] GetActiveProducts(ECommerceManagement.Application.Common.ProductFilterDto) on controller ECommerceManagement.Api.Controllers.CatalogController (ECommerceManagement.Api).
2026-08-13 16:16:47.222 +03:00 [INF] Executed DbCommand (4ms) [Parameters=[], CommandType='"Text"', CommandTimeout='30']
SELECT COUNT(*)
FROM [Products] AS [p]
WHERE [p].[IsActive] = CAST(1 AS bit) AND [p].[Quantity] > 0
2026-08-13 16:16:47.228 +03:00 [INF] Executed DbCommand (5ms) [Parameters=[@p='?' (DbType = Int32), @p1='?' (DbType = Int32)], CommandType='"Text"', CommandTimeout='30']
SELECT [p0].[Id], [p0].[CategoryId], [p0].[CreatedAt], [p0].[IsActive], [p0].[Name], [p0].[Price], [p0].[Quantity], [p0].[SellerId], [p0].[Sku], [p0].[SysmondStockId], [p0].[UpdatedAt], [p0].[WarehouseId], [c].[Id], [c].[CreatedAt], [c].[Name], [c].[ParentCategoryId], [s].[Id], [s].[CompanyName], [s].[ContactEmail], [s].[CreatedAt], [s].[TaxNumber], [s].[UserId], [w].[Id], [w].[CreatedAt], [w].[IsActive], [w].[Location], [w].[Name], [w].[SysmondId]
FROM (
    SELECT [p].[Id], [p].[CategoryId], [p].[CreatedAt], [p].[IsActive], [p].[Name], [p].[Price], [p].[Quantity], [p].[SellerId], [p].[Sku], [p].[SysmondStockId], [p].[UpdatedAt], [p].[WarehouseId]
    FROM [Products] AS [p]
    WHERE [p].[IsActive] = CAST(1 AS bit) AND [p].[Quantity] > 0
    ORDER BY [p].[CreatedAt] DESC
    OFFSET @p ROWS FETCH NEXT @p1 ROWS ONLY
) AS [p0]
INNER JOIN [Categories] AS [c] ON [p0].[CategoryId] = [c].[Id]
INNER JOIN [Sellers] AS [s] ON [p0].[SellerId] = [s].[Id]
INNER JOIN [Warehouses] AS [w] ON [p0].[WarehouseId] = [w].[Id]
ORDER BY [p0].[CreatedAt] DESC
2026-08-13 16:16:47.230 +03:00 [INF] Executing OkObjectResult, writing value of type 'ECommerceManagement.Application.Common.PagedResultDto`1[[ECommerceManagement.Application.DTOs.Catalog.ProductDto, ECommerceManagement.Application, Version=1.0.0.0, Culture=neutral, PublicKeyToken=null]]'.
2026-08-13 16:16:47.230 +03:00 [INF] Executed action ECommerceManagement.Api.Controllers.CatalogController.GetActiveProducts (ECommerceManagement.Api) in 14.5425ms
2026-08-13 16:16:47.231 +03:00 [INF] Executed endpoint 'ECommerceManagement.Api.Controllers.CatalogController.GetActiveProducts (ECommerceManagement.Api)'
2026-08-13 16:16:47.231 +03:00 [INF] HTTP GET /api/Catalog/products responded 200 in 15.4800 ms
2026-08-13 16:16:47.233 +03:00 [INF] Request finished HTTP/1.1 GET http://localhost:5275/api/Catalog/products - 200 null application/json; charset=utf-8 20.2913ms
2026-08-13 16:20:18.049 +03:00 [INF] Request starting HTTP/1.1 POST http://localhost:5275/api/Catalog/sync - null 0
2026-08-13 16:20:18.053 +03:00 [INF] Executing endpoint 'ECommerceManagement.Api.Controllers.CatalogController.SyncProducts (ECommerceManagement.Api)'
2026-08-13 16:20:18.053 +03:00 [INF] Route matched with {action = "SyncProducts", controller = "Catalog"}. Executing controller action with signature System.Threading.Tasks.Task`1[Microsoft.AspNetCore.Mvc.IActionResult] SyncProducts() on controller ECommerceManagement.Api.Controllers.CatalogController (ECommerceManagement.Api).
2026-08-13 16:20:18.345 +03:00 [INF] Executed DbCommand (9ms) [Parameters=[], CommandType='"Text"', CommandTimeout='30']
SELECT [p].[Id], [p].[CategoryId], [p].[CreatedAt], [p].[IsActive], [p].[Name], [p].[Price], [p].[Quantity], [p].[SellerId], [p].[Sku], [p].[SysmondStockId], [p].[UpdatedAt], [p].[WarehouseId]
FROM [Products] AS [p]
2026-08-13 16:20:18.352 +03:00 [INF] Executed DbCommand (3ms) [Parameters=[], CommandType='"Text"', CommandTimeout='30']
SELECT [w].[Id], [w].[CreatedAt], [w].[IsActive], [w].[Location], [w].[Name], [w].[SysmondId]
FROM [Warehouses] AS [w]
2026-08-13 16:20:18.415 +03:00 [INF] Executed DbCommand (53ms) [Parameters=[@p11='?' (DbType = Int32), @p0='?' (DbType = Int32), @p1='?' (DbType = DateTime2), @p2='?' (DbType = Boolean), @p3='?' (Size = 4000), @p4='?' (Precision = 18) (Scale = 2) (DbType = Decimal), @p5='?' (DbType = Int32), @p6='?' (DbType = Int32), @p7='?' (Size = 4000), @p8='?' (DbType = Guid), @p9='?' (DbType = DateTime2), @p10='?' (DbType = Int32), @p23='?' (DbType = Int32), @p12='?' (DbType = Int32), @p13='?' (DbType = DateTime2), @p14='?' (DbType = Boolean), @p15='?' (Size = 4000), @p16='?' (Precision = 18) (Scale = 2) (DbType = Decimal), @p17='?' (DbType = Int32), @p18='?' (DbType = Int32), @p19='?' (Size = 4000), @p20='?' (DbType = Guid), @p21='?' (DbType = DateTime2), @p22='?' (DbType = Int32), @p35='?' (DbType = Int32), @p24='?' (DbType = Int32), @p25='?' (DbType = DateTime2), @p26='?' (DbType = Boolean), @p27='?' (Size = 4000), @p28='?' (Precision = 18) (Scale = 2) (DbType = Decimal), @p29='?' (DbType = Int32), @p30='?' (DbType = Int32), @p31='?' (Size = 4000), @p32='?' (DbType = Guid), @p33='?' (DbType = DateTime2), @p34='?' (DbType = Int32), @p47='?' (DbType = Int32), @p36='?' (DbType = Int32), @p37='?' (DbType = DateTime2), @p38='?' (DbType = Boolean), @p39='?' (Size = 4000), @p40='?' (Precision = 18) (Scale = 2) (DbType = Decimal), @p41='?' (DbType = Int32), @p42='?' (DbType = Int32), @p43='?' (Size = 4000), @p44='?' (DbType = Guid), @p45='?' (DbType = DateTime2), @p46='?' (DbType = Int32), @p59='?' (DbType = Int32), @p48='?' (DbType = Int32), @p49='?' (DbType = DateTime2), @p50='?' (DbType = Boolean), @p51='?' (Size = 4000), @p52='?' (Precision = 18) (Scale = 2) (DbType = Decimal), @p53='?' (DbType = Int32), @p54='?' (DbType = Int32), @p55='?' (Size = 4000), @p56='?' (DbType = Guid), @p57='?' (DbType = DateTime2), @p58='?' (DbType = Int32), @p71='?' (DbType = Int32), @p60='?' (DbType = Int32), @p61='?' (DbType = DateTime2), @p62='?' (DbType = Boolean), @p63='?' (Size = 4000), @p64='?' (Precision = 18) (Scale = 2) (DbType = Decimal), @p65='?' (DbType = Int32), @p66='?' (DbType = Int32), @p67='?' (Size = 4000), @p68='?' (DbType = Guid), @p69='?' (DbType = DateTime2), @p70='?' (DbType = Int32), @p83='?' (DbType = Int32), @p72='?' (DbType = Int32), @p73='?' (DbType = DateTime2), @p74='?' (DbType = Boolean), @p75='?' (Size = 4000), @p76='?' (Precision = 18) (Scale = 2) (DbType = Decimal), @p77='?' (DbType = Int32), @p78='?' (DbType = Int32), @p79='?' (Size = 4000), @p80='?' (DbType = Guid), @p81='?' (DbType = DateTime2), @p82='?' (DbType = Int32), @p95='?' (DbType = Int32), @p84='?' (DbType = Int32), @p85='?' (DbType = DateTime2), @p86='?' (DbType = Boolean), @p87='?' (Size = 4000), @p88='?' (Precision = 18) (Scale = 2) (DbType = Decimal), @p89='?' (DbType = Int32), @p90='?' (DbType = Int32), @p91='?' (Size = 4000), @p92='?' (DbType = Guid), @p93='?' (DbType = DateTime2), @p94='?' (DbType = Int32), @p107='?' (DbType = Int32), @p96='?' (DbType = Int32), @p97='?' (DbType = DateTime2), @p98='?' (DbType = Boolean), @p99='?' (Size = 4000), @p100='?' (Precision = 18) (Scale = 2) (DbType = Decimal), @p101='?' (DbType = Int32), @p102='?' (DbType = Int32), @p103='?' (Size = 4000), @p104='?' (DbType = Guid), @p105='?' (DbType = DateTime2), @p106='?' (DbType = Int32), @p119='?' (DbType = Int32), @p108='?' (DbType = Int32), @p109='?' (DbType = DateTime2), @p110='?' (DbType = Boolean), @p111='?' (Size = 4000), @p112='?' (Precision = 18) (Scale = 2) (DbType = Decimal), @p113='?' (DbType = Int32), @p114='?' (DbType = Int32), @p115='?' (Size = 4000), @p116='?' (DbType = Guid), @p117='?' (DbType = DateTime2), @p118='?' (DbType = Int32)], CommandType='"Text"', CommandTimeout='30']
SET NOCOUNT ON;
UPDATE [Products] SET [CategoryId] = @p0, [CreatedAt] = @p1, [IsActive] = @p2, [Name] = @p3, [Price] = @p4, [Quantity] = @p5, [SellerId] = @p6, [Sku] = @p7, [SysmondStockId] = @p8, [UpdatedAt] = @p9, [WarehouseId] = @p10
OUTPUT 1
WHERE [Id] = @p11;
UPDATE [Products] SET [CategoryId] = @p12, [CreatedAt] = @p13, [IsActive] = @p14, [Name] = @p15, [Price] = @p16, [Quantity] = @p17, [SellerId] = @p18, [Sku] = @p19, [SysmondStockId] = @p20, [UpdatedAt] = @p21, [WarehouseId] = @p22
OUTPUT 1
WHERE [Id] = @p23;
UPDATE [Products] SET [CategoryId] = @p24, [CreatedAt] = @p25, [IsActive] = @p26, [Name] = @p27, [Price] = @p28, [Quantity] = @p29, [SellerId] = @p30, [Sku] = @p31, [SysmondStockId] = @p32, [UpdatedAt] = @p33, [WarehouseId] = @p34
OUTPUT 1
WHERE [Id] = @p35;
UPDATE [Products] SET [CategoryId] = @p36, [CreatedAt] = @p37, [IsActive] = @p38, [Name] = @p39, [Price] = @p40, [Quantity] = @p41, [SellerId] = @p42, [Sku] = @p43, [SysmondStockId] = @p44, [UpdatedAt] = @p45, [WarehouseId] = @p46
OUTPUT 1
WHERE [Id] = @p47;
UPDATE [Products] SET [CategoryId] = @p48, [CreatedAt] = @p49, [IsActive] = @p50, [Name] = @p51, [Price] = @p52, [Quantity] = @p53, [SellerId] = @p54, [Sku] = @p55, [SysmondStockId] = @p56, [UpdatedAt] = @p57, [WarehouseId] = @p58
OUTPUT 1
WHERE [Id] = @p59;
UPDATE [Products] SET [CategoryId] = @p60, [CreatedAt] = @p61, [IsActive] = @p62, [Name] = @p63, [Price] = @p64, [Quantity] = @p65, [SellerId] = @p66, [Sku] = @p67, [SysmondStockId] = @p68, [UpdatedAt] = @p69, [WarehouseId] = @p70
OUTPUT 1
WHERE [Id] = @p71;
UPDATE [Products] SET [CategoryId] = @p72, [CreatedAt] = @p73, [IsActive] = @p74, [Name] = @p75, [Price] = @p76, [Quantity] = @p77, [SellerId] = @p78, [Sku] = @p79, [SysmondStockId] = @p80, [UpdatedAt] = @p81, [WarehouseId] = @p82
OUTPUT 1
WHERE [Id] = @p83;
UPDATE [Products] SET [CategoryId] = @p84, [CreatedAt] = @p85, [IsActive] = @p86, [Name] = @p87, [Price] = @p88, [Quantity] = @p89, [SellerId] = @p90, [Sku] = @p91, [SysmondStockId] = @p92, [UpdatedAt] = @p93, [WarehouseId] = @p94
OUTPUT 1
WHERE [Id] = @p95;
UPDATE [Products] SET [CategoryId] = @p96, [CreatedAt] = @p97, [IsActive] = @p98, [Name] = @p99, [Price] = @p100, [Quantity] = @p101, [SellerId] = @p102, [Sku] = @p103, [SysmondStockId] = @p104, [UpdatedAt] = @p105, [WarehouseId] = @p106
OUTPUT 1
WHERE [Id] = @p107;
UPDATE [Products] SET [CategoryId] = @p108, [CreatedAt] = @p109, [IsActive] = @p110, [Name] = @p111, [Price] = @p112, [Quantity] = @p113, [SellerId] = @p114, [Sku] = @p115, [SysmondStockId] = @p116, [UpdatedAt] = @p117, [WarehouseId] = @p118
OUTPUT 1
WHERE [Id] = @p119;
2026-08-13 16:20:18.427 +03:00 [INF] Executing OkObjectResult, writing value of type '<>f__AnonymousType1`1[[System.String, System.Private.CoreLib, Version=10.0.0.0, Culture=neutral, PublicKeyToken=7cec85d7bea7798e]]'.
2026-08-13 16:20:18.427 +03:00 [INF] Executed action ECommerceManagement.Api.Controllers.CatalogController.SyncProducts (ECommerceManagement.Api) in 373.4874ms
2026-08-13 16:20:18.427 +03:00 [INF] Executed endpoint 'ECommerceManagement.Api.Controllers.CatalogController.SyncProducts (ECommerceManagement.Api)'
2026-08-13 16:20:18.427 +03:00 [INF] HTTP POST /api/Catalog/sync responded 200 in 376.0210 ms
2026-08-13 16:20:18.428 +03:00 [INF] Request finished HTTP/1.1 POST http://localhost:5275/api/Catalog/sync - 200 null application/json; charset=utf-8 378.7074ms
2026-08-13 16:20:23.941 +03:00 [INF] Request starting HTTP/1.1 GET http://localhost:5275/api/Catalog/products - null null
2026-08-13 16:20:23.942 +03:00 [INF] Executing endpoint 'ECommerceManagement.Api.Controllers.CatalogController.GetActiveProducts (ECommerceManagement.Api)'
2026-08-13 16:20:23.942 +03:00 [INF] Route matched with {action = "GetActiveProducts", controller = "Catalog"}. Executing controller action with signature System.Threading.Tasks.Task`1[Microsoft.AspNetCore.Mvc.ActionResult`1[ECommerceManagement.Application.Common.PagedResultDto`1[ECommerceManagement.Application.DTOs.Catalog.ProductDto]]] GetActiveProducts(ECommerceManagement.Application.Common.ProductFilterDto) on controller ECommerceManagement.Api.Controllers.CatalogController (ECommerceManagement.Api).
2026-08-13 16:20:23.946 +03:00 [INF] Executed DbCommand (3ms) [Parameters=[], CommandType='"Text"', CommandTimeout='30']
SELECT COUNT(*)
FROM [Products] AS [p]
WHERE [p].[IsActive] = CAST(1 AS bit) AND [p].[Quantity] > 0
2026-08-13 16:20:23.951 +03:00 [INF] Executed DbCommand (4ms) [Parameters=[@p='?' (DbType = Int32), @p1='?' (DbType = Int32)], CommandType='"Text"', CommandTimeout='30']
SELECT [p0].[Id], [p0].[CategoryId], [p0].[CreatedAt], [p0].[IsActive], [p0].[Name], [p0].[Price], [p0].[Quantity], [p0].[SellerId], [p0].[Sku], [p0].[SysmondStockId], [p0].[UpdatedAt], [p0].[WarehouseId], [c].[Id], [c].[CreatedAt], [c].[Name], [c].[ParentCategoryId], [s].[Id], [s].[CompanyName], [s].[ContactEmail], [s].[CreatedAt], [s].[TaxNumber], [s].[UserId], [w].[Id], [w].[CreatedAt], [w].[IsActive], [w].[Location], [w].[Name], [w].[SysmondId]
FROM (
    SELECT [p].[Id], [p].[CategoryId], [p].[CreatedAt], [p].[IsActive], [p].[Name], [p].[Price], [p].[Quantity], [p].[SellerId], [p].[Sku], [p].[SysmondStockId], [p].[UpdatedAt], [p].[WarehouseId]
    FROM [Products] AS [p]
    WHERE [p].[IsActive] = CAST(1 AS bit) AND [p].[Quantity] > 0
    ORDER BY [p].[CreatedAt] DESC
    OFFSET @p ROWS FETCH NEXT @p1 ROWS ONLY
) AS [p0]
INNER JOIN [Categories] AS [c] ON [p0].[CategoryId] = [c].[Id]
INNER JOIN [Sellers] AS [s] ON [p0].[SellerId] = [s].[Id]
INNER JOIN [Warehouses] AS [w] ON [p0].[WarehouseId] = [w].[Id]
ORDER BY [p0].[CreatedAt] DESC
2026-08-13 16:20:23.953 +03:00 [INF] Executing OkObjectResult, writing value of type 'ECommerceManagement.Application.Common.PagedResultDto`1[[ECommerceManagement.Application.DTOs.Catalog.ProductDto, ECommerceManagement.Application, Version=1.0.0.0, Culture=neutral, PublicKeyToken=null]]'.
2026-08-13 16:20:23.953 +03:00 [INF] Executed action ECommerceManagement.Api.Controllers.CatalogController.GetActiveProducts (ECommerceManagement.Api) in 11.4835ms
2026-08-13 16:20:23.953 +03:00 [INF] Executed endpoint 'ECommerceManagement.Api.Controllers.CatalogController.GetActiveProducts (ECommerceManagement.Api)'
2026-08-13 16:20:23.953 +03:00 [INF] HTTP GET /api/Catalog/products responded 200 in 12.1857 ms
2026-08-13 16:20:23.954 +03:00 [INF] Request finished HTTP/1.1 GET http://localhost:5275/api/Catalog/products - 200 null application/json; charset=utf-8 12.5699ms
2026-08-13 16:24:35.691 +03:00 [INF] Request starting HTTP/1.1 POST http://localhost:5275/api/Catalog/sync - null 0
2026-08-13 16:24:35.697 +03:00 [INF] Executing endpoint 'ECommerceManagement.Api.Controllers.CatalogController.SyncProducts (ECommerceManagement.Api)'
2026-08-13 16:24:35.698 +03:00 [INF] Route matched with {action = "SyncProducts", controller = "Catalog"}. Executing controller action with signature System.Threading.Tasks.Task`1[Microsoft.AspNetCore.Mvc.IActionResult] SyncProducts() on controller ECommerceManagement.Api.Controllers.CatalogController (ECommerceManagement.Api).
2026-08-13 16:24:35.968 +03:00 [INF] Executed DbCommand (9ms) [Parameters=[], CommandType='"Text"', CommandTimeout='30']
SELECT [p].[Id], [p].[CategoryId], [p].[CreatedAt], [p].[IsActive], [p].[Name], [p].[Price], [p].[Quantity], [p].[SellerId], [p].[Sku], [p].[SysmondStockId], [p].[UpdatedAt], [p].[WarehouseId]
FROM [Products] AS [p]
2026-08-13 16:24:35.971 +03:00 [INF] Executed DbCommand (2ms) [Parameters=[], CommandType='"Text"', CommandTimeout='30']
SELECT [w].[Id], [w].[CreatedAt], [w].[IsActive], [w].[Location], [w].[Name], [w].[SysmondId]
FROM [Warehouses] AS [w]
2026-08-13 16:24:36.032 +03:00 [INF] Executed DbCommand (50ms) [Parameters=[@p11='?' (DbType = Int32), @p0='?' (DbType = Int32), @p1='?' (DbType = DateTime2), @p2='?' (DbType = Boolean), @p3='?' (Size = 4000), @p4='?' (Precision = 18) (Scale = 2) (DbType = Decimal), @p5='?' (DbType = Int32), @p6='?' (DbType = Int32), @p7='?' (Size = 4000), @p8='?' (DbType = Guid), @p9='?' (DbType = DateTime2), @p10='?' (DbType = Int32), @p23='?' (DbType = Int32), @p12='?' (DbType = Int32), @p13='?' (DbType = DateTime2), @p14='?' (DbType = Boolean), @p15='?' (Size = 4000), @p16='?' (Precision = 18) (Scale = 2) (DbType = Decimal), @p17='?' (DbType = Int32), @p18='?' (DbType = Int32), @p19='?' (Size = 4000), @p20='?' (DbType = Guid), @p21='?' (DbType = DateTime2), @p22='?' (DbType = Int32), @p35='?' (DbType = Int32), @p24='?' (DbType = Int32), @p25='?' (DbType = DateTime2), @p26='?' (DbType = Boolean), @p27='?' (Size = 4000), @p28='?' (Precision = 18) (Scale = 2) (DbType = Decimal), @p29='?' (DbType = Int32), @p30='?' (DbType = Int32), @p31='?' (Size = 4000), @p32='?' (DbType = Guid), @p33='?' (DbType = DateTime2), @p34='?' (DbType = Int32), @p47='?' (DbType = Int32), @p36='?' (DbType = Int32), @p37='?' (DbType = DateTime2), @p38='?' (DbType = Boolean), @p39='?' (Size = 4000), @p40='?' (Precision = 18) (Scale = 2) (DbType = Decimal), @p41='?' (DbType = Int32), @p42='?' (DbType = Int32), @p43='?' (Size = 4000), @p44='?' (DbType = Guid), @p45='?' (DbType = DateTime2), @p46='?' (DbType = Int32), @p59='?' (DbType = Int32), @p48='?' (DbType = Int32), @p49='?' (DbType = DateTime2), @p50='?' (DbType = Boolean), @p51='?' (Size = 4000), @p52='?' (Precision = 18) (Scale = 2) (DbType = Decimal), @p53='?' (DbType = Int32), @p54='?' (DbType = Int32), @p55='?' (Size = 4000), @p56='?' (DbType = Guid), @p57='?' (DbType = DateTime2), @p58='?' (DbType = Int32), @p71='?' (DbType = Int32), @p60='?' (DbType = Int32), @p61='?' (DbType = DateTime2), @p62='?' (DbType = Boolean), @p63='?' (Size = 4000), @p64='?' (Precision = 18) (Scale = 2) (DbType = Decimal), @p65='?' (DbType = Int32), @p66='?' (DbType = Int32), @p67='?' (Size = 4000), @p68='?' (DbType = Guid), @p69='?' (DbType = DateTime2), @p70='?' (DbType = Int32), @p83='?' (DbType = Int32), @p72='?' (DbType = Int32), @p73='?' (DbType = DateTime2), @p74='?' (DbType = Boolean), @p75='?' (Size = 4000), @p76='?' (Precision = 18) (Scale = 2) (DbType = Decimal), @p77='?' (DbType = Int32), @p78='?' (DbType = Int32), @p79='?' (Size = 4000), @p80='?' (DbType = Guid), @p81='?' (DbType = DateTime2), @p82='?' (DbType = Int32), @p95='?' (DbType = Int32), @p84='?' (DbType = Int32), @p85='?' (DbType = DateTime2), @p86='?' (DbType = Boolean), @p87='?' (Size = 4000), @p88='?' (Precision = 18) (Scale = 2) (DbType = Decimal), @p89='?' (DbType = Int32), @p90='?' (DbType = Int32), @p91='?' (Size = 4000), @p92='?' (DbType = Guid), @p93='?' (DbType = DateTime2), @p94='?' (DbType = Int32), @p107='?' (DbType = Int32), @p96='?' (DbType = Int32), @p97='?' (DbType = DateTime2), @p98='?' (DbType = Boolean), @p99='?' (Size = 4000), @p100='?' (Precision = 18) (Scale = 2) (DbType = Decimal), @p101='?' (DbType = Int32), @p102='?' (DbType = Int32), @p103='?' (Size = 4000), @p104='?' (DbType = Guid), @p105='?' (DbType = DateTime2), @p106='?' (DbType = Int32), @p108='?' (DbType = Int32), @p109='?' (DbType = DateTime2), @p110='?' (DbType = Boolean), @p111='?' (Size = 4000), @p112='?' (Precision = 18) (Scale = 2) (DbType = Decimal), @p113='?' (DbType = Int32), @p114='?' (DbType = Int32), @p115='?' (Size = 4000), @p116='?' (DbType = Guid), @p117='?' (DbType = DateTime2), @p118='?' (DbType = Int32)], CommandType='"Text"', CommandTimeout='30']
SET NOCOUNT ON;
UPDATE [Products] SET [CategoryId] = @p0, [CreatedAt] = @p1, [IsActive] = @p2, [Name] = @p3, [Price] = @p4, [Quantity] = @p5, [SellerId] = @p6, [Sku] = @p7, [SysmondStockId] = @p8, [UpdatedAt] = @p9, [WarehouseId] = @p10
OUTPUT 1
WHERE [Id] = @p11;
UPDATE [Products] SET [CategoryId] = @p12, [CreatedAt] = @p13, [IsActive] = @p14, [Name] = @p15, [Price] = @p16, [Quantity] = @p17, [SellerId] = @p18, [Sku] = @p19, [SysmondStockId] = @p20, [UpdatedAt] = @p21, [WarehouseId] = @p22
OUTPUT 1
WHERE [Id] = @p23;
UPDATE [Products] SET [CategoryId] = @p24, [CreatedAt] = @p25, [IsActive] = @p26, [Name] = @p27, [Price] = @p28, [Quantity] = @p29, [SellerId] = @p30, [Sku] = @p31, [SysmondStockId] = @p32, [UpdatedAt] = @p33, [WarehouseId] = @p34
OUTPUT 1
WHERE [Id] = @p35;
UPDATE [Products] SET [CategoryId] = @p36, [CreatedAt] = @p37, [IsActive] = @p38, [Name] = @p39, [Price] = @p40, [Quantity] = @p41, [SellerId] = @p42, [Sku] = @p43, [SysmondStockId] = @p44, [UpdatedAt] = @p45, [WarehouseId] = @p46
OUTPUT 1
WHERE [Id] = @p47;
UPDATE [Products] SET [CategoryId] = @p48, [CreatedAt] = @p49, [IsActive] = @p50, [Name] = @p51, [Price] = @p52, [Quantity] = @p53, [SellerId] = @p54, [Sku] = @p55, [SysmondStockId] = @p56, [UpdatedAt] = @p57, [WarehouseId] = @p58
OUTPUT 1
WHERE [Id] = @p59;
UPDATE [Products] SET [CategoryId] = @p60, [CreatedAt] = @p61, [IsActive] = @p62, [Name] = @p63, [Price] = @p64, [Quantity] = @p65, [SellerId] = @p66, [Sku] = @p67, [SysmondStockId] = @p68, [UpdatedAt] = @p69, [WarehouseId] = @p70
OUTPUT 1
WHERE [Id] = @p71;
UPDATE [Products] SET [CategoryId] = @p72, [CreatedAt] = @p73, [IsActive] = @p74, [Name] = @p75, [Price] = @p76, [Quantity] = @p77, [SellerId] = @p78, [Sku] = @p79, [SysmondStockId] = @p80, [UpdatedAt] = @p81, [WarehouseId] = @p82
OUTPUT 1
WHERE [Id] = @p83;
UPDATE [Products] SET [CategoryId] = @p84, [CreatedAt] = @p85, [IsActive] = @p86, [Name] = @p87, [Price] = @p88, [Quantity] = @p89, [SellerId] = @p90, [Sku] = @p91, [SysmondStockId] = @p92, [UpdatedAt] = @p93, [WarehouseId] = @p94
OUTPUT 1
WHERE [Id] = @p95;
UPDATE [Products] SET [CategoryId] = @p96, [CreatedAt] = @p97, [IsActive] = @p98, [Name] = @p99, [Price] = @p100, [Quantity] = @p101, [SellerId] = @p102, [Sku] = @p103, [SysmondStockId] = @p104, [UpdatedAt] = @p105, [WarehouseId] = @p106
OUTPUT 1
WHERE [Id] = @p107;
INSERT INTO [Products] ([CategoryId], [CreatedAt], [IsActive], [Name], [Price], [Quantity], [SellerId], [Sku], [SysmondStockId], [UpdatedAt], [WarehouseId])
OUTPUT INSERTED.[Id]
VALUES (@p108, @p109, @p110, @p111, @p112, @p113, @p114, @p115, @p116, @p117, @p118);
2026-08-13 16:24:36.046 +03:00 [INF] Executing OkObjectResult, writing value of type '<>f__AnonymousType1`1[[System.String, System.Private.CoreLib, Version=10.0.0.0, Culture=neutral, PublicKeyToken=7cec85d7bea7798e]]'.
2026-08-13 16:24:36.047 +03:00 [INF] Executed action ECommerceManagement.Api.Controllers.CatalogController.SyncProducts (ECommerceManagement.Api) in 348.732ms
2026-08-13 16:24:36.047 +03:00 [INF] Executed endpoint 'ECommerceManagement.Api.Controllers.CatalogController.SyncProducts (ECommerceManagement.Api)'
2026-08-13 16:24:36.047 +03:00 [INF] HTTP POST /api/Catalog/sync responded 200 in 352.0450 ms
2026-08-13 16:24:36.048 +03:00 [INF] Request finished HTTP/1.1 POST http://localhost:5275/api/Catalog/sync - 200 null application/json; charset=utf-8 357.4425ms
2026-08-13 16:24:40.988 +03:00 [INF] Request starting HTTP/1.1 GET http://localhost:5275/api/Catalog/products - null null
2026-08-13 16:24:40.988 +03:00 [INF] Executing endpoint 'ECommerceManagement.Api.Controllers.CatalogController.GetActiveProducts (ECommerceManagement.Api)'
2026-08-13 16:24:40.988 +03:00 [INF] Route matched with {action = "GetActiveProducts", controller = "Catalog"}. Executing controller action with signature System.Threading.Tasks.Task`1[Microsoft.AspNetCore.Mvc.ActionResult`1[ECommerceManagement.Application.Common.PagedResultDto`1[ECommerceManagement.Application.DTOs.Catalog.ProductDto]]] GetActiveProducts(ECommerceManagement.Application.Common.ProductFilterDto) on controller ECommerceManagement.Api.Controllers.CatalogController (ECommerceManagement.Api).
2026-08-13 16:24:40.994 +03:00 [INF] Executed DbCommand (3ms) [Parameters=[], CommandType='"Text"', CommandTimeout='30']
SELECT COUNT(*)
FROM [Products] AS [p]
WHERE [p].[IsActive] = CAST(1 AS bit) AND [p].[Quantity] > 0
2026-08-13 16:24:41.005 +03:00 [INF] Executed DbCommand (10ms) [Parameters=[@p='?' (DbType = Int32), @p1='?' (DbType = Int32)], CommandType='"Text"', CommandTimeout='30']
SELECT [p0].[Id], [p0].[CategoryId], [p0].[CreatedAt], [p0].[IsActive], [p0].[Name], [p0].[Price], [p0].[Quantity], [p0].[SellerId], [p0].[Sku], [p0].[SysmondStockId], [p0].[UpdatedAt], [p0].[WarehouseId], [c].[Id], [c].[CreatedAt], [c].[Name], [c].[ParentCategoryId], [s].[Id], [s].[CompanyName], [s].[ContactEmail], [s].[CreatedAt], [s].[TaxNumber], [s].[UserId], [w].[Id], [w].[CreatedAt], [w].[IsActive], [w].[Location], [w].[Name], [w].[SysmondId]
FROM (
    SELECT [p].[Id], [p].[CategoryId], [p].[CreatedAt], [p].[IsActive], [p].[Name], [p].[Price], [p].[Quantity], [p].[SellerId], [p].[Sku], [p].[SysmondStockId], [p].[UpdatedAt], [p].[WarehouseId]
    FROM [Products] AS [p]
    WHERE [p].[IsActive] = CAST(1 AS bit) AND [p].[Quantity] > 0
    ORDER BY [p].[CreatedAt] DESC
    OFFSET @p ROWS FETCH NEXT @p1 ROWS ONLY
) AS [p0]
INNER JOIN [Categories] AS [c] ON [p0].[CategoryId] = [c].[Id]
INNER JOIN [Sellers] AS [s] ON [p0].[SellerId] = [s].[Id]
INNER JOIN [Warehouses] AS [w] ON [p0].[WarehouseId] = [w].[Id]
ORDER BY [p0].[CreatedAt] DESC
2026-08-13 16:24:41.007 +03:00 [INF] Executing OkObjectResult, writing value of type 'ECommerceManagement.Application.Common.PagedResultDto`1[[ECommerceManagement.Application.DTOs.Catalog.ProductDto, ECommerceManagement.Application, Version=1.0.0.0, Culture=neutral, PublicKeyToken=null]]'.
2026-08-13 16:24:41.008 +03:00 [INF] Executed action ECommerceManagement.Api.Controllers.CatalogController.GetActiveProducts (ECommerceManagement.Api) in 19.5795ms
2026-08-13 16:24:41.008 +03:00 [INF] Executed endpoint 'ECommerceManagement.Api.Controllers.CatalogController.GetActiveProducts (ECommerceManagement.Api)'
2026-08-13 16:24:41.008 +03:00 [INF] HTTP GET /api/Catalog/products responded 200 in 20.1825 ms
2026-08-13 16:24:41.008 +03:00 [INF] Request finished HTTP/1.1 GET http://localhost:5275/api/Catalog/products - 200 null application/json; charset=utf-8 20.5189ms
2026-08-13 16:26:31.738 +03:00 [INF] Request starting HTTP/1.1 POST http://localhost:5275/api/Catalog/sync - null 0
2026-08-13 16:26:31.741 +03:00 [INF] Executing endpoint 'ECommerceManagement.Api.Controllers.CatalogController.SyncProducts (ECommerceManagement.Api)'
2026-08-13 16:26:31.742 +03:00 [INF] Route matched with {action = "SyncProducts", controller = "Catalog"}. Executing controller action with signature System.Threading.Tasks.Task`1[Microsoft.AspNetCore.Mvc.IActionResult] SyncProducts() on controller ECommerceManagement.Api.Controllers.CatalogController (ECommerceManagement.Api).
2026-08-13 16:26:31.980 +03:00 [INF] Executed DbCommand (10ms) [Parameters=[], CommandType='"Text"', CommandTimeout='30']
SELECT [p].[Id], [p].[CategoryId], [p].[CreatedAt], [p].[IsActive], [p].[Name], [p].[Price], [p].[Quantity], [p].[SellerId], [p].[Sku], [p].[SysmondStockId], [p].[UpdatedAt], [p].[WarehouseId]
FROM [Products] AS [p]
2026-08-13 16:26:31.985 +03:00 [INF] Executed DbCommand (2ms) [Parameters=[], CommandType='"Text"', CommandTimeout='30']
SELECT [w].[Id], [w].[CreatedAt], [w].[IsActive], [w].[Location], [w].[Name], [w].[SysmondId]
FROM [Warehouses] AS [w]
2026-08-13 16:26:32.038 +03:00 [INF] Executed DbCommand (46ms) [Parameters=[@p11='?' (DbType = Int32), @p0='?' (DbType = Int32), @p1='?' (DbType = DateTime2), @p2='?' (DbType = Boolean), @p3='?' (Size = 4000), @p4='?' (Precision = 18) (Scale = 2) (DbType = Decimal), @p5='?' (DbType = Int32), @p6='?' (DbType = Int32), @p7='?' (Size = 4000), @p8='?' (DbType = Guid), @p9='?' (DbType = DateTime2), @p10='?' (DbType = Int32), @p23='?' (DbType = Int32), @p12='?' (DbType = Int32), @p13='?' (DbType = DateTime2), @p14='?' (DbType = Boolean), @p15='?' (Size = 4000), @p16='?' (Precision = 18) (Scale = 2) (DbType = Decimal), @p17='?' (DbType = Int32), @p18='?' (DbType = Int32), @p19='?' (Size = 4000), @p20='?' (DbType = Guid), @p21='?' (DbType = DateTime2), @p22='?' (DbType = Int32), @p35='?' (DbType = Int32), @p24='?' (DbType = Int32), @p25='?' (DbType = DateTime2), @p26='?' (DbType = Boolean), @p27='?' (Size = 4000), @p28='?' (Precision = 18) (Scale = 2) (DbType = Decimal), @p29='?' (DbType = Int32), @p30='?' (DbType = Int32), @p31='?' (Size = 4000), @p32='?' (DbType = Guid), @p33='?' (DbType = DateTime2), @p34='?' (DbType = Int32), @p47='?' (DbType = Int32), @p36='?' (DbType = Int32), @p37='?' (DbType = DateTime2), @p38='?' (DbType = Boolean), @p39='?' (Size = 4000), @p40='?' (Precision = 18) (Scale = 2) (DbType = Decimal), @p41='?' (DbType = Int32), @p42='?' (DbType = Int32), @p43='?' (Size = 4000), @p44='?' (DbType = Guid), @p45='?' (DbType = DateTime2), @p46='?' (DbType = Int32), @p48='?' (DbType = Int32), @p49='?' (DbType = DateTime2), @p50='?' (DbType = Boolean), @p51='?' (Size = 4000), @p52='?' (Precision = 18) (Scale = 2) (DbType = Decimal), @p53='?' (DbType = Int32), @p54='?' (DbType = Int32), @p55='?' (Size = 4000), @p56='?' (DbType = Guid), @p57='?' (DbType = DateTime2), @p58='?' (DbType = Int32), @p59='?' (DbType = Int32), @p60='?' (DbType = DateTime2), @p61='?' (DbType = Boolean), @p62='?' (Size = 4000), @p63='?' (Precision = 18) (Scale = 2) (DbType = Decimal), @p64='?' (DbType = Int32), @p65='?' (DbType = Int32), @p66='?' (Size = 4000), @p67='?' (DbType = Guid), @p68='?' (DbType = DateTime2), @p69='?' (DbType = Int32), @p70='?' (DbType = Int32), @p71='?' (DbType = DateTime2), @p72='?' (DbType = Boolean), @p73='?' (Size = 4000), @p74='?' (Precision = 18) (Scale = 2) (DbType = Decimal), @p75='?' (DbType = Int32), @p76='?' (DbType = Int32), @p77='?' (Size = 4000), @p78='?' (DbType = Guid), @p79='?' (DbType = DateTime2), @p80='?' (DbType = Int32)], CommandType='"Text"', CommandTimeout='30']
SET NOCOUNT ON;
UPDATE [Products] SET [CategoryId] = @p0, [CreatedAt] = @p1, [IsActive] = @p2, [Name] = @p3, [Price] = @p4, [Quantity] = @p5, [SellerId] = @p6, [Sku] = @p7, [SysmondStockId] = @p8, [UpdatedAt] = @p9, [WarehouseId] = @p10
OUTPUT 1
WHERE [Id] = @p11;
UPDATE [Products] SET [CategoryId] = @p12, [CreatedAt] = @p13, [IsActive] = @p14, [Name] = @p15, [Price] = @p16, [Quantity] = @p17, [SellerId] = @p18, [Sku] = @p19, [SysmondStockId] = @p20, [UpdatedAt] = @p21, [WarehouseId] = @p22
OUTPUT 1
WHERE [Id] = @p23;
UPDATE [Products] SET [CategoryId] = @p24, [CreatedAt] = @p25, [IsActive] = @p26, [Name] = @p27, [Price] = @p28, [Quantity] = @p29, [SellerId] = @p30, [Sku] = @p31, [SysmondStockId] = @p32, [UpdatedAt] = @p33, [WarehouseId] = @p34
OUTPUT 1
WHERE [Id] = @p35;
UPDATE [Products] SET [CategoryId] = @p36, [CreatedAt] = @p37, [IsActive] = @p38, [Name] = @p39, [Price] = @p40, [Quantity] = @p41, [SellerId] = @p42, [Sku] = @p43, [SysmondStockId] = @p44, [UpdatedAt] = @p45, [WarehouseId] = @p46
OUTPUT 1
WHERE [Id] = @p47;
MERGE [Products] USING (
VALUES (@p48, @p49, @p50, @p51, @p52, @p53, @p54, @p55, @p56, @p57, @p58, 0),
(@p59, @p60, @p61, @p62, @p63, @p64, @p65, @p66, @p67, @p68, @p69, 1),
(@p70, @p71, @p72, @p73, @p74, @p75, @p76, @p77, @p78, @p79, @p80, 2)) AS i ([CategoryId], [CreatedAt], [IsActive], [Name], [Price], [Quantity], [SellerId], [Sku], [SysmondStockId], [UpdatedAt], [WarehouseId], _Position) ON 1=0
WHEN NOT MATCHED THEN
INSERT ([CategoryId], [CreatedAt], [IsActive], [Name], [Price], [Quantity], [SellerId], [Sku], [SysmondStockId], [UpdatedAt], [WarehouseId])
VALUES (i.[CategoryId], i.[CreatedAt], i.[IsActive], i.[Name], i.[Price], i.[Quantity], i.[SellerId], i.[Sku], i.[SysmondStockId], i.[UpdatedAt], i.[WarehouseId])
OUTPUT INSERTED.[Id], i._Position;
2026-08-13 16:26:32.048 +03:00 [INF] Executing OkObjectResult, writing value of type '<>f__AnonymousType1`1[[System.String, System.Private.CoreLib, Version=10.0.0.0, Culture=neutral, PublicKeyToken=7cec85d7bea7798e]]'.
2026-08-13 16:26:32.048 +03:00 [INF] Executed action ECommerceManagement.Api.Controllers.CatalogController.SyncProducts (ECommerceManagement.Api) in 305.8835ms
2026-08-13 16:26:32.049 +03:00 [INF] Executed endpoint 'ECommerceManagement.Api.Controllers.CatalogController.SyncProducts (ECommerceManagement.Api)'
2026-08-13 16:26:32.049 +03:00 [INF] HTTP POST /api/Catalog/sync responded 200 in 309.0893 ms
2026-08-13 16:26:32.049 +03:00 [INF] Request finished HTTP/1.1 POST http://localhost:5275/api/Catalog/sync - 200 null application/json; charset=utf-8 311.6523ms
2026-08-13 16:28:26.284 +03:00 [INF] Application is shutting down...
2026-08-13 16:32:12.858 +03:00 [INF] Executed DbCommand (15ms) [Parameters=[], CommandType='"Text"', CommandTimeout='30']
SELECT CASE
    WHEN EXISTS (
        SELECT 1
        FROM [Users] AS [u]
        WHERE [u].[Email] = N'superadmin@sistem.com') THEN CAST(1 AS bit)
    ELSE CAST(0 AS bit)
END
2026-08-13 16:32:12.880 +03:00 [INF] Executed DbCommand (3ms) [Parameters=[], CommandType='"Text"', CommandTimeout='30']
SELECT CASE
    WHEN EXISTS (
        SELECT 1
        FROM [Users] AS [u]
        WHERE [u].[Email] = N'admin@sistem.com') THEN CAST(1 AS bit)
    ELSE CAST(0 AS bit)
END
2026-08-13 16:32:12.883 +03:00 [INF] User profile is available. Using '/Users/yigit/.aspnet/DataProtection-Keys' as key repository; keys will not be encrypted at rest.
2026-08-13 16:32:12.899 +03:00 [INF] Now listening on: http://localhost:5275
2026-08-13 16:32:12.900 +03:00 [INF] Application started. Press Ctrl+C to shut down.
2026-08-13 16:32:12.900 +03:00 [INF] Hosting environment: Development
2026-08-13 16:32:12.900 +03:00 [INF] Content root path: /Users/yigit/RiderProjects/ECommerceManagement/src/ECommerceManagement.Api
2026-08-13 16:32:18.514 +03:00 [INF] Request starting HTTP/1.1 POST http://localhost:5275/api/Catalog/sync - null 0
2026-08-13 16:32:18.534 +03:00 [WRN] Failed to determine the https port for redirect.
2026-08-13 16:32:18.552 +03:00 [INF] Executing endpoint 'ECommerceManagement.Api.Controllers.CatalogController.SyncProducts (ECommerceManagement.Api)'
2026-08-13 16:32:18.558 +03:00 [INF] Route matched with {action = "SyncProducts", controller = "Catalog"}. Executing controller action with signature System.Threading.Tasks.Task`1[Microsoft.AspNetCore.Mvc.IActionResult] SyncProducts() on controller ECommerceManagement.Api.Controllers.CatalogController (ECommerceManagement.Api).
2026-08-13 16:32:18.586 +03:00 [WRN] You do not have a valid license key for the Lucky Penny software AutoMapper. This is allowed for development and testing scenarios. If you are running in production you are required to have a licensed version. Please visit https://luckypennysoftware.com to obtain a valid license.
2026-08-13 16:32:19.652 +03:00 [INF] Executed DbCommand (5ms) [Parameters=[], CommandType='"Text"', CommandTimeout='30']
SELECT [p].[Id], [p].[CategoryId], [p].[CreatedAt], [p].[IsActive], [p].[Name], [p].[Price], [p].[Quantity], [p].[SellerId], [p].[Sku], [p].[SysmondStockId], [p].[UpdatedAt], [p].[WarehouseId]
FROM [Products] AS [p]
2026-08-13 16:32:19.688 +03:00 [INF] Executed DbCommand (3ms) [Parameters=[], CommandType='"Text"', CommandTimeout='30']
SELECT [w].[Id], [w].[CreatedAt], [w].[IsActive], [w].[Location], [w].[Name], [w].[SysmondId]
FROM [Warehouses] AS [w]
2026-08-13 16:32:19.879 +03:00 [INF] Executed DbCommand (58ms) [Parameters=[@p11='?' (DbType = Int32), @p0='?' (DbType = Int32), @p1='?' (DbType = DateTime2), @p2='?' (DbType = Boolean), @p3='?' (Size = 4000), @p4='?' (Precision = 18) (Scale = 2) (DbType = Decimal), @p5='?' (DbType = Int32), @p6='?' (DbType = Int32), @p7='?' (Size = 4000), @p8='?' (DbType = Guid), @p9='?' (DbType = DateTime2), @p10='?' (DbType = Int32), @p23='?' (DbType = Int32), @p12='?' (DbType = Int32), @p13='?' (DbType = DateTime2), @p14='?' (DbType = Boolean), @p15='?' (Size = 4000), @p16='?' (Precision = 18) (Scale = 2) (DbType = Decimal), @p17='?' (DbType = Int32), @p18='?' (DbType = Int32), @p19='?' (Size = 4000), @p20='?' (DbType = Guid), @p21='?' (DbType = DateTime2), @p22='?' (DbType = Int32), @p35='?' (DbType = Int32), @p24='?' (DbType = Int32), @p25='?' (DbType = DateTime2), @p26='?' (DbType = Boolean), @p27='?' (Size = 4000), @p28='?' (Precision = 18) (Scale = 2) (DbType = Decimal), @p29='?' (DbType = Int32), @p30='?' (DbType = Int32), @p31='?' (Size = 4000), @p32='?' (DbType = Guid), @p33='?' (DbType = DateTime2), @p34='?' (DbType = Int32), @p47='?' (DbType = Int32), @p36='?' (DbType = Int32), @p37='?' (DbType = DateTime2), @p38='?' (DbType = Boolean), @p39='?' (Size = 4000), @p40='?' (Precision = 18) (Scale = 2) (DbType = Decimal), @p41='?' (DbType = Int32), @p42='?' (DbType = Int32), @p43='?' (Size = 4000), @p44='?' (DbType = Guid), @p45='?' (DbType = DateTime2), @p46='?' (DbType = Int32), @p59='?' (DbType = Int32), @p48='?' (DbType = Int32), @p49='?' (DbType = DateTime2), @p50='?' (DbType = Boolean), @p51='?' (Size = 4000), @p52='?' (Precision = 18) (Scale = 2) (DbType = Decimal), @p53='?' (DbType = Int32), @p54='?' (DbType = Int32), @p55='?' (Size = 4000), @p56='?' (DbType = Guid), @p57='?' (DbType = DateTime2), @p58='?' (DbType = Int32), @p71='?' (DbType = Int32), @p60='?' (DbType = Int32), @p61='?' (DbType = DateTime2), @p62='?' (DbType = Boolean), @p63='?' (Size = 4000), @p64='?' (Precision = 18) (Scale = 2) (DbType = Decimal), @p65='?' (DbType = Int32), @p66='?' (DbType = Int32), @p67='?' (Size = 4000), @p68='?' (DbType = Guid), @p69='?' (DbType = DateTime2), @p70='?' (DbType = Int32), @p83='?' (DbType = Int32), @p72='?' (DbType = Int32), @p73='?' (DbType = DateTime2), @p74='?' (DbType = Boolean), @p75='?' (Size = 4000), @p76='?' (Precision = 18) (Scale = 2) (DbType = Decimal), @p77='?' (DbType = Int32), @p78='?' (DbType = Int32), @p79='?' (Size = 4000), @p80='?' (DbType = Guid), @p81='?' (DbType = DateTime2), @p82='?' (DbType = Int32), @p95='?' (DbType = Int32), @p84='?' (DbType = Int32), @p85='?' (DbType = DateTime2), @p86='?' (DbType = Boolean), @p87='?' (Size = 4000), @p88='?' (Precision = 18) (Scale = 2) (DbType = Decimal), @p89='?' (DbType = Int32), @p90='?' (DbType = Int32), @p91='?' (Size = 4000), @p92='?' (DbType = Guid), @p93='?' (DbType = DateTime2), @p94='?' (DbType = Int32), @p107='?' (DbType = Int32), @p96='?' (DbType = Int32), @p97='?' (DbType = DateTime2), @p98='?' (DbType = Boolean), @p99='?' (Size = 4000), @p100='?' (Precision = 18) (Scale = 2) (DbType = Decimal), @p101='?' (DbType = Int32), @p102='?' (DbType = Int32), @p103='?' (Size = 4000), @p104='?' (DbType = Guid), @p105='?' (DbType = DateTime2), @p106='?' (DbType = Int32), @p119='?' (DbType = Int32), @p108='?' (DbType = Int32), @p109='?' (DbType = DateTime2), @p110='?' (DbType = Boolean), @p111='?' (Size = 4000), @p112='?' (Precision = 18) (Scale = 2) (DbType = Decimal), @p113='?' (DbType = Int32), @p114='?' (DbType = Int32), @p115='?' (Size = 4000), @p116='?' (DbType = Guid), @p117='?' (DbType = DateTime2), @p118='?' (DbType = Int32), @p131='?' (DbType = Int32), @p120='?' (DbType = Int32), @p121='?' (DbType = DateTime2), @p122='?' (DbType = Boolean), @p123='?' (Size = 4000), @p124='?' (Precision = 18) (Scale = 2) (DbType = Decimal), @p125='?' (DbType = Int32), @p126='?' (DbType = Int32), @p127='?' (Size = 4000), @p128='?' (DbType = Guid), @p129='?' (DbType = DateTime2), @p130='?' (DbType = Int32), @p143='?' (DbType = Int32), @p132='?' (DbType = Int32), @p133='?' (DbType = DateTime2), @p134='?' (DbType = Boolean), @p135='?' (Size = 4000), @p136='?' (Precision = 18) (Scale = 2) (DbType = Decimal), @p137='?' (DbType = Int32), @p138='?' (DbType = Int32), @p139='?' (Size = 4000), @p140='?' (DbType = Guid), @p141='?' (DbType = DateTime2), @p142='?' (DbType = Int32), @p155='?' (DbType = Int32), @p144='?' (DbType = Int32), @p145='?' (DbType = DateTime2), @p146='?' (DbType = Boolean), @p147='?' (Size = 4000), @p148='?' (Precision = 18) (Scale = 2) (DbType = Decimal), @p149='?' (DbType = Int32), @p150='?' (DbType = Int32), @p151='?' (Size = 4000), @p152='?' (DbType = Guid), @p153='?' (DbType = DateTime2), @p154='?' (DbType = Int32), @p167='?' (DbType = Int32), @p156='?' (DbType = Int32), @p157='?' (DbType = DateTime2), @p158='?' (DbType = Boolean), @p159='?' (Size = 4000), @p160='?' (Precision = 18) (Scale = 2) (DbType = Decimal), @p161='?' (DbType = Int32), @p162='?' (DbType = Int32), @p163='?' (Size = 4000), @p164='?' (DbType = Guid), @p165='?' (DbType = DateTime2), @p166='?' (DbType = Int32)], CommandType='"Text"', CommandTimeout='30']
SET NOCOUNT ON;
UPDATE [Products] SET [CategoryId] = @p0, [CreatedAt] = @p1, [IsActive] = @p2, [Name] = @p3, [Price] = @p4, [Quantity] = @p5, [SellerId] = @p6, [Sku] = @p7, [SysmondStockId] = @p8, [UpdatedAt] = @p9, [WarehouseId] = @p10
OUTPUT 1
WHERE [Id] = @p11;
UPDATE [Products] SET [CategoryId] = @p12, [CreatedAt] = @p13, [IsActive] = @p14, [Name] = @p15, [Price] = @p16, [Quantity] = @p17, [SellerId] = @p18, [Sku] = @p19, [SysmondStockId] = @p20, [UpdatedAt] = @p21, [WarehouseId] = @p22
OUTPUT 1
WHERE [Id] = @p23;
UPDATE [Products] SET [CategoryId] = @p24, [CreatedAt] = @p25, [IsActive] = @p26, [Name] = @p27, [Price] = @p28, [Quantity] = @p29, [SellerId] = @p30, [Sku] = @p31, [SysmondStockId] = @p32, [UpdatedAt] = @p33, [WarehouseId] = @p34
OUTPUT 1
WHERE [Id] = @p35;
UPDATE [Products] SET [CategoryId] = @p36, [CreatedAt] = @p37, [IsActive] = @p38, [Name] = @p39, [Price] = @p40, [Quantity] = @p41, [SellerId] = @p42, [Sku] = @p43, [SysmondStockId] = @p44, [UpdatedAt] = @p45, [WarehouseId] = @p46
OUTPUT 1
WHERE [Id] = @p47;
UPDATE [Products] SET [CategoryId] = @p48, [CreatedAt] = @p49, [IsActive] = @p50, [Name] = @p51, [Price] = @p52, [Quantity] = @p53, [SellerId] = @p54, [Sku] = @p55, [SysmondStockId] = @p56, [UpdatedAt] = @p57, [WarehouseId] = @p58
OUTPUT 1
WHERE [Id] = @p59;
UPDATE [Products] SET [CategoryId] = @p60, [CreatedAt] = @p61, [IsActive] = @p62, [Name] = @p63, [Price] = @p64, [Quantity] = @p65, [SellerId] = @p66, [Sku] = @p67, [SysmondStockId] = @p68, [UpdatedAt] = @p69, [WarehouseId] = @p70
OUTPUT 1
WHERE [Id] = @p71;
UPDATE [Products] SET [CategoryId] = @p72, [CreatedAt] = @p73, [IsActive] = @p74, [Name] = @p75, [Price] = @p76, [Quantity] = @p77, [SellerId] = @p78, [Sku] = @p79, [SysmondStockId] = @p80, [UpdatedAt] = @p81, [WarehouseId] = @p82
OUTPUT 1
WHERE [Id] = @p83;
UPDATE [Products] SET [CategoryId] = @p84, [CreatedAt] = @p85, [IsActive] = @p86, [Name] = @p87, [Price] = @p88, [Quantity] = @p89, [SellerId] = @p90, [Sku] = @p91, [SysmondStockId] = @p92, [UpdatedAt] = @p93, [WarehouseId] = @p94
OUTPUT 1
WHERE [Id] = @p95;
UPDATE [Products] SET [CategoryId] = @p96, [CreatedAt] = @p97, [IsActive] = @p98, [Name] = @p99, [Price] = @p100, [Quantity] = @p101, [SellerId] = @p102, [Sku] = @p103, [SysmondStockId] = @p104, [UpdatedAt] = @p105, [WarehouseId] = @p106
OUTPUT 1
WHERE [Id] = @p107;
UPDATE [Products] SET [CategoryId] = @p108, [CreatedAt] = @p109, [IsActive] = @p110, [Name] = @p111, [Price] = @p112, [Quantity] = @p113, [SellerId] = @p114, [Sku] = @p115, [SysmondStockId] = @p116, [UpdatedAt] = @p117, [WarehouseId] = @p118
OUTPUT 1
WHERE [Id] = @p119;
UPDATE [Products] SET [CategoryId] = @p120, [CreatedAt] = @p121, [IsActive] = @p122, [Name] = @p123, [Price] = @p124, [Quantity] = @p125, [SellerId] = @p126, [Sku] = @p127, [SysmondStockId] = @p128, [UpdatedAt] = @p129, [WarehouseId] = @p130
OUTPUT 1
WHERE [Id] = @p131;
UPDATE [Products] SET [CategoryId] = @p132, [CreatedAt] = @p133, [IsActive] = @p134, [Name] = @p135, [Price] = @p136, [Quantity] = @p137, [SellerId] = @p138, [Sku] = @p139, [SysmondStockId] = @p140, [UpdatedAt] = @p141, [WarehouseId] = @p142
OUTPUT 1
WHERE [Id] = @p143;
UPDATE [Products] SET [CategoryId] = @p144, [CreatedAt] = @p145, [IsActive] = @p146, [Name] = @p147, [Price] = @p148, [Quantity] = @p149, [SellerId] = @p150, [Sku] = @p151, [SysmondStockId] = @p152, [UpdatedAt] = @p153, [WarehouseId] = @p154
OUTPUT 1
WHERE [Id] = @p155;
UPDATE [Products] SET [CategoryId] = @p156, [CreatedAt] = @p157, [IsActive] = @p158, [Name] = @p159, [Price] = @p160, [Quantity] = @p161, [SellerId] = @p162, [Sku] = @p163, [SysmondStockId] = @p164, [UpdatedAt] = @p165, [WarehouseId] = @p166
OUTPUT 1
WHERE [Id] = @p167;
2026-08-13 16:32:19.891 +03:00 [INF] Executing OkObjectResult, writing value of type '<>f__AnonymousType1`1[[System.String, System.Private.CoreLib, Version=10.0.0.0, Culture=neutral, PublicKeyToken=7cec85d7bea7798e]]'.
2026-08-13 16:32:19.896 +03:00 [INF] Executed action ECommerceManagement.Api.Controllers.CatalogController.SyncProducts (ECommerceManagement.Api) in 1336.7655ms
2026-08-13 16:32:19.896 +03:00 [INF] Executed endpoint 'ECommerceManagement.Api.Controllers.CatalogController.SyncProducts (ECommerceManagement.Api)'
2026-08-13 16:32:19.897 +03:00 [INF] HTTP POST /api/Catalog/sync responded 200 in 1371.4112 ms
2026-08-13 16:32:19.898 +03:00 [INF] Request finished HTTP/1.1 POST http://localhost:5275/api/Catalog/sync - 200 null application/json; charset=utf-8 1385.4458ms
2026-08-13 16:32:39.880 +03:00 [INF] Request starting HTTP/1.1 GET http://localhost:5275/api/Catalog/products - null null
2026-08-13 16:32:39.891 +03:00 [INF] Executing endpoint 'ECommerceManagement.Api.Controllers.CatalogController.GetActiveProducts (ECommerceManagement.Api)'
2026-08-13 16:32:39.905 +03:00 [INF] Route matched with {action = "GetActiveProducts", controller = "Catalog"}. Executing controller action with signature System.Threading.Tasks.Task`1[Microsoft.AspNetCore.Mvc.ActionResult`1[ECommerceManagement.Application.Common.PagedResultDto`1[ECommerceManagement.Application.DTOs.Catalog.ProductDto]]] GetActiveProducts(ECommerceManagement.Application.Common.ProductFilterDto) on controller ECommerceManagement.Api.Controllers.CatalogController (ECommerceManagement.Api).
2026-08-13 16:32:39.988 +03:00 [INF] Executed DbCommand (14ms) [Parameters=[], CommandType='"Text"', CommandTimeout='30']
SELECT COUNT(*)
FROM [Products] AS [p]
WHERE [p].[IsActive] = CAST(1 AS bit)
2026-08-13 16:32:40.036 +03:00 [INF] Executed DbCommand (22ms) [Parameters=[@p='?' (DbType = Int32), @p1='?' (DbType = Int32)], CommandType='"Text"', CommandTimeout='30']
SELECT [p0].[Id], [p0].[CategoryId], [p0].[CreatedAt], [p0].[IsActive], [p0].[Name], [p0].[Price], [p0].[Quantity], [p0].[SellerId], [p0].[Sku], [p0].[SysmondStockId], [p0].[UpdatedAt], [p0].[WarehouseId], [c].[Id], [c].[CreatedAt], [c].[Name], [c].[ParentCategoryId], [s].[Id], [s].[CompanyName], [s].[ContactEmail], [s].[CreatedAt], [s].[TaxNumber], [s].[UserId], [w].[Id], [w].[CreatedAt], [w].[IsActive], [w].[Location], [w].[Name], [w].[SysmondId]
FROM (
    SELECT [p].[Id], [p].[CategoryId], [p].[CreatedAt], [p].[IsActive], [p].[Name], [p].[Price], [p].[Quantity], [p].[SellerId], [p].[Sku], [p].[SysmondStockId], [p].[UpdatedAt], [p].[WarehouseId]
    FROM [Products] AS [p]
    WHERE [p].[IsActive] = CAST(1 AS bit)
    ORDER BY [p].[CreatedAt] DESC
    OFFSET @p ROWS FETCH NEXT @p1 ROWS ONLY
) AS [p0]
INNER JOIN [Categories] AS [c] ON [p0].[CategoryId] = [c].[Id]
INNER JOIN [Sellers] AS [s] ON [p0].[SellerId] = [s].[Id]
INNER JOIN [Warehouses] AS [w] ON [p0].[WarehouseId] = [w].[Id]
ORDER BY [p0].[CreatedAt] DESC
2026-08-13 16:32:40.049 +03:00 [INF] Executing OkObjectResult, writing value of type 'ECommerceManagement.Application.Common.PagedResultDto`1[[ECommerceManagement.Application.DTOs.Catalog.ProductDto, ECommerceManagement.Application, Version=1.0.0.0, Culture=neutral, PublicKeyToken=null]]'.
2026-08-13 16:32:40.052 +03:00 [INF] Executed action ECommerceManagement.Api.Controllers.CatalogController.GetActiveProducts (ECommerceManagement.Api) in 146.7177ms
2026-08-13 16:32:40.052 +03:00 [INF] Executed endpoint 'ECommerceManagement.Api.Controllers.CatalogController.GetActiveProducts (ECommerceManagement.Api)'
2026-08-13 16:32:40.052 +03:00 [INF] HTTP GET /api/Catalog/products responded 200 in 166.2355 ms
2026-08-13 16:32:40.052 +03:00 [INF] Request finished HTTP/1.1 GET http://localhost:5275/api/Catalog/products - 200 null application/json; charset=utf-8 172.6133ms
2026-08-13 16:35:06.746 +03:00 [INF] Application is shutting down...
2026-08-13 16:35:09.850 +03:00 [INF] Executed DbCommand (18ms) [Parameters=[], CommandType='"Text"', CommandTimeout='30']
SELECT CASE
    WHEN EXISTS (
        SELECT 1
        FROM [Users] AS [u]
        WHERE [u].[Email] = N'superadmin@sistem.com') THEN CAST(1 AS bit)
    ELSE CAST(0 AS bit)
END
2026-08-13 16:35:09.871 +03:00 [INF] Executed DbCommand (3ms) [Parameters=[], CommandType='"Text"', CommandTimeout='30']
SELECT CASE
    WHEN EXISTS (
        SELECT 1
        FROM [Users] AS [u]
        WHERE [u].[Email] = N'admin@sistem.com') THEN CAST(1 AS bit)
    ELSE CAST(0 AS bit)
END
2026-08-13 16:35:09.875 +03:00 [INF] User profile is available. Using '/Users/yigit/.aspnet/DataProtection-Keys' as key repository; keys will not be encrypted at rest.
2026-08-13 16:35:09.893 +03:00 [INF] Now listening on: http://localhost:5275
2026-08-13 16:35:09.894 +03:00 [INF] Application started. Press Ctrl+C to shut down.
2026-08-13 16:35:09.894 +03:00 [INF] Hosting environment: Development
2026-08-13 16:35:09.894 +03:00 [INF] Content root path: /Users/yigit/RiderProjects/ECommerceManagement/src/ECommerceManagement.Api
2026-08-13 16:35:21.097 +03:00 [INF] Request starting HTTP/1.1 POST http://localhost:5275/api/Catalog/sync - null 0
2026-08-13 16:35:21.116 +03:00 [WRN] Failed to determine the https port for redirect.
2026-08-13 16:35:21.136 +03:00 [INF] Executing endpoint 'ECommerceManagement.Api.Controllers.CatalogController.SyncProducts (ECommerceManagement.Api)'
2026-08-13 16:35:21.142 +03:00 [INF] Route matched with {action = "SyncProducts", controller = "Catalog"}. Executing controller action with signature System.Threading.Tasks.Task`1[Microsoft.AspNetCore.Mvc.IActionResult] SyncProducts() on controller ECommerceManagement.Api.Controllers.CatalogController (ECommerceManagement.Api).
2026-08-13 16:35:21.170 +03:00 [WRN] You do not have a valid license key for the Lucky Penny software AutoMapper. This is allowed for development and testing scenarios. If you are running in production you are required to have a licensed version. Please visit https://luckypennysoftware.com to obtain a valid license.
2026-08-13 16:35:21.858 +03:00 [INF] Executed DbCommand (8ms) [Parameters=[], CommandType='"Text"', CommandTimeout='30']
SELECT [p].[Id], [p].[CategoryId], [p].[CreatedAt], [p].[IsActive], [p].[Name], [p].[Price], [p].[Quantity], [p].[SellerId], [p].[Sku], [p].[SysmondStockId], [p].[UpdatedAt], [p].[WarehouseId]
FROM [Products] AS [p]
2026-08-13 16:35:21.896 +03:00 [INF] Executed DbCommand (3ms) [Parameters=[], CommandType='"Text"', CommandTimeout='30']
SELECT [w].[Id], [w].[CreatedAt], [w].[IsActive], [w].[Location], [w].[Name], [w].[SysmondId]
FROM [Warehouses] AS [w]
2026-08-13 16:35:22.033 +03:00 [INF] Executed DbCommand (87ms) [Parameters=[@p0='?' (DbType = Int32), @p1='?' (DbType = Int32), @p2='?' (DbType = Int32), @p3='?' (DbType = Int32), @p4='?' (DbType = Int32), @p5='?' (DbType = Int32), @p6='?' (DbType = Int32), @p18='?' (DbType = Int32), @p7='?' (DbType = Int32), @p8='?' (DbType = DateTime2), @p9='?' (DbType = Boolean), @p10='?' (Size = 4000), @p11='?' (Precision = 18) (Scale = 2) (DbType = Decimal), @p12='?' (DbType = Int32), @p13='?' (DbType = Int32), @p14='?' (Size = 4000), @p15='?' (DbType = Guid), @p16='?' (DbType = DateTime2), @p17='?' (DbType = Int32), @p30='?' (DbType = Int32), @p19='?' (DbType = Int32), @p20='?' (DbType = DateTime2), @p21='?' (DbType = Boolean), @p22='?' (Size = 4000), @p23='?' (Precision = 18) (Scale = 2) (DbType = Decimal), @p24='?' (DbType = Int32), @p25='?' (DbType = Int32), @p26='?' (Size = 4000), @p27='?' (DbType = Guid), @p28='?' (DbType = DateTime2), @p29='?' (DbType = Int32), @p42='?' (DbType = Int32), @p31='?' (DbType = Int32), @p32='?' (DbType = DateTime2), @p33='?' (DbType = Boolean), @p34='?' (Size = 4000), @p35='?' (Precision = 18) (Scale = 2) (DbType = Decimal), @p36='?' (DbType = Int32), @p37='?' (DbType = Int32), @p38='?' (Size = 4000), @p39='?' (DbType = Guid), @p40='?' (DbType = DateTime2), @p41='?' (DbType = Int32), @p54='?' (DbType = Int32), @p43='?' (DbType = Int32), @p44='?' (DbType = DateTime2), @p45='?' (DbType = Boolean), @p46='?' (Size = 4000), @p47='?' (Precision = 18) (Scale = 2) (DbType = Decimal), @p48='?' (DbType = Int32), @p49='?' (DbType = Int32), @p50='?' (Size = 4000), @p51='?' (DbType = Guid), @p52='?' (DbType = DateTime2), @p53='?' (DbType = Int32), @p66='?' (DbType = Int32), @p55='?' (DbType = Int32), @p56='?' (DbType = DateTime2), @p57='?' (DbType = Boolean), @p58='?' (Size = 4000), @p59='?' (Precision = 18) (Scale = 2) (DbType = Decimal), @p60='?' (DbType = Int32), @p61='?' (DbType = Int32), @p62='?' (Size = 4000), @p63='?' (DbType = Guid), @p64='?' (DbType = DateTime2), @p65='?' (DbType = Int32), @p78='?' (DbType = Int32), @p67='?' (DbType = Int32), @p68='?' (DbType = DateTime2), @p69='?' (DbType = Boolean), @p70='?' (Size = 4000), @p71='?' (Precision = 18) (Scale = 2) (DbType = Decimal), @p72='?' (DbType = Int32), @p73='?' (DbType = Int32), @p74='?' (Size = 4000), @p75='?' (DbType = Guid), @p76='?' (DbType = DateTime2), @p77='?' (DbType = Int32), @p90='?' (DbType = Int32), @p79='?' (DbType = Int32), @p80='?' (DbType = DateTime2), @p81='?' (DbType = Boolean), @p82='?' (Size = 4000), @p83='?' (Precision = 18) (Scale = 2) (DbType = Decimal), @p84='?' (DbType = Int32), @p85='?' (DbType = Int32), @p86='?' (Size = 4000), @p87='?' (DbType = Guid), @p88='?' (DbType = DateTime2), @p89='?' (DbType = Int32)], CommandType='"Text"', CommandTimeout='30']
SET NOCOUNT ON;
DELETE FROM [Products]
OUTPUT 1
WHERE [Id] = @p0;
DELETE FROM [Products]
OUTPUT 1
WHERE [Id] = @p1;
DELETE FROM [Products]
OUTPUT 1
WHERE [Id] = @p2;
DELETE FROM [Products]
OUTPUT 1
WHERE [Id] = @p3;
DELETE FROM [Products]
OUTPUT 1
WHERE [Id] = @p4;
DELETE FROM [Products]
OUTPUT 1
WHERE [Id] = @p5;
DELETE FROM [Products]
OUTPUT 1
WHERE [Id] = @p6;
UPDATE [Products] SET [CategoryId] = @p7, [CreatedAt] = @p8, [IsActive] = @p9, [Name] = @p10, [Price] = @p11, [Quantity] = @p12, [SellerId] = @p13, [Sku] = @p14, [SysmondStockId] = @p15, [UpdatedAt] = @p16, [WarehouseId] = @p17
OUTPUT 1
WHERE [Id] = @p18;
UPDATE [Products] SET [CategoryId] = @p19, [CreatedAt] = @p20, [IsActive] = @p21, [Name] = @p22, [Price] = @p23, [Quantity] = @p24, [SellerId] = @p25, [Sku] = @p26, [SysmondStockId] = @p27, [UpdatedAt] = @p28, [WarehouseId] = @p29
OUTPUT 1
WHERE [Id] = @p30;
UPDATE [Products] SET [CategoryId] = @p31, [CreatedAt] = @p32, [IsActive] = @p33, [Name] = @p34, [Price] = @p35, [Quantity] = @p36, [SellerId] = @p37, [Sku] = @p38, [SysmondStockId] = @p39, [UpdatedAt] = @p40, [WarehouseId] = @p41
OUTPUT 1
WHERE [Id] = @p42;
UPDATE [Products] SET [CategoryId] = @p43, [CreatedAt] = @p44, [IsActive] = @p45, [Name] = @p46, [Price] = @p47, [Quantity] = @p48, [SellerId] = @p49, [Sku] = @p50, [SysmondStockId] = @p51, [UpdatedAt] = @p52, [WarehouseId] = @p53
OUTPUT 1
WHERE [Id] = @p54;
UPDATE [Products] SET [CategoryId] = @p55, [CreatedAt] = @p56, [IsActive] = @p57, [Name] = @p58, [Price] = @p59, [Quantity] = @p60, [SellerId] = @p61, [Sku] = @p62, [SysmondStockId] = @p63, [UpdatedAt] = @p64, [WarehouseId] = @p65
OUTPUT 1
WHERE [Id] = @p66;
UPDATE [Products] SET [CategoryId] = @p67, [CreatedAt] = @p68, [IsActive] = @p69, [Name] = @p70, [Price] = @p71, [Quantity] = @p72, [SellerId] = @p73, [Sku] = @p74, [SysmondStockId] = @p75, [UpdatedAt] = @p76, [WarehouseId] = @p77
OUTPUT 1
WHERE [Id] = @p78;
UPDATE [Products] SET [CategoryId] = @p79, [CreatedAt] = @p80, [IsActive] = @p81, [Name] = @p82, [Price] = @p83, [Quantity] = @p84, [SellerId] = @p85, [Sku] = @p86, [SysmondStockId] = @p87, [UpdatedAt] = @p88, [WarehouseId] = @p89
OUTPUT 1
WHERE [Id] = @p90;
2026-08-13 16:35:22.046 +03:00 [INF] Executing OkObjectResult, writing value of type '<>f__AnonymousType1`1[[System.String, System.Private.CoreLib, Version=10.0.0.0, Culture=neutral, PublicKeyToken=7cec85d7bea7798e]]'.
2026-08-13 16:35:22.051 +03:00 [INF] Executed action ECommerceManagement.Api.Controllers.CatalogController.SyncProducts (ECommerceManagement.Api) in 908.1097ms
2026-08-13 16:35:22.052 +03:00 [INF] Executed endpoint 'ECommerceManagement.Api.Controllers.CatalogController.SyncProducts (ECommerceManagement.Api)'
2026-08-13 16:35:22.053 +03:00 [INF] HTTP POST /api/Catalog/sync responded 200 in 944.4481 ms
2026-08-13 16:35:22.055 +03:00 [INF] Request finished HTTP/1.1 POST http://localhost:5275/api/Catalog/sync - 200 null application/json; charset=utf-8 958.5586ms
2026-08-13 16:36:39.222 +03:00 [INF] Application is shutting down...
