2026-08-14 09:17:51.807 +03:00 [INF] Executed DbCommand (21ms) [Parameters=[], CommandType='"Text"', CommandTimeout='30']
SELECT CASE
    WHEN EXISTS (
        SELECT 1
        FROM [Users] AS [u]
        WHERE [u].[Email] = N'superadmin@sistem.com') THEN CAST(1 AS bit)
    ELSE CAST(0 AS bit)
END
2026-08-14 09:17:51.828 +03:00 [INF] Executed DbCommand (3ms) [Parameters=[], CommandType='"Text"', CommandTimeout='30']
SELECT CASE
    WHEN EXISTS (
        SELECT 1
        FROM [Users] AS [u]
        WHERE [u].[Email] = N'admin@sistem.com') THEN CAST(1 AS bit)
    ELSE CAST(0 AS bit)
END
2026-08-14 09:17:51.831 +03:00 [INF] User profile is available. Using '/Users/yigit/.aspnet/DataProtection-Keys' as key repository; keys will not be encrypted at rest.
2026-08-14 09:17:51.849 +03:00 [INF] Now listening on: http://localhost:5275
2026-08-14 09:17:51.850 +03:00 [INF] Application started. Press Ctrl+C to shut down.
2026-08-14 09:17:51.850 +03:00 [INF] Hosting environment: Development
2026-08-14 09:17:51.850 +03:00 [INF] Content root path: /Users/yigit/RiderProjects/ECommerceManagement/src/ECommerceManagement.Api
2026-08-14 09:17:56.731 +03:00 [INF] Request starting HTTP/1.1 GET http://localhost:5275/index.html - null null
2026-08-14 09:17:56.760 +03:00 [INF] HTTP GET /index.html responded 200 in 21.7741 ms
2026-08-14 09:17:56.760 +03:00 [INF] Request finished HTTP/1.1 GET http://localhost:5275/index.html - 200 null text/html;charset=utf-8 30.148ms
2026-08-14 09:17:57.149 +03:00 [INF] Request starting HTTP/1.1 GET http://localhost:5275/swagger/v1/swagger.json - null null
2026-08-14 09:17:57.173 +03:00 [INF] HTTP GET /swagger/v1/swagger.json responded 200 in 23.3398 ms
2026-08-14 09:17:57.174 +03:00 [INF] Request finished HTTP/1.1 GET http://localhost:5275/swagger/v1/swagger.json - 200 null application/json;charset=utf-8 24.1926ms
2026-08-14 09:18:22.391 +03:00 [INF] Request starting HTTP/1.1 POST http://localhost:5275/api/Auth/login - application/json 62
2026-08-14 09:18:22.395 +03:00 [WRN] Failed to determine the https port for redirect.
2026-08-14 09:18:22.428 +03:00 [INF] Executing endpoint 'ECommerceManagement.Api.Controllers.AuthController.Login (ECommerceManagement.Api)'
2026-08-14 09:18:22.438 +03:00 [INF] Route matched with {action = "Login", controller = "Auth"}. Executing controller action with signature System.Threading.Tasks.Task`1[Microsoft.AspNetCore.Mvc.IActionResult] Login(ECommerceManagement.Application.DTOs.Auth.LoginDto) on controller ECommerceManagement.Api.Controllers.AuthController (ECommerceManagement.Api).
2026-08-14 09:18:22.475 +03:00 [WRN] You do not have a valid license key for the Lucky Penny software AutoMapper. This is allowed for development and testing scenarios. If you are running in production you are required to have a licensed version. Please visit https://luckypennysoftware.com to obtain a valid license.
2026-08-14 09:18:22.543 +03:00 [INF] Executed DbCommand (37ms) [Parameters=[@dto_Email='?' (Size = 450)], CommandType='"Text"', CommandTimeout='30']
SELECT TOP(1) [u].[Id], [u].[CreatedAt], [u].[Email], [u].[IsActive], [u].[PasswordHash], [u].[RefreshToken], [u].[RefreshTokenExpiresAt], [u].[Username]
FROM [Users] AS [u]
WHERE [u].[Email] = @dto_Email
2026-08-14 09:18:22.599 +03:00 [INF] Executed DbCommand (7ms) [Parameters=[@user_Id='?' (DbType = Int32)], CommandType='"Text"', CommandTimeout='30']
SELECT [u].[UserId], [u].[RoleId]
FROM [UserRoles] AS [u]
WHERE [u].[UserId] = @user_Id
2026-08-14 09:18:22.625 +03:00 [INF] Executed DbCommand (6ms) [Parameters=[@roleIds1='?' (DbType = Int32)], CommandType='"Text"', CommandTimeout='30']
SELECT [r].[Id], [r].[CreatedAt], [r].[Name]
FROM [Roles] AS [r]
WHERE [r].[Id] = @roleIds1
2026-08-14 09:18:22.699 +03:00 [INF] Executed DbCommand (39ms) [Parameters=[@p7='?' (DbType = Int32), @p0='?' (DbType = DateTime2), @p1='?' (Size = 450), @p2='?' (DbType = Boolean), @p3='?' (Size = 4000), @p4='?' (Size = 4000), @p5='?' (DbType = DateTime2), @p6='?' (Size = 4000)], CommandType='"Text"', CommandTimeout='30']
SET IMPLICIT_TRANSACTIONS OFF;
SET NOCOUNT ON;
UPDATE [Users] SET [CreatedAt] = @p0, [Email] = @p1, [IsActive] = @p2, [PasswordHash] = @p3, [RefreshToken] = @p4, [RefreshTokenExpiresAt] = @p5, [Username] = @p6
OUTPUT 1
WHERE [Id] = @p7;
2026-08-14 09:18:22.704 +03:00 [INF] Executing OkObjectResult, writing value of type 'ECommerceManagement.Application.DTOs.Auth.TokenResponseDto'.
2026-08-14 09:18:22.707 +03:00 [INF] Executed action ECommerceManagement.Api.Controllers.AuthController.Login (ECommerceManagement.Api) in 268.402ms
2026-08-14 09:18:22.707 +03:00 [INF] Executed endpoint 'ECommerceManagement.Api.Controllers.AuthController.Login (ECommerceManagement.Api)'
2026-08-14 09:18:22.708 +03:00 [INF] HTTP POST /api/Auth/login responded 200 in 316.0958 ms
2026-08-14 09:18:22.709 +03:00 [INF] Request finished HTTP/1.1 POST http://localhost:5275/api/Auth/login - 200 null application/json; charset=utf-8 318.2062ms
2026-08-14 09:18:41.373 +03:00 [INF] Request starting HTTP/1.1 GET http://localhost:5275/api/Catalog/products - null null
2026-08-14 09:18:41.415 +03:00 [INF] Executing endpoint 'ECommerceManagement.Api.Controllers.CatalogController.GetActiveProducts (ECommerceManagement.Api)'
2026-08-14 09:18:41.421 +03:00 [INF] Route matched with {action = "GetActiveProducts", controller = "Catalog"}. Executing controller action with signature System.Threading.Tasks.Task`1[Microsoft.AspNetCore.Mvc.ActionResult`1[ECommerceManagement.Application.Common.PagedResultDto`1[ECommerceManagement.Application.DTOs.Catalog.ProductDto]]] GetActiveProducts(ECommerceManagement.Application.Common.ProductFilterDto) on controller ECommerceManagement.Api.Controllers.CatalogController (ECommerceManagement.Api).
2026-08-14 09:18:41.498 +03:00 [INF] Executed DbCommand (33ms) [Parameters=[], CommandType='"Text"', CommandTimeout='30']
SELECT COUNT(*)
FROM [Products] AS [p]
WHERE [p].[IsActive] = CAST(1 AS bit)
2026-08-14 09:18:41.545 +03:00 [INF] Executed DbCommand (27ms) [Parameters=[@p='?' (DbType = Int32), @p1='?' (DbType = Int32)], CommandType='"Text"', CommandTimeout='30']
SELECT [p0].[Id], [p0].[CategoryId], [p0].[CreatedAt], [p0].[IsActive], [p0].[Name], [p0].[Price], [p0].[Quantity], [p0].[SellerId], [p0].[Sku], [p0].[SysmondStockId], [p0].[UpdatedAt], [p0].[WarehouseId], [c].[Id], [c].[CreatedAt], [c].[Name], [c].[ParentCategoryId], [s].[Id], [s].[CompanyName], [s].[ContactEmail], [s].[CreatedAt], [s].[TaxNumber], [s].[UserId], [w].[Id], [w].[CreatedAt], [w].[IsActive], [w].[Location], [w].[Name], [w].[SysmondId]
FROM (
    SELECT [p].[Id], [p].[CategoryId], [p].[CreatedAt], [p].[IsActive], [p].[Name], [p].[Price], [p].[Quantity], [p].[SellerId], [p].[Sku], [p].[SysmondStockId], [p].[UpdatedAt], [p].[WarehouseId]
    FROM [Products] AS [p]
    WHERE [p].[IsActive] = CAST(1 AS bit)
    ORDER BY [p].[CreatedAt] DESC
    OFFSET @p ROWS FETCH NEXT @p1 ROWS ONLY
) AS [p0]
INNER JOIN [Categories] AS [c] ON [p0].[CategoryId] = [c].[Id]
INNER JOIN [Sellers] AS [s] ON [p0].[SellerId] = [s].[Id]
INNER JOIN [Warehouses] AS [w] ON [p0].[WarehouseId] = [w].[Id]
ORDER BY [p0].[CreatedAt] DESC
2026-08-14 09:18:41.567 +03:00 [INF] Executing OkObjectResult, writing value of type 'ECommerceManagement.Application.Common.PagedResultDto`1[[ECommerceManagement.Application.DTOs.Catalog.ProductDto, ECommerceManagement.Application, Version=1.0.0.0, Culture=neutral, PublicKeyToken=null]]'.
2026-08-14 09:18:41.570 +03:00 [INF] Executed action ECommerceManagement.Api.Controllers.CatalogController.GetActiveProducts (ECommerceManagement.Api) in 149.2327ms
2026-08-14 09:18:41.570 +03:00 [INF] Executed endpoint 'ECommerceManagement.Api.Controllers.CatalogController.GetActiveProducts (ECommerceManagement.Api)'
2026-08-14 09:18:41.570 +03:00 [INF] HTTP GET /api/Catalog/products responded 200 in 196.6342 ms
2026-08-14 09:18:41.571 +03:00 [INF] Request finished HTTP/1.1 GET http://localhost:5275/api/Catalog/products - 200 null application/json; charset=utf-8 197.7981ms
2026-08-14 09:18:57.034 +03:00 [INF] Request starting HTTP/1.1 POST http://localhost:5275/api/Catalog/sync - null 0
2026-08-14 09:18:57.039 +03:00 [INF] Executing endpoint 'ECommerceManagement.Api.Controllers.CatalogController.SyncProducts (ECommerceManagement.Api)'
2026-08-14 09:18:57.045 +03:00 [INF] Route matched with {action = "SyncProducts", controller = "Catalog"}. Executing controller action with signature System.Threading.Tasks.Task`1[Microsoft.AspNetCore.Mvc.IActionResult] SyncProducts() on controller ECommerceManagement.Api.Controllers.CatalogController (ECommerceManagement.Api).
2026-08-14 09:18:57.657 +03:00 [INF] Executed DbCommand (10ms) [Parameters=[], CommandType='"Text"', CommandTimeout='30']
SELECT [p].[Id], [p].[CategoryId], [p].[CreatedAt], [p].[IsActive], [p].[Name], [p].[Price], [p].[Quantity], [p].[SellerId], [p].[Sku], [p].[SysmondStockId], [p].[UpdatedAt], [p].[WarehouseId]
FROM [Products] AS [p]
2026-08-14 09:18:57.667 +03:00 [INF] Executed DbCommand (4ms) [Parameters=[], CommandType='"Text"', CommandTimeout='30']
SELECT [w].[Id], [w].[CreatedAt], [w].[IsActive], [w].[Location], [w].[Name], [w].[SysmondId]
FROM [Warehouses] AS [w]
2026-08-14 09:18:57.750 +03:00 [INF] Executed DbCommand (48ms) [Parameters=[@p11='?' (DbType = Int32), @p0='?' (DbType = Int32), @p1='?' (DbType = DateTime2), @p2='?' (DbType = Boolean), @p3='?' (Size = 4000), @p4='?' (Precision = 18) (Scale = 2) (DbType = Decimal), @p5='?' (DbType = Int32), @p6='?' (DbType = Int32), @p7='?' (Size = 4000), @p8='?' (DbType = Guid), @p9='?' (DbType = DateTime2), @p10='?' (DbType = Int32), @p23='?' (DbType = Int32), @p12='?' (DbType = Int32), @p13='?' (DbType = DateTime2), @p14='?' (DbType = Boolean), @p15='?' (Size = 4000), @p16='?' (Precision = 18) (Scale = 2) (DbType = Decimal), @p17='?' (DbType = Int32), @p18='?' (DbType = Int32), @p19='?' (Size = 4000), @p20='?' (DbType = Guid), @p21='?' (DbType = DateTime2), @p22='?' (DbType = Int32), @p35='?' (DbType = Int32), @p24='?' (DbType = Int32), @p25='?' (DbType = DateTime2), @p26='?' (DbType = Boolean), @p27='?' (Size = 4000), @p28='?' (Precision = 18) (Scale = 2) (DbType = Decimal), @p29='?' (DbType = Int32), @p30='?' (DbType = Int32), @p31='?' (Size = 4000), @p32='?' (DbType = Guid), @p33='?' (DbType = DateTime2), @p34='?' (DbType = Int32), @p47='?' (DbType = Int32), @p36='?' (DbType = Int32), @p37='?' (DbType = DateTime2), @p38='?' (DbType = Boolean), @p39='?' (Size = 4000), @p40='?' (Precision = 18) (Scale = 2) (DbType = Decimal), @p41='?' (DbType = Int32), @p42='?' (DbType = Int32), @p43='?' (Size = 4000), @p44='?' (DbType = Guid), @p45='?' (DbType = DateTime2), @p46='?' (DbType = Int32), @p59='?' (DbType = Int32), @p48='?' (DbType = Int32), @p49='?' (DbType = DateTime2), @p50='?' (DbType = Boolean), @p51='?' (Size = 4000), @p52='?' (Precision = 18) (Scale = 2) (DbType = Decimal), @p53='?' (DbType = Int32), @p54='?' (DbType = Int32), @p55='?' (Size = 4000), @p56='?' (DbType = Guid), @p57='?' (DbType = DateTime2), @p58='?' (DbType = Int32), @p71='?' (DbType = Int32), @p60='?' (DbType = Int32), @p61='?' (DbType = DateTime2), @p62='?' (DbType = Boolean), @p63='?' (Size = 4000), @p64='?' (Precision = 18) (Scale = 2) (DbType = Decimal), @p65='?' (DbType = Int32), @p66='?' (DbType = Int32), @p67='?' (Size = 4000), @p68='?' (DbType = Guid), @p69='?' (DbType = DateTime2), @p70='?' (DbType = Int32), @p83='?' (DbType = Int32), @p72='?' (DbType = Int32), @p73='?' (DbType = DateTime2), @p74='?' (DbType = Boolean), @p75='?' (Size = 4000), @p76='?' (Precision = 18) (Scale = 2) (DbType = Decimal), @p77='?' (DbType = Int32), @p78='?' (DbType = Int32), @p79='?' (Size = 4000), @p80='?' (DbType = Guid), @p81='?' (DbType = DateTime2), @p82='?' (DbType = Int32)], CommandType='"Text"', CommandTimeout='30']
SET NOCOUNT ON;
UPDATE [Products] SET [CategoryId] = @p0, [CreatedAt] = @p1, [IsActive] = @p2, [Name] = @p3, [Price] = @p4, [Quantity] = @p5, [SellerId] = @p6, [Sku] = @p7, [SysmondStockId] = @p8, [UpdatedAt] = @p9, [WarehouseId] = @p10
OUTPUT 1
WHERE [Id] = @p11;
UPDATE [Products] SET [CategoryId] = @p12, [CreatedAt] = @p13, [IsActive] = @p14, [Name] = @p15, [Price] = @p16, [Quantity] = @p17, [SellerId] = @p18, [Sku] = @p19, [SysmondStockId] = @p20, [UpdatedAt] = @p21, [WarehouseId] = @p22
OUTPUT 1
WHERE [Id] = @p23;
UPDATE [Products] SET [CategoryId] = @p24, [CreatedAt] = @p25, [IsActive] = @p26, [Name] = @p27, [Price] = @p28, [Quantity] = @p29, [SellerId] = @p30, [Sku] = @p31, [SysmondStockId] = @p32, [UpdatedAt] = @p33, [WarehouseId] = @p34
OUTPUT 1
WHERE [Id] = @p35;
UPDATE [Products] SET [CategoryId] = @p36, [CreatedAt] = @p37, [IsActive] = @p38, [Name] = @p39, [Price] = @p40, [Quantity] = @p41, [SellerId] = @p42, [Sku] = @p43, [SysmondStockId] = @p44, [UpdatedAt] = @p45, [WarehouseId] = @p46
OUTPUT 1
WHERE [Id] = @p47;
UPDATE [Products] SET [CategoryId] = @p48, [CreatedAt] = @p49, [IsActive] = @p50, [Name] = @p51, [Price] = @p52, [Quantity] = @p53, [SellerId] = @p54, [Sku] = @p55, [SysmondStockId] = @p56, [UpdatedAt] = @p57, [WarehouseId] = @p58
OUTPUT 1
WHERE [Id] = @p59;
UPDATE [Products] SET [CategoryId] = @p60, [CreatedAt] = @p61, [IsActive] = @p62, [Name] = @p63, [Price] = @p64, [Quantity] = @p65, [SellerId] = @p66, [Sku] = @p67, [SysmondStockId] = @p68, [UpdatedAt] = @p69, [WarehouseId] = @p70
OUTPUT 1
WHERE [Id] = @p71;
UPDATE [Products] SET [CategoryId] = @p72, [CreatedAt] = @p73, [IsActive] = @p74, [Name] = @p75, [Price] = @p76, [Quantity] = @p77, [SellerId] = @p78, [Sku] = @p79, [SysmondStockId] = @p80, [UpdatedAt] = @p81, [WarehouseId] = @p82
OUTPUT 1
WHERE [Id] = @p83;
2026-08-14 09:18:57.773 +03:00 [INF] Executing OkObjectResult, writing value of type '<>f__AnonymousType1`1[[System.String, System.Private.CoreLib, Version=10.0.0.0, Culture=neutral, PublicKeyToken=7cec85d7bea7798e]]'.
2026-08-14 09:18:57.776 +03:00 [INF] Executed action ECommerceManagement.Api.Controllers.CatalogController.SyncProducts (ECommerceManagement.Api) in 730.494ms
2026-08-14 09:18:57.776 +03:00 [INF] Executed endpoint 'ECommerceManagement.Api.Controllers.CatalogController.SyncProducts (ECommerceManagement.Api)'
2026-08-14 09:18:57.776 +03:00 [INF] HTTP POST /api/Catalog/sync responded 200 in 740.8587 ms
2026-08-14 09:18:57.776 +03:00 [INF] Request finished HTTP/1.1 POST http://localhost:5275/api/Catalog/sync - 200 null application/json; charset=utf-8 741.709ms
2026-08-14 09:19:04.320 +03:00 [INF] Request starting HTTP/1.1 GET http://localhost:5275/api/Catalog/products - null null
2026-08-14 09:19:04.321 +03:00 [INF] Executing endpoint 'ECommerceManagement.Api.Controllers.CatalogController.GetActiveProducts (ECommerceManagement.Api)'
2026-08-14 09:19:04.321 +03:00 [INF] Route matched with {action = "GetActiveProducts", controller = "Catalog"}. Executing controller action with signature System.Threading.Tasks.Task`1[Microsoft.AspNetCore.Mvc.ActionResult`1[ECommerceManagement.Application.Common.PagedResultDto`1[ECommerceManagement.Application.DTOs.Catalog.ProductDto]]] GetActiveProducts(ECommerceManagement.Application.Common.ProductFilterDto) on controller ECommerceManagement.Api.Controllers.CatalogController (ECommerceManagement.Api).
2026-08-14 09:19:04.335 +03:00 [INF] Executed DbCommand (5ms) [Parameters=[], CommandType='"Text"', CommandTimeout='30']
SELECT COUNT(*)
FROM [Products] AS [p]
WHERE [p].[IsActive] = CAST(1 AS bit)
2026-08-14 09:19:04.342 +03:00 [INF] Executed DbCommand (5ms) [Parameters=[@p='?' (DbType = Int32), @p1='?' (DbType = Int32)], CommandType='"Text"', CommandTimeout='30']
SELECT [p0].[Id], [p0].[CategoryId], [p0].[CreatedAt], [p0].[IsActive], [p0].[Name], [p0].[Price], [p0].[Quantity], [p0].[SellerId], [p0].[Sku], [p0].[SysmondStockId], [p0].[UpdatedAt], [p0].[WarehouseId], [c].[Id], [c].[CreatedAt], [c].[Name], [c].[ParentCategoryId], [s].[Id], [s].[CompanyName], [s].[ContactEmail], [s].[CreatedAt], [s].[TaxNumber], [s].[UserId], [w].[Id], [w].[CreatedAt], [w].[IsActive], [w].[Location], [w].[Name], [w].[SysmondId]
FROM (
    SELECT [p].[Id], [p].[CategoryId], [p].[CreatedAt], [p].[IsActive], [p].[Name], [p].[Price], [p].[Quantity], [p].[SellerId], [p].[Sku], [p].[SysmondStockId], [p].[UpdatedAt], [p].[WarehouseId]
    FROM [Products] AS [p]
    WHERE [p].[IsActive] = CAST(1 AS bit)
    ORDER BY [p].[CreatedAt] DESC
    OFFSET @p ROWS FETCH NEXT @p1 ROWS ONLY
) AS [p0]
INNER JOIN [Categories] AS [c] ON [p0].[CategoryId] = [c].[Id]
INNER JOIN [Sellers] AS [s] ON [p0].[SellerId] = [s].[Id]
INNER JOIN [Warehouses] AS [w] ON [p0].[WarehouseId] = [w].[Id]
ORDER BY [p0].[CreatedAt] DESC
2026-08-14 09:19:04.344 +03:00 [INF] Executing OkObjectResult, writing value of type 'ECommerceManagement.Application.Common.PagedResultDto`1[[ECommerceManagement.Application.DTOs.Catalog.ProductDto, ECommerceManagement.Application, Version=1.0.0.0, Culture=neutral, PublicKeyToken=null]]'.
2026-08-14 09:19:04.344 +03:00 [INF] Executed action ECommerceManagement.Api.Controllers.CatalogController.GetActiveProducts (ECommerceManagement.Api) in 23.0315ms
2026-08-14 09:19:04.344 +03:00 [INF] Executed endpoint 'ECommerceManagement.Api.Controllers.CatalogController.GetActiveProducts (ECommerceManagement.Api)'
2026-08-14 09:19:04.344 +03:00 [INF] HTTP GET /api/Catalog/products responded 200 in 23.7402 ms
2026-08-14 09:19:04.345 +03:00 [INF] Request finished HTTP/1.1 GET http://localhost:5275/api/Catalog/products - 200 null application/json; charset=utf-8 24.2687ms
2026-08-14 09:19:43.295 +03:00 [INF] Request starting HTTP/1.1 GET http://localhost:5275/api/Seller/products?sellerId=1 - null null
2026-08-14 09:19:43.298 +03:00 [INF] Executing endpoint 'ECommerceManagement.Api.Controllers.SellerController.GetMyProducts (ECommerceManagement.Api)'
2026-08-14 09:19:43.305 +03:00 [INF] Route matched with {action = "GetMyProducts", controller = "Seller"}. Executing controller action with signature System.Threading.Tasks.Task`1[Microsoft.AspNetCore.Mvc.IActionResult] GetMyProducts(Int32) on controller ECommerceManagement.Api.Controllers.SellerController (ECommerceManagement.Api).
2026-08-14 09:19:43.332 +03:00 [INF] Executed DbCommand (16ms) [Parameters=[@sellerId='?' (DbType = Int32)], CommandType='"Text"', CommandTimeout='30']
SELECT [p].[Id], [p].[CategoryId], [p].[CreatedAt], [p].[IsActive], [p].[Name], [p].[Price], [p].[Quantity], [p].[SellerId], [p].[Sku], [p].[SysmondStockId], [p].[UpdatedAt], [p].[WarehouseId]
FROM [Products] AS [p]
WHERE [p].[SellerId] = @sellerId
2026-08-14 09:19:43.338 +03:00 [INF] Executing OkObjectResult, writing value of type 'System.Collections.Generic.List`1[[ECommerceManagement.Application.DTOs.Catalog.SellerProductDto, ECommerceManagement.Application, Version=1.0.0.0, Culture=neutral, PublicKeyToken=null]]'.
2026-08-14 09:19:43.340 +03:00 [INF] Executed action ECommerceManagement.Api.Controllers.SellerController.GetMyProducts (ECommerceManagement.Api) in 35.151ms
2026-08-14 09:19:43.340 +03:00 [INF] Executed endpoint 'ECommerceManagement.Api.Controllers.SellerController.GetMyProducts (ECommerceManagement.Api)'
2026-08-14 09:19:43.341 +03:00 [INF] HTTP GET /api/Seller/products responded 200 in 45.0770 ms
2026-08-14 09:19:43.341 +03:00 [INF] Request finished HTTP/1.1 GET http://localhost:5275/api/Seller/products?sellerId=1 - 200 null application/json; charset=utf-8 45.86ms
2026-08-14 09:20:13.374 +03:00 [INF] Request starting HTTP/1.1 DELETE http://localhost:5275/api/Seller/products?id=1 - null 0
2026-08-14 09:20:13.376 +03:00 [INF] Executing endpoint 'ECommerceManagement.Api.Controllers.SellerController.DeleteProduct (ECommerceManagement.Api)'
2026-08-14 09:20:13.385 +03:00 [INF] Route matched with {action = "DeleteProduct", controller = "Seller"}. Executing controller action with signature System.Threading.Tasks.Task`1[Microsoft.AspNetCore.Mvc.IActionResult] DeleteProduct(Int32) on controller ECommerceManagement.Api.Controllers.SellerController (ECommerceManagement.Api).
2026-08-14 09:20:13.411 +03:00 [INF] Executed DbCommand (9ms) [Parameters=[@p='?' (DbType = Int32)], CommandType='"Text"', CommandTimeout='30']
SELECT TOP(1) [p].[Id], [p].[CategoryId], [p].[CreatedAt], [p].[IsActive], [p].[Name], [p].[Price], [p].[Quantity], [p].[SellerId], [p].[Sku], [p].[SysmondStockId], [p].[UpdatedAt], [p].[WarehouseId]
FROM [Products] AS [p]
WHERE [p].[Id] = @p
2026-08-14 09:20:13.574 +03:00 [INF] Executed action ECommerceManagement.Api.Controllers.SellerController.DeleteProduct (ECommerceManagement.Api) in 188.4342ms
2026-08-14 09:20:13.574 +03:00 [INF] Executed endpoint 'ECommerceManagement.Api.Controllers.SellerController.DeleteProduct (ECommerceManagement.Api)'
2026-08-14 09:20:13.575 +03:00 [ERR] HTTP DELETE /api/Seller/products responded 500 in 199.9996 ms
System.Exception: Sysmond üzerinden stok silinemedi (ID: 1062f165-77aa-3974-6bc0-3a230d3c0b00). Hata: {"error":{"code":"Sysmond.Error:110074","message":"Hareketi bulunan stok için ölçü birimi değiştirilemez","details":null,"data":{},"validationErrors":null}}
   at SysmondAx.Integration.Services.Stock.SysmondStockService.DeleteStockAsync(Guid sysmondStockId) in /Users/yigit/RiderProjects/ECommerceManagement/integrations/SysmondAx.Integration/Services/Stock/SysmondStockService.cs:line 228
   at ECommerceManagement.Application.Services.ProductService.DeleteProductAsync(Int32 id) in /Users/yigit/RiderProjects/ECommerceManagement/src/ECommerceManagement.Application/Services/ProductService.cs:line 168
   at ECommerceManagement.Api.Controllers.SellerController.DeleteProduct(Int32 id) in /Users/yigit/RiderProjects/ECommerceManagement/src/ECommerceManagement.Api/Controllers/SellerController.cs:line 48
   at Microsoft.AspNetCore.Mvc.Infrastructure.ActionMethodExecutor.TaskOfIActionResultExecutor.Execute(ActionContext actionContext, IActionResultTypeMapper mapper, ObjectMethodExecutor executor, Object controller, Object[] arguments)
   at Microsoft.AspNetCore.Mvc.Infrastructure.ControllerActionInvoker.<InvokeActionMethodAsync>g__Awaited|12_0(ControllerActionInvoker invoker, ValueTask`1 actionResultValueTask)
   at Microsoft.AspNetCore.Mvc.Infrastructure.ControllerActionInvoker.<InvokeNextActionFilterAsync>g__Awaited|10_0(ControllerActionInvoker invoker, Task lastTask, State next, Scope scope, Object state, Boolean isCompleted)
   at Microsoft.AspNetCore.Mvc.Infrastructure.ControllerActionInvoker.Rethrow(ActionExecutedContextSealed context)
   at Microsoft.AspNetCore.Mvc.Infrastructure.ControllerActionInvoker.Next(State& next, Scope& scope, Object& state, Boolean& isCompleted)
   at Microsoft.AspNetCore.Mvc.Infrastructure.ControllerActionInvoker.<InvokeInnerFilterAsync>g__Awaited|13_0(ControllerActionInvoker invoker, Task lastTask, State next, Scope scope, Object state, Boolean isCompleted)
   at Microsoft.AspNetCore.Mvc.Infrastructure.ResourceInvoker.<InvokeFilterPipelineAsync>g__Awaited|20_0(ResourceInvoker invoker, Task lastTask, State next, Scope scope, Object state, Boolean isCompleted)
   at Microsoft.AspNetCore.Mvc.Infrastructure.ResourceInvoker.<InvokeAsync>g__Logged|17_1(ResourceInvoker invoker)
   at Microsoft.AspNetCore.Mvc.Infrastructure.ResourceInvoker.<InvokeAsync>g__Logged|17_1(ResourceInvoker invoker)
   at Microsoft.AspNetCore.Routing.EndpointMiddleware.<Invoke>g__AwaitRequestTask|7_0(Endpoint endpoint, Task requestTask, ILogger logger)
   at Microsoft.AspNetCore.Authorization.AuthorizationMiddleware.Invoke(HttpContext context)
   at Microsoft.AspNetCore.Authentication.AuthenticationMiddleware.Invoke(HttpContext context)
   at Swashbuckle.AspNetCore.SwaggerUI.SwaggerUIMiddleware.Invoke(HttpContext httpContext)
   at Swashbuckle.AspNetCore.Swagger.SwaggerMiddleware.Invoke(HttpContext httpContext, ISwaggerProvider swaggerProvider)
   at Serilog.AspNetCore.RequestLoggingMiddleware.Invoke(HttpContext httpContext)
2026-08-14 09:20:13.596 +03:00 [ERR] An unhandled exception has occurred while executing the request.
System.Exception: Sysmond üzerinden stok silinemedi (ID: 1062f165-77aa-3974-6bc0-3a230d3c0b00). Hata: {"error":{"code":"Sysmond.Error:110074","message":"Hareketi bulunan stok için ölçü birimi değiştirilemez","details":null,"data":{},"validationErrors":null}}
   at SysmondAx.Integration.Services.Stock.SysmondStockService.DeleteStockAsync(Guid sysmondStockId) in /Users/yigit/RiderProjects/ECommerceManagement/integrations/SysmondAx.Integration/Services/Stock/SysmondStockService.cs:line 228
   at ECommerceManagement.Application.Services.ProductService.DeleteProductAsync(Int32 id) in /Users/yigit/RiderProjects/ECommerceManagement/src/ECommerceManagement.Application/Services/ProductService.cs:line 168
   at ECommerceManagement.Api.Controllers.SellerController.DeleteProduct(Int32 id) in /Users/yigit/RiderProjects/ECommerceManagement/src/ECommerceManagement.Api/Controllers/SellerController.cs:line 48
   at Microsoft.AspNetCore.Mvc.Infrastructure.ActionMethodExecutor.TaskOfIActionResultExecutor.Execute(ActionContext actionContext, IActionResultTypeMapper mapper, ObjectMethodExecutor executor, Object controller, Object[] arguments)
   at Microsoft.AspNetCore.Mvc.Infrastructure.ControllerActionInvoker.<InvokeActionMethodAsync>g__Awaited|12_0(ControllerActionInvoker invoker, ValueTask`1 actionResultValueTask)
   at Microsoft.AspNetCore.Mvc.Infrastructure.ControllerActionInvoker.<InvokeNextActionFilterAsync>g__Awaited|10_0(ControllerActionInvoker invoker, Task lastTask, State next, Scope scope, Object state, Boolean isCompleted)
   at Microsoft.AspNetCore.Mvc.Infrastructure.ControllerActionInvoker.Rethrow(ActionExecutedContextSealed context)
   at Microsoft.AspNetCore.Mvc.Infrastructure.ControllerActionInvoker.Next(State& next, Scope& scope, Object& state, Boolean& isCompleted)
   at Microsoft.AspNetCore.Mvc.Infrastructure.ControllerActionInvoker.<InvokeInnerFilterAsync>g__Awaited|13_0(ControllerActionInvoker invoker, Task lastTask, State next, Scope scope, Object state, Boolean isCompleted)
   at Microsoft.AspNetCore.Mvc.Infrastructure.ResourceInvoker.<InvokeFilterPipelineAsync>g__Awaited|20_0(ResourceInvoker invoker, Task lastTask, State next, Scope scope, Object state, Boolean isCompleted)
   at Microsoft.AspNetCore.Mvc.Infrastructure.ResourceInvoker.<InvokeAsync>g__Logged|17_1(ResourceInvoker invoker)
   at Microsoft.AspNetCore.Mvc.Infrastructure.ResourceInvoker.<InvokeAsync>g__Logged|17_1(ResourceInvoker invoker)
   at Microsoft.AspNetCore.Routing.EndpointMiddleware.<Invoke>g__AwaitRequestTask|7_0(Endpoint endpoint, Task requestTask, ILogger logger)
   at Microsoft.AspNetCore.Authorization.AuthorizationMiddleware.Invoke(HttpContext context)
   at Microsoft.AspNetCore.Authentication.AuthenticationMiddleware.Invoke(HttpContext context)
   at Swashbuckle.AspNetCore.SwaggerUI.SwaggerUIMiddleware.Invoke(HttpContext httpContext)
   at Swashbuckle.AspNetCore.Swagger.SwaggerMiddleware.Invoke(HttpContext httpContext, ISwaggerProvider swaggerProvider)
   at Serilog.AspNetCore.RequestLoggingMiddleware.Invoke(HttpContext httpContext)
   at Microsoft.AspNetCore.Diagnostics.DeveloperExceptionPageMiddlewareImpl.Invoke(HttpContext context)
2026-08-14 09:20:13.601 +03:00 [INF] Request finished HTTP/1.1 DELETE http://localhost:5275/api/Seller/products?id=1 - 500 null text/plain; charset=utf-8 227.0384ms
2026-08-14 09:21:23.486 +03:00 [INF] Request starting HTTP/1.1 POST http://localhost:5275/api/Catalog/sync - null 0
2026-08-14 09:21:23.487 +03:00 [INF] Executing endpoint 'ECommerceManagement.Api.Controllers.CatalogController.SyncProducts (ECommerceManagement.Api)'
2026-08-14 09:21:23.487 +03:00 [INF] Route matched with {action = "SyncProducts", controller = "Catalog"}. Executing controller action with signature System.Threading.Tasks.Task`1[Microsoft.AspNetCore.Mvc.IActionResult] SyncProducts() on controller ECommerceManagement.Api.Controllers.CatalogController (ECommerceManagement.Api).
2026-08-14 09:21:23.713 +03:00 [INF] Executed DbCommand (3ms) [Parameters=[], CommandType='"Text"', CommandTimeout='30']
SELECT [p].[Id], [p].[CategoryId], [p].[CreatedAt], [p].[IsActive], [p].[Name], [p].[Price], [p].[Quantity], [p].[SellerId], [p].[Sku], [p].[SysmondStockId], [p].[UpdatedAt], [p].[WarehouseId]
FROM [Products] AS [p]
2026-08-14 09:21:23.716 +03:00 [INF] Executed DbCommand (2ms) [Parameters=[], CommandType='"Text"', CommandTimeout='30']
SELECT [w].[Id], [w].[CreatedAt], [w].[IsActive], [w].[Location], [w].[Name], [w].[SysmondId]
FROM [Warehouses] AS [w]
2026-08-14 09:21:23.784 +03:00 [INF] Executed DbCommand (43ms) [Parameters=[@p11='?' (DbType = Int32), @p0='?' (DbType = Int32), @p1='?' (DbType = DateTime2), @p2='?' (DbType = Boolean), @p3='?' (Size = 4000), @p4='?' (Precision = 18) (Scale = 2) (DbType = Decimal), @p5='?' (DbType = Int32), @p6='?' (DbType = Int32), @p7='?' (Size = 4000), @p8='?' (DbType = Guid), @p9='?' (DbType = DateTime2), @p10='?' (DbType = Int32), @p23='?' (DbType = Int32), @p12='?' (DbType = Int32), @p13='?' (DbType = DateTime2), @p14='?' (DbType = Boolean), @p15='?' (Size = 4000), @p16='?' (Precision = 18) (Scale = 2) (DbType = Decimal), @p17='?' (DbType = Int32), @p18='?' (DbType = Int32), @p19='?' (Size = 4000), @p20='?' (DbType = Guid), @p21='?' (DbType = DateTime2), @p22='?' (DbType = Int32), @p35='?' (DbType = Int32), @p24='?' (DbType = Int32), @p25='?' (DbType = DateTime2), @p26='?' (DbType = Boolean), @p27='?' (Size = 4000), @p28='?' (Precision = 18) (Scale = 2) (DbType = Decimal), @p29='?' (DbType = Int32), @p30='?' (DbType = Int32), @p31='?' (Size = 4000), @p32='?' (DbType = Guid), @p33='?' (DbType = DateTime2), @p34='?' (DbType = Int32), @p47='?' (DbType = Int32), @p36='?' (DbType = Int32), @p37='?' (DbType = DateTime2), @p38='?' (DbType = Boolean), @p39='?' (Size = 4000), @p40='?' (Precision = 18) (Scale = 2) (DbType = Decimal), @p41='?' (DbType = Int32), @p42='?' (DbType = Int32), @p43='?' (Size = 4000), @p44='?' (DbType = Guid), @p45='?' (DbType = DateTime2), @p46='?' (DbType = Int32), @p59='?' (DbType = Int32), @p48='?' (DbType = Int32), @p49='?' (DbType = DateTime2), @p50='?' (DbType = Boolean), @p51='?' (Size = 4000), @p52='?' (Precision = 18) (Scale = 2) (DbType = Decimal), @p53='?' (DbType = Int32), @p54='?' (DbType = Int32), @p55='?' (Size = 4000), @p56='?' (DbType = Guid), @p57='?' (DbType = DateTime2), @p58='?' (DbType = Int32), @p71='?' (DbType = Int32), @p60='?' (DbType = Int32), @p61='?' (DbType = DateTime2), @p62='?' (DbType = Boolean), @p63='?' (Size = 4000), @p64='?' (Precision = 18) (Scale = 2) (DbType = Decimal), @p65='?' (DbType = Int32), @p66='?' (DbType = Int32), @p67='?' (Size = 4000), @p68='?' (DbType = Guid), @p69='?' (DbType = DateTime2), @p70='?' (DbType = Int32), @p83='?' (DbType = Int32), @p72='?' (DbType = Int32), @p73='?' (DbType = DateTime2), @p74='?' (DbType = Boolean), @p75='?' (Size = 4000), @p76='?' (Precision = 18) (Scale = 2) (DbType = Decimal), @p77='?' (DbType = Int32), @p78='?' (DbType = Int32), @p79='?' (Size = 4000), @p80='?' (DbType = Guid), @p81='?' (DbType = DateTime2), @p82='?' (DbType = Int32), @p84='?' (DbType = Int32), @p85='?' (DbType = DateTime2), @p86='?' (DbType = Boolean), @p87='?' (Size = 4000), @p88='?' (Precision = 18) (Scale = 2) (DbType = Decimal), @p89='?' (DbType = Int32), @p90='?' (DbType = Int32), @p91='?' (Size = 4000), @p92='?' (DbType = Guid), @p93='?' (DbType = DateTime2), @p94='?' (DbType = Int32)], CommandType='"Text"', CommandTimeout='30']
SET NOCOUNT ON;
UPDATE [Products] SET [CategoryId] = @p0, [CreatedAt] = @p1, [IsActive] = @p2, [Name] = @p3, [Price] = @p4, [Quantity] = @p5, [SellerId] = @p6, [Sku] = @p7, [SysmondStockId] = @p8, [UpdatedAt] = @p9, [WarehouseId] = @p10
OUTPUT 1
WHERE [Id] = @p11;
UPDATE [Products] SET [CategoryId] = @p12, [CreatedAt] = @p13, [IsActive] = @p14, [Name] = @p15, [Price] = @p16, [Quantity] = @p17, [SellerId] = @p18, [Sku] = @p19, [SysmondStockId] = @p20, [UpdatedAt] = @p21, [WarehouseId] = @p22
OUTPUT 1
WHERE [Id] = @p23;
UPDATE [Products] SET [CategoryId] = @p24, [CreatedAt] = @p25, [IsActive] = @p26, [Name] = @p27, [Price] = @p28, [Quantity] = @p29, [SellerId] = @p30, [Sku] = @p31, [SysmondStockId] = @p32, [UpdatedAt] = @p33, [WarehouseId] = @p34
OUTPUT 1
WHERE [Id] = @p35;
UPDATE [Products] SET [CategoryId] = @p36, [CreatedAt] = @p37, [IsActive] = @p38, [Name] = @p39, [Price] = @p40, [Quantity] = @p41, [SellerId] = @p42, [Sku] = @p43, [SysmondStockId] = @p44, [UpdatedAt] = @p45, [WarehouseId] = @p46
OUTPUT 1
WHERE [Id] = @p47;
UPDATE [Products] SET [CategoryId] = @p48, [CreatedAt] = @p49, [IsActive] = @p50, [Name] = @p51, [Price] = @p52, [Quantity] = @p53, [SellerId] = @p54, [Sku] = @p55, [SysmondStockId] = @p56, [UpdatedAt] = @p57, [WarehouseId] = @p58
OUTPUT 1
WHERE [Id] = @p59;
UPDATE [Products] SET [CategoryId] = @p60, [CreatedAt] = @p61, [IsActive] = @p62, [Name] = @p63, [Price] = @p64, [Quantity] = @p65, [SellerId] = @p66, [Sku] = @p67, [SysmondStockId] = @p68, [UpdatedAt] = @p69, [WarehouseId] = @p70
OUTPUT 1
WHERE [Id] = @p71;
UPDATE [Products] SET [CategoryId] = @p72, [CreatedAt] = @p73, [IsActive] = @p74, [Name] = @p75, [Price] = @p76, [Quantity] = @p77, [SellerId] = @p78, [Sku] = @p79, [SysmondStockId] = @p80, [UpdatedAt] = @p81, [WarehouseId] = @p82
OUTPUT 1
WHERE [Id] = @p83;
INSERT INTO [Products] ([CategoryId], [CreatedAt], [IsActive], [Name], [Price], [Quantity], [SellerId], [Sku], [SysmondStockId], [UpdatedAt], [WarehouseId])
OUTPUT INSERTED.[Id]
VALUES (@p84, @p85, @p86, @p87, @p88, @p89, @p90, @p91, @p92, @p93, @p94);
2026-08-14 09:21:23.802 +03:00 [ERR] An exception occurred in the database while saving changes for context type 'ECommerceManagement.Repository.Context.ECommerceDbContext'.
Microsoft.EntityFrameworkCore.DbUpdateException: An error occurred while saving the entity changes. See the inner exception for details.
 ---> Microsoft.Data.SqlClient.SqlException (0x80131904): The INSERT statement conflicted with the FOREIGN KEY constraint "FK_Products_Categories_CategoryId". The conflict occurred in database "ECommerceDb", table "dbo.Categories", column 'Id'.
   at Microsoft.Data.SqlClient.SqlConnection.OnError(SqlException exception, Boolean breakConnection, Action`1 wrapCloseInAction)
   at Microsoft.Data.SqlClient.SqlInternalConnection.OnError(SqlException exception, Boolean breakConnection, Action`1 wrapCloseInAction)
   at Microsoft.Data.SqlClient.TdsParser.ThrowExceptionAndWarning(TdsParserStateObject stateObj, SqlCommand command, Boolean callerHasConnectionLock, Boolean asyncClose)
   at Microsoft.Data.SqlClient.TdsParser.TryRun(RunBehavior runBehavior, SqlCommand cmdHandler, SqlDataReader dataStream, BulkCopySimpleResultSet bulkCopyHandler, TdsParserStateObject stateObj, Boolean& dataReady)
   at Microsoft.Data.SqlClient.SqlDataReader.TryHasMoreRows(Boolean& moreRows)
   at Microsoft.Data.SqlClient.SqlDataReader.TryReadInternal(Boolean setTimeout, Boolean& more)
   at Microsoft.Data.SqlClient.SqlDataReader.ReadAsyncExecute(Task task, Object state)
   at Microsoft.Data.SqlClient.SqlDataReader.InvokeAsyncCall[T](SqlDataReaderBaseAsyncCallContext`1 context)
--- End of stack trace from previous location ---
   at Microsoft.EntityFrameworkCore.Update.AffectedCountModificationCommandBatch.ConsumeResultSetAsync(Int32 startCommandIndex, RelationalDataReader reader, CancellationToken cancellationToken)
ClientConnectionId:ddb4e2a1-742f-44bd-a107-e13afc11847e
Hata Numarası: 547,Durum: 0,Sınıf:16
   --- End of inner exception stack trace ---
   at Microsoft.EntityFrameworkCore.Update.AffectedCountModificationCommandBatch.ConsumeResultSetAsync(Int32 startCommandIndex, RelationalDataReader reader, CancellationToken cancellationToken)
   at Microsoft.EntityFrameworkCore.Update.AffectedCountModificationCommandBatch.ConsumeAsync(RelationalDataReader reader, CancellationToken cancellationToken)
   at Microsoft.EntityFrameworkCore.Update.ReaderModificationCommandBatch.ExecuteAsync(IRelationalConnection connection, CancellationToken cancellationToken)
   at Microsoft.EntityFrameworkCore.Update.ReaderModificationCommandBatch.ExecuteAsync(IRelationalConnection connection, CancellationToken cancellationToken)
   at Microsoft.EntityFrameworkCore.SqlServer.Update.Internal.SqlServerModificationCommandBatch.ExecuteAsync(IRelationalConnection connection, CancellationToken cancellationToken)
   at Microsoft.EntityFrameworkCore.Update.Internal.BatchExecutor.ExecuteAsync(IEnumerable`1 commandBatches, IRelationalConnection connection, CancellationToken cancellationToken)
   at Microsoft.EntityFrameworkCore.Update.Internal.BatchExecutor.ExecuteAsync(IEnumerable`1 commandBatches, IRelationalConnection connection, CancellationToken cancellationToken)
   at Microsoft.EntityFrameworkCore.Update.Internal.BatchExecutor.ExecuteAsync(IEnumerable`1 commandBatches, IRelationalConnection connection, CancellationToken cancellationToken)
   at Microsoft.EntityFrameworkCore.Storage.RelationalDatabase.SaveChangesAsync(IList`1 entries, CancellationToken cancellationToken)
   at Microsoft.EntityFrameworkCore.ChangeTracking.Internal.StateManager.SaveChangesAsync(IList`1 entriesToSave, CancellationToken cancellationToken)
   at Microsoft.EntityFrameworkCore.ChangeTracking.Internal.StateManager.SaveChangesAsync(StateManager stateManager, Boolean acceptAllChangesOnSuccess, CancellationToken cancellationToken)
   at Microsoft.EntityFrameworkCore.SqlServer.Storage.Internal.SqlServerExecutionStrategy.ExecuteAsync[TState,TResult](TState state, Func`4 operation, Func`4 verifySucceeded, CancellationToken cancellationToken)
   at Microsoft.EntityFrameworkCore.DbContext.SaveChangesAsync(Boolean acceptAllChangesOnSuccess, CancellationToken cancellationToken)
Microsoft.EntityFrameworkCore.DbUpdateException: An error occurred while saving the entity changes. See the inner exception for details.
 ---> Microsoft.Data.SqlClient.SqlException (0x80131904): The INSERT statement conflicted with the FOREIGN KEY constraint "FK_Products_Categories_CategoryId". The conflict occurred in database "ECommerceDb", table "dbo.Categories", column 'Id'.
   at Microsoft.Data.SqlClient.SqlConnection.OnError(SqlException exception, Boolean breakConnection, Action`1 wrapCloseInAction)
   at Microsoft.Data.SqlClient.SqlInternalConnection.OnError(SqlException exception, Boolean breakConnection, Action`1 wrapCloseInAction)
   at Microsoft.Data.SqlClient.TdsParser.ThrowExceptionAndWarning(TdsParserStateObject stateObj, SqlCommand command, Boolean callerHasConnectionLock, Boolean asyncClose)
   at Microsoft.Data.SqlClient.TdsParser.TryRun(RunBehavior runBehavior, SqlCommand cmdHandler, SqlDataReader dataStream, BulkCopySimpleResultSet bulkCopyHandler, TdsParserStateObject stateObj, Boolean& dataReady)
   at Microsoft.Data.SqlClient.SqlDataReader.TryHasMoreRows(Boolean& moreRows)
   at Microsoft.Data.SqlClient.SqlDataReader.TryReadInternal(Boolean setTimeout, Boolean& more)
   at Microsoft.Data.SqlClient.SqlDataReader.ReadAsyncExecute(Task task, Object state)
   at Microsoft.Data.SqlClient.SqlDataReader.InvokeAsyncCall[T](SqlDataReaderBaseAsyncCallContext`1 context)
--- End of stack trace from previous location ---
   at Microsoft.EntityFrameworkCore.Update.AffectedCountModificationCommandBatch.ConsumeResultSetAsync(Int32 startCommandIndex, RelationalDataReader reader, CancellationToken cancellationToken)
ClientConnectionId:ddb4e2a1-742f-44bd-a107-e13afc11847e
Hata Numarası: 547,Durum: 0,Sınıf:16
   --- End of inner exception stack trace ---
   at Microsoft.EntityFrameworkCore.Update.AffectedCountModificationCommandBatch.ConsumeResultSetAsync(Int32 startCommandIndex, RelationalDataReader reader, CancellationToken cancellationToken)
   at Microsoft.EntityFrameworkCore.Update.AffectedCountModificationCommandBatch.ConsumeAsync(RelationalDataReader reader, CancellationToken cancellationToken)
   at Microsoft.EntityFrameworkCore.Update.ReaderModificationCommandBatch.ExecuteAsync(IRelationalConnection connection, CancellationToken cancellationToken)
   at Microsoft.EntityFrameworkCore.Update.ReaderModificationCommandBatch.ExecuteAsync(IRelationalConnection connection, CancellationToken cancellationToken)
   at Microsoft.EntityFrameworkCore.SqlServer.Update.Internal.SqlServerModificationCommandBatch.ExecuteAsync(IRelationalConnection connection, CancellationToken cancellationToken)
   at Microsoft.EntityFrameworkCore.Update.Internal.BatchExecutor.ExecuteAsync(IEnumerable`1 commandBatches, IRelationalConnection connection, CancellationToken cancellationToken)
   at Microsoft.EntityFrameworkCore.Update.Internal.BatchExecutor.ExecuteAsync(IEnumerable`1 commandBatches, IRelationalConnection connection, CancellationToken cancellationToken)
   at Microsoft.EntityFrameworkCore.Update.Internal.BatchExecutor.ExecuteAsync(IEnumerable`1 commandBatches, IRelationalConnection connection, CancellationToken cancellationToken)
   at Microsoft.EntityFrameworkCore.Storage.RelationalDatabase.SaveChangesAsync(IList`1 entries, CancellationToken cancellationToken)
   at Microsoft.EntityFrameworkCore.ChangeTracking.Internal.StateManager.SaveChangesAsync(IList`1 entriesToSave, CancellationToken cancellationToken)
   at Microsoft.EntityFrameworkCore.ChangeTracking.Internal.StateManager.SaveChangesAsync(StateManager stateManager, Boolean acceptAllChangesOnSuccess, CancellationToken cancellationToken)
   at Microsoft.EntityFrameworkCore.SqlServer.Storage.Internal.SqlServerExecutionStrategy.ExecuteAsync[TState,TResult](TState state, Func`4 operation, Func`4 verifySucceeded, CancellationToken cancellationToken)
   at Microsoft.EntityFrameworkCore.DbContext.SaveChangesAsync(Boolean acceptAllChangesOnSuccess, CancellationToken cancellationToken)
2026-08-14 09:21:23.804 +03:00 [INF] Executing BadRequestObjectResult, writing value of type '<>f__AnonymousType2`2[[System.String, System.Private.CoreLib, Version=10.0.0.0, Culture=neutral, PublicKeyToken=7cec85d7bea7798e],[System.String, System.Private.CoreLib, Version=10.0.0.0, Culture=neutral, PublicKeyToken=7cec85d7bea7798e]]'.
2026-08-14 09:21:23.805 +03:00 [INF] Executed action ECommerceManagement.Api.Controllers.CatalogController.SyncProducts (ECommerceManagement.Api) in 317.7362ms
2026-08-14 09:21:23.805 +03:00 [INF] Executed endpoint 'ECommerceManagement.Api.Controllers.CatalogController.SyncProducts (ECommerceManagement.Api)'
2026-08-14 09:21:23.805 +03:00 [INF] HTTP POST /api/Catalog/sync responded 400 in 318.8674 ms
2026-08-14 09:21:23.805 +03:00 [INF] Request finished HTTP/1.1 POST http://localhost:5275/api/Catalog/sync - 400 null application/json; charset=utf-8 319.576ms
2026-08-14 09:21:27.445 +03:00 [INF] Request starting HTTP/1.1 GET http://localhost:5275/api/Seller/products?sellerId=1 - null null
2026-08-14 09:21:27.447 +03:00 [INF] Executing endpoint 'ECommerceManagement.Api.Controllers.SellerController.GetMyProducts (ECommerceManagement.Api)'
2026-08-14 09:21:27.447 +03:00 [INF] Route matched with {action = "GetMyProducts", controller = "Seller"}. Executing controller action with signature System.Threading.Tasks.Task`1[Microsoft.AspNetCore.Mvc.IActionResult] GetMyProducts(Int32) on controller ECommerceManagement.Api.Controllers.SellerController (ECommerceManagement.Api).
2026-08-14 09:21:27.452 +03:00 [INF] Executed DbCommand (2ms) [Parameters=[@sellerId='?' (DbType = Int32)], CommandType='"Text"', CommandTimeout='30']
SELECT [p].[Id], [p].[CategoryId], [p].[CreatedAt], [p].[IsActive], [p].[Name], [p].[Price], [p].[Quantity], [p].[SellerId], [p].[Sku], [p].[SysmondStockId], [p].[UpdatedAt], [p].[WarehouseId]
FROM [Products] AS [p]
WHERE [p].[SellerId] = @sellerId
2026-08-14 09:21:27.453 +03:00 [INF] Executing OkObjectResult, writing value of type 'System.Collections.Generic.List`1[[ECommerceManagement.Application.DTOs.Catalog.SellerProductDto, ECommerceManagement.Application, Version=1.0.0.0, Culture=neutral, PublicKeyToken=null]]'.
2026-08-14 09:21:27.453 +03:00 [INF] Executed action ECommerceManagement.Api.Controllers.SellerController.GetMyProducts (ECommerceManagement.Api) in 6.2066ms
2026-08-14 09:21:27.453 +03:00 [INF] Executed endpoint 'ECommerceManagement.Api.Controllers.SellerController.GetMyProducts (ECommerceManagement.Api)'
2026-08-14 09:21:27.453 +03:00 [INF] HTTP GET /api/Seller/products responded 200 in 8.1173 ms
2026-08-14 09:21:27.453 +03:00 [INF] Request finished HTTP/1.1 GET http://localhost:5275/api/Seller/products?sellerId=1 - 200 null application/json; charset=utf-8 8.5199ms
2026-08-14 09:21:37.428 +03:00 [INF] Request starting HTTP/1.1 GET http://localhost:5275/api/Catalog/products - null null
2026-08-14 09:21:37.429 +03:00 [INF] Executing endpoint 'ECommerceManagement.Api.Controllers.CatalogController.GetActiveProducts (ECommerceManagement.Api)'
2026-08-14 09:21:37.429 +03:00 [INF] Route matched with {action = "GetActiveProducts", controller = "Catalog"}. Executing controller action with signature System.Threading.Tasks.Task`1[Microsoft.AspNetCore.Mvc.ActionResult`1[ECommerceManagement.Application.Common.PagedResultDto`1[ECommerceManagement.Application.DTOs.Catalog.ProductDto]]] GetActiveProducts(ECommerceManagement.Application.Common.ProductFilterDto) on controller ECommerceManagement.Api.Controllers.CatalogController (ECommerceManagement.Api).
2026-08-14 09:21:37.433 +03:00 [INF] Executed DbCommand (2ms) [Parameters=[], CommandType='"Text"', CommandTimeout='30']
SELECT COUNT(*)
FROM [Products] AS [p]
WHERE [p].[IsActive] = CAST(1 AS bit)
2026-08-14 09:21:37.437 +03:00 [INF] Executed DbCommand (3ms) [Parameters=[@p='?' (DbType = Int32), @p1='?' (DbType = Int32)], CommandType='"Text"', CommandTimeout='30']
SELECT [p0].[Id], [p0].[CategoryId], [p0].[CreatedAt], [p0].[IsActive], [p0].[Name], [p0].[Price], [p0].[Quantity], [p0].[SellerId], [p0].[Sku], [p0].[SysmondStockId], [p0].[UpdatedAt], [p0].[WarehouseId], [c].[Id], [c].[CreatedAt], [c].[Name], [c].[ParentCategoryId], [s].[Id], [s].[CompanyName], [s].[ContactEmail], [s].[CreatedAt], [s].[TaxNumber], [s].[UserId], [w].[Id], [w].[CreatedAt], [w].[IsActive], [w].[Location], [w].[Name], [w].[SysmondId]
FROM (
    SELECT [p].[Id], [p].[CategoryId], [p].[CreatedAt], [p].[IsActive], [p].[Name], [p].[Price], [p].[Quantity], [p].[SellerId], [p].[Sku], [p].[SysmondStockId], [p].[UpdatedAt], [p].[WarehouseId]
    FROM [Products] AS [p]
    WHERE [p].[IsActive] = CAST(1 AS bit)
    ORDER BY [p].[CreatedAt] DESC
    OFFSET @p ROWS FETCH NEXT @p1 ROWS ONLY
) AS [p0]
INNER JOIN [Categories] AS [c] ON [p0].[CategoryId] = [c].[Id]
INNER JOIN [Sellers] AS [s] ON [p0].[SellerId] = [s].[Id]
INNER JOIN [Warehouses] AS [w] ON [p0].[WarehouseId] = [w].[Id]
ORDER BY [p0].[CreatedAt] DESC
2026-08-14 09:21:37.439 +03:00 [INF] Executing OkObjectResult, writing value of type 'ECommerceManagement.Application.Common.PagedResultDto`1[[ECommerceManagement.Application.DTOs.Catalog.ProductDto, ECommerceManagement.Application, Version=1.0.0.0, Culture=neutral, PublicKeyToken=null]]'.
2026-08-14 09:21:37.439 +03:00 [INF] Executed action ECommerceManagement.Api.Controllers.CatalogController.GetActiveProducts (ECommerceManagement.Api) in 10.2903ms
2026-08-14 09:21:37.439 +03:00 [INF] Executed endpoint 'ECommerceManagement.Api.Controllers.CatalogController.GetActiveProducts (ECommerceManagement.Api)'
2026-08-14 09:21:37.439 +03:00 [INF] HTTP GET /api/Catalog/products responded 200 in 10.9330 ms
2026-08-14 09:21:37.440 +03:00 [INF] Request finished HTTP/1.1 GET http://localhost:5275/api/Catalog/products - 200 null application/json; charset=utf-8 11.3353ms
2026-08-14 09:21:58.708 +03:00 [INF] Request starting HTTP/1.1 POST http://localhost:5275/api/Catalog/sync - null 0
2026-08-14 09:21:58.711 +03:00 [INF] Executing endpoint 'ECommerceManagement.Api.Controllers.CatalogController.SyncProducts (ECommerceManagement.Api)'
2026-08-14 09:21:58.712 +03:00 [INF] Route matched with {action = "SyncProducts", controller = "Catalog"}. Executing controller action with signature System.Threading.Tasks.Task`1[Microsoft.AspNetCore.Mvc.IActionResult] SyncProducts() on controller ECommerceManagement.Api.Controllers.CatalogController (ECommerceManagement.Api).
2026-08-14 09:21:58.984 +03:00 [INF] Executed DbCommand (4ms) [Parameters=[], CommandType='"Text"', CommandTimeout='30']
SELECT [p].[Id], [p].[CategoryId], [p].[CreatedAt], [p].[IsActive], [p].[Name], [p].[Price], [p].[Quantity], [p].[SellerId], [p].[Sku], [p].[SysmondStockId], [p].[UpdatedAt], [p].[WarehouseId]
FROM [Products] AS [p]
2026-08-14 09:21:58.985 +03:00 [INF] Executed DbCommand (1ms) [Parameters=[], CommandType='"Text"', CommandTimeout='30']
SELECT [w].[Id], [w].[CreatedAt], [w].[IsActive], [w].[Location], [w].[Name], [w].[SysmondId]
FROM [Warehouses] AS [w]
2026-08-14 09:21:58.993 +03:00 [INF] Executed DbCommand (6ms) [Parameters=[@p11='?' (DbType = Int32), @p0='?' (DbType = Int32), @p1='?' (DbType = DateTime2), @p2='?' (DbType = Boolean), @p3='?' (Size = 4000), @p4='?' (Precision = 18) (Scale = 2) (DbType = Decimal), @p5='?' (DbType = Int32), @p6='?' (DbType = Int32), @p7='?' (Size = 4000), @p8='?' (DbType = Guid), @p9='?' (DbType = DateTime2), @p10='?' (DbType = Int32), @p23='?' (DbType = Int32), @p12='?' (DbType = Int32), @p13='?' (DbType = DateTime2), @p14='?' (DbType = Boolean), @p15='?' (Size = 4000), @p16='?' (Precision = 18) (Scale = 2) (DbType = Decimal), @p17='?' (DbType = Int32), @p18='?' (DbType = Int32), @p19='?' (Size = 4000), @p20='?' (DbType = Guid), @p21='?' (DbType = DateTime2), @p22='?' (DbType = Int32), @p35='?' (DbType = Int32), @p24='?' (DbType = Int32), @p25='?' (DbType = DateTime2), @p26='?' (DbType = Boolean), @p27='?' (Size = 4000), @p28='?' (Precision = 18) (Scale = 2) (DbType = Decimal), @p29='?' (DbType = Int32), @p30='?' (DbType = Int32), @p31='?' (Size = 4000), @p32='?' (DbType = Guid), @p33='?' (DbType = DateTime2), @p34='?' (DbType = Int32), @p47='?' (DbType = Int32), @p36='?' (DbType = Int32), @p37='?' (DbType = DateTime2), @p38='?' (DbType = Boolean), @p39='?' (Size = 4000), @p40='?' (Precision = 18) (Scale = 2) (DbType = Decimal), @p41='?' (DbType = Int32), @p42='?' (DbType = Int32), @p43='?' (Size = 4000), @p44='?' (DbType = Guid), @p45='?' (DbType = DateTime2), @p46='?' (DbType = Int32), @p59='?' (DbType = Int32), @p48='?' (DbType = Int32), @p49='?' (DbType = DateTime2), @p50='?' (DbType = Boolean), @p51='?' (Size = 4000), @p52='?' (Precision = 18) (Scale = 2) (DbType = Decimal), @p53='?' (DbType = Int32), @p54='?' (DbType = Int32), @p55='?' (Size = 4000), @p56='?' (DbType = Guid), @p57='?' (DbType = DateTime2), @p58='?' (DbType = Int32), @p71='?' (DbType = Int32), @p60='?' (DbType = Int32), @p61='?' (DbType = DateTime2), @p62='?' (DbType = Boolean), @p63='?' (Size = 4000), @p64='?' (Precision = 18) (Scale = 2) (DbType = Decimal), @p65='?' (DbType = Int32), @p66='?' (DbType = Int32), @p67='?' (Size = 4000), @p68='?' (DbType = Guid), @p69='?' (DbType = DateTime2), @p70='?' (DbType = Int32), @p83='?' (DbType = Int32), @p72='?' (DbType = Int32), @p73='?' (DbType = DateTime2), @p74='?' (DbType = Boolean), @p75='?' (Size = 4000), @p76='?' (Precision = 18) (Scale = 2) (DbType = Decimal), @p77='?' (DbType = Int32), @p78='?' (DbType = Int32), @p79='?' (Size = 4000), @p80='?' (DbType = Guid), @p81='?' (DbType = DateTime2), @p82='?' (DbType = Int32), @p84='?' (DbType = Int32), @p85='?' (DbType = DateTime2), @p86='?' (DbType = Boolean), @p87='?' (Size = 4000), @p88='?' (Precision = 18) (Scale = 2) (DbType = Decimal), @p89='?' (DbType = Int32), @p90='?' (DbType = Int32), @p91='?' (Size = 4000), @p92='?' (DbType = Guid), @p93='?' (DbType = DateTime2), @p94='?' (DbType = Int32)], CommandType='"Text"', CommandTimeout='30']
SET NOCOUNT ON;
UPDATE [Products] SET [CategoryId] = @p0, [CreatedAt] = @p1, [IsActive] = @p2, [Name] = @p3, [Price] = @p4, [Quantity] = @p5, [SellerId] = @p6, [Sku] = @p7, [SysmondStockId] = @p8, [UpdatedAt] = @p9, [WarehouseId] = @p10
OUTPUT 1
WHERE [Id] = @p11;
UPDATE [Products] SET [CategoryId] = @p12, [CreatedAt] = @p13, [IsActive] = @p14, [Name] = @p15, [Price] = @p16, [Quantity] = @p17, [SellerId] = @p18, [Sku] = @p19, [SysmondStockId] = @p20, [UpdatedAt] = @p21, [WarehouseId] = @p22
OUTPUT 1
WHERE [Id] = @p23;
UPDATE [Products] SET [CategoryId] = @p24, [CreatedAt] = @p25, [IsActive] = @p26, [Name] = @p27, [Price] = @p28, [Quantity] = @p29, [SellerId] = @p30, [Sku] = @p31, [SysmondStockId] = @p32, [UpdatedAt] = @p33, [WarehouseId] = @p34
OUTPUT 1
WHERE [Id] = @p35;
UPDATE [Products] SET [CategoryId] = @p36, [CreatedAt] = @p37, [IsActive] = @p38, [Name] = @p39, [Price] = @p40, [Quantity] = @p41, [SellerId] = @p42, [Sku] = @p43, [SysmondStockId] = @p44, [UpdatedAt] = @p45, [WarehouseId] = @p46
OUTPUT 1
WHERE [Id] = @p47;
UPDATE [Products] SET [CategoryId] = @p48, [CreatedAt] = @p49, [IsActive] = @p50, [Name] = @p51, [Price] = @p52, [Quantity] = @p53, [SellerId] = @p54, [Sku] = @p55, [SysmondStockId] = @p56, [UpdatedAt] = @p57, [WarehouseId] = @p58
OUTPUT 1
WHERE [Id] = @p59;
UPDATE [Products] SET [CategoryId] = @p60, [CreatedAt] = @p61, [IsActive] = @p62, [Name] = @p63, [Price] = @p64, [Quantity] = @p65, [SellerId] = @p66, [Sku] = @p67, [SysmondStockId] = @p68, [UpdatedAt] = @p69, [WarehouseId] = @p70
OUTPUT 1
WHERE [Id] = @p71;
UPDATE [Products] SET [CategoryId] = @p72, [CreatedAt] = @p73, [IsActive] = @p74, [Name] = @p75, [Price] = @p76, [Quantity] = @p77, [SellerId] = @p78, [Sku] = @p79, [SysmondStockId] = @p80, [UpdatedAt] = @p81, [WarehouseId] = @p82
OUTPUT 1
WHERE [Id] = @p83;
INSERT INTO [Products] ([CategoryId], [CreatedAt], [IsActive], [Name], [Price], [Quantity], [SellerId], [Sku], [SysmondStockId], [UpdatedAt], [WarehouseId])
OUTPUT INSERTED.[Id]
VALUES (@p84, @p85, @p86, @p87, @p88, @p89, @p90, @p91, @p92, @p93, @p94);
2026-08-14 09:21:58.996 +03:00 [ERR] An exception occurred in the database while saving changes for context type 'ECommerceManagement.Repository.Context.ECommerceDbContext'.
Microsoft.EntityFrameworkCore.DbUpdateException: An error occurred while saving the entity changes. See the inner exception for details.
 ---> Microsoft.Data.SqlClient.SqlException (0x80131904): The INSERT statement conflicted with the FOREIGN KEY constraint "FK_Products_Categories_CategoryId". The conflict occurred in database "ECommerceDb", table "dbo.Categories", column 'Id'.
   at Microsoft.Data.SqlClient.SqlConnection.OnError(SqlException exception, Boolean breakConnection, Action`1 wrapCloseInAction)
   at Microsoft.Data.SqlClient.SqlInternalConnection.OnError(SqlException exception, Boolean breakConnection, Action`1 wrapCloseInAction)
   at Microsoft.Data.SqlClient.TdsParser.ThrowExceptionAndWarning(TdsParserStateObject stateObj, SqlCommand command, Boolean callerHasConnectionLock, Boolean asyncClose)
   at Microsoft.Data.SqlClient.TdsParser.TryRun(RunBehavior runBehavior, SqlCommand cmdHandler, SqlDataReader dataStream, BulkCopySimpleResultSet bulkCopyHandler, TdsParserStateObject stateObj, Boolean& dataReady)
   at Microsoft.Data.SqlClient.SqlDataReader.TryHasMoreRows(Boolean& moreRows)
   at Microsoft.Data.SqlClient.SqlDataReader.TryReadInternal(Boolean setTimeout, Boolean& more)
   at Microsoft.Data.SqlClient.SqlDataReader.ReadAsyncExecute(Task task, Object state)
   at Microsoft.Data.SqlClient.SqlDataReader.InvokeAsyncCall[T](SqlDataReaderBaseAsyncCallContext`1 context)
--- End of stack trace from previous location ---
   at Microsoft.EntityFrameworkCore.Update.AffectedCountModificationCommandBatch.ConsumeResultSetAsync(Int32 startCommandIndex, RelationalDataReader reader, CancellationToken cancellationToken)
ClientConnectionId:ddb4e2a1-742f-44bd-a107-e13afc11847e
Hata Numarası: 547,Durum: 0,Sınıf:16
   --- End of inner exception stack trace ---
   at Microsoft.EntityFrameworkCore.Update.AffectedCountModificationCommandBatch.ConsumeResultSetAsync(Int32 startCommandIndex, RelationalDataReader reader, CancellationToken cancellationToken)
   at Microsoft.EntityFrameworkCore.Update.AffectedCountModificationCommandBatch.ConsumeAsync(RelationalDataReader reader, CancellationToken cancellationToken)
   at Microsoft.EntityFrameworkCore.Update.ReaderModificationCommandBatch.ExecuteAsync(IRelationalConnection connection, CancellationToken cancellationToken)
   at Microsoft.EntityFrameworkCore.Update.ReaderModificationCommandBatch.ExecuteAsync(IRelationalConnection connection, CancellationToken cancellationToken)
   at Microsoft.EntityFrameworkCore.SqlServer.Update.Internal.SqlServerModificationCommandBatch.ExecuteAsync(IRelationalConnection connection, CancellationToken cancellationToken)
   at Microsoft.EntityFrameworkCore.Update.Internal.BatchExecutor.ExecuteAsync(IEnumerable`1 commandBatches, IRelationalConnection connection, CancellationToken cancellationToken)
   at Microsoft.EntityFrameworkCore.Update.Internal.BatchExecutor.ExecuteAsync(IEnumerable`1 commandBatches, IRelationalConnection connection, CancellationToken cancellationToken)
   at Microsoft.EntityFrameworkCore.Update.Internal.BatchExecutor.ExecuteAsync(IEnumerable`1 commandBatches, IRelationalConnection connection, CancellationToken cancellationToken)
   at Microsoft.EntityFrameworkCore.Storage.RelationalDatabase.SaveChangesAsync(IList`1 entries, CancellationToken cancellationToken)
   at Microsoft.EntityFrameworkCore.ChangeTracking.Internal.StateManager.SaveChangesAsync(IList`1 entriesToSave, CancellationToken cancellationToken)
   at Microsoft.EntityFrameworkCore.ChangeTracking.Internal.StateManager.SaveChangesAsync(StateManager stateManager, Boolean acceptAllChangesOnSuccess, CancellationToken cancellationToken)
   at Microsoft.EntityFrameworkCore.SqlServer.Storage.Internal.SqlServerExecutionStrategy.ExecuteAsync[TState,TResult](TState state, Func`4 operation, Func`4 verifySucceeded, CancellationToken cancellationToken)
   at Microsoft.EntityFrameworkCore.DbContext.SaveChangesAsync(Boolean acceptAllChangesOnSuccess, CancellationToken cancellationToken)
Microsoft.EntityFrameworkCore.DbUpdateException: An error occurred while saving the entity changes. See the inner exception for details.
 ---> Microsoft.Data.SqlClient.SqlException (0x80131904): The INSERT statement conflicted with the FOREIGN KEY constraint "FK_Products_Categories_CategoryId". The conflict occurred in database "ECommerceDb", table "dbo.Categories", column 'Id'.
   at Microsoft.Data.SqlClient.SqlConnection.OnError(SqlException exception, Boolean breakConnection, Action`1 wrapCloseInAction)
   at Microsoft.Data.SqlClient.SqlInternalConnection.OnError(SqlException exception, Boolean breakConnection, Action`1 wrapCloseInAction)
   at Microsoft.Data.SqlClient.TdsParser.ThrowExceptionAndWarning(TdsParserStateObject stateObj, SqlCommand command, Boolean callerHasConnectionLock, Boolean asyncClose)
   at Microsoft.Data.SqlClient.TdsParser.TryRun(RunBehavior runBehavior, SqlCommand cmdHandler, SqlDataReader dataStream, BulkCopySimpleResultSet bulkCopyHandler, TdsParserStateObject stateObj, Boolean& dataReady)
   at Microsoft.Data.SqlClient.SqlDataReader.TryHasMoreRows(Boolean& moreRows)
   at Microsoft.Data.SqlClient.SqlDataReader.TryReadInternal(Boolean setTimeout, Boolean& more)
   at Microsoft.Data.SqlClient.SqlDataReader.ReadAsyncExecute(Task task, Object state)
   at Microsoft.Data.SqlClient.SqlDataReader.InvokeAsyncCall[T](SqlDataReaderBaseAsyncCallContext`1 context)
--- End of stack trace from previous location ---
   at Microsoft.EntityFrameworkCore.Update.AffectedCountModificationCommandBatch.ConsumeResultSetAsync(Int32 startCommandIndex, RelationalDataReader reader, CancellationToken cancellationToken)
ClientConnectionId:ddb4e2a1-742f-44bd-a107-e13afc11847e
Hata Numarası: 547,Durum: 0,Sınıf:16
   --- End of inner exception stack trace ---
   at Microsoft.EntityFrameworkCore.Update.AffectedCountModificationCommandBatch.ConsumeResultSetAsync(Int32 startCommandIndex, RelationalDataReader reader, CancellationToken cancellationToken)
   at Microsoft.EntityFrameworkCore.Update.AffectedCountModificationCommandBatch.ConsumeAsync(RelationalDataReader reader, CancellationToken cancellationToken)
   at Microsoft.EntityFrameworkCore.Update.ReaderModificationCommandBatch.ExecuteAsync(IRelationalConnection connection, CancellationToken cancellationToken)
   at Microsoft.EntityFrameworkCore.Update.ReaderModificationCommandBatch.ExecuteAsync(IRelationalConnection connection, CancellationToken cancellationToken)
   at Microsoft.EntityFrameworkCore.SqlServer.Update.Internal.SqlServerModificationCommandBatch.ExecuteAsync(IRelationalConnection connection, CancellationToken cancellationToken)
   at Microsoft.EntityFrameworkCore.Update.Internal.BatchExecutor.ExecuteAsync(IEnumerable`1 commandBatches, IRelationalConnection connection, CancellationToken cancellationToken)
   at Microsoft.EntityFrameworkCore.Update.Internal.BatchExecutor.ExecuteAsync(IEnumerable`1 commandBatches, IRelationalConnection connection, CancellationToken cancellationToken)
   at Microsoft.EntityFrameworkCore.Update.Internal.BatchExecutor.ExecuteAsync(IEnumerable`1 commandBatches, IRelationalConnection connection, CancellationToken cancellationToken)
   at Microsoft.EntityFrameworkCore.Storage.RelationalDatabase.SaveChangesAsync(IList`1 entries, CancellationToken cancellationToken)
   at Microsoft.EntityFrameworkCore.ChangeTracking.Internal.StateManager.SaveChangesAsync(IList`1 entriesToSave, CancellationToken cancellationToken)
   at Microsoft.EntityFrameworkCore.ChangeTracking.Internal.StateManager.SaveChangesAsync(StateManager stateManager, Boolean acceptAllChangesOnSuccess, CancellationToken cancellationToken)
   at Microsoft.EntityFrameworkCore.SqlServer.Storage.Internal.SqlServerExecutionStrategy.ExecuteAsync[TState,TResult](TState state, Func`4 operation, Func`4 verifySucceeded, CancellationToken cancellationToken)
   at Microsoft.EntityFrameworkCore.DbContext.SaveChangesAsync(Boolean acceptAllChangesOnSuccess, CancellationToken cancellationToken)
2026-08-14 09:21:58.998 +03:00 [INF] Executing BadRequestObjectResult, writing value of type '<>f__AnonymousType2`2[[System.String, System.Private.CoreLib, Version=10.0.0.0, Culture=neutral, PublicKeyToken=7cec85d7bea7798e],[System.String, System.Private.CoreLib, Version=10.0.0.0, Culture=neutral, PublicKeyToken=7cec85d7bea7798e]]'.
2026-08-14 09:21:58.998 +03:00 [INF] Executed action ECommerceManagement.Api.Controllers.CatalogController.SyncProducts (ECommerceManagement.Api) in 286.1037ms
2026-08-14 09:21:58.998 +03:00 [INF] Executed endpoint 'ECommerceManagement.Api.Controllers.CatalogController.SyncProducts (ECommerceManagement.Api)'
2026-08-14 09:21:58.998 +03:00 [INF] HTTP POST /api/Catalog/sync responded 400 in 287.1102 ms
2026-08-14 09:21:58.998 +03:00 [INF] Request finished HTTP/1.1 POST http://localhost:5275/api/Catalog/sync - 400 null application/json; charset=utf-8 290.0985ms
2026-08-14 09:23:37.944 +03:00 [INF] Request starting HTTP/1.1 POST http://localhost:5275/api/Catalog/sync - null 0
2026-08-14 09:23:37.948 +03:00 [INF] Executing endpoint 'ECommerceManagement.Api.Controllers.CatalogController.SyncProducts (ECommerceManagement.Api)'
2026-08-14 09:23:37.950 +03:00 [INF] Route matched with {action = "SyncProducts", controller = "Catalog"}. Executing controller action with signature System.Threading.Tasks.Task`1[Microsoft.AspNetCore.Mvc.IActionResult] SyncProducts() on controller ECommerceManagement.Api.Controllers.CatalogController (ECommerceManagement.Api).
2026-08-14 09:23:38.352 +03:00 [INF] Executed DbCommand (5ms) [Parameters=[], CommandType='"Text"', CommandTimeout='30']
SELECT [p].[Id], [p].[CategoryId], [p].[CreatedAt], [p].[IsActive], [p].[Name], [p].[Price], [p].[Quantity], [p].[SellerId], [p].[Sku], [p].[SysmondStockId], [p].[UpdatedAt], [p].[WarehouseId]
FROM [Products] AS [p]
2026-08-14 09:23:38.355 +03:00 [INF] Executed DbCommand (2ms) [Parameters=[], CommandType='"Text"', CommandTimeout='30']
SELECT [w].[Id], [w].[CreatedAt], [w].[IsActive], [w].[Location], [w].[Name], [w].[SysmondId]
FROM [Warehouses] AS [w]
2026-08-14 09:23:38.370 +03:00 [INF] Executed DbCommand (9ms) [Parameters=[@p11='?' (DbType = Int32), @p0='?' (DbType = Int32), @p1='?' (DbType = DateTime2), @p2='?' (DbType = Boolean), @p3='?' (Size = 4000), @p4='?' (Precision = 18) (Scale = 2) (DbType = Decimal), @p5='?' (DbType = Int32), @p6='?' (DbType = Int32), @p7='?' (Size = 4000), @p8='?' (DbType = Guid), @p9='?' (DbType = DateTime2), @p10='?' (DbType = Int32), @p23='?' (DbType = Int32), @p12='?' (DbType = Int32), @p13='?' (DbType = DateTime2), @p14='?' (DbType = Boolean), @p15='?' (Size = 4000), @p16='?' (Precision = 18) (Scale = 2) (DbType = Decimal), @p17='?' (DbType = Int32), @p18='?' (DbType = Int32), @p19='?' (Size = 4000), @p20='?' (DbType = Guid), @p21='?' (DbType = DateTime2), @p22='?' (DbType = Int32), @p35='?' (DbType = Int32), @p24='?' (DbType = Int32), @p25='?' (DbType = DateTime2), @p26='?' (DbType = Boolean), @p27='?' (Size = 4000), @p28='?' (Precision = 18) (Scale = 2) (DbType = Decimal), @p29='?' (DbType = Int32), @p30='?' (DbType = Int32), @p31='?' (Size = 4000), @p32='?' (DbType = Guid), @p33='?' (DbType = DateTime2), @p34='?' (DbType = Int32), @p47='?' (DbType = Int32), @p36='?' (DbType = Int32), @p37='?' (DbType = DateTime2), @p38='?' (DbType = Boolean), @p39='?' (Size = 4000), @p40='?' (Precision = 18) (Scale = 2) (DbType = Decimal), @p41='?' (DbType = Int32), @p42='?' (DbType = Int32), @p43='?' (Size = 4000), @p44='?' (DbType = Guid), @p45='?' (DbType = DateTime2), @p46='?' (DbType = Int32), @p59='?' (DbType = Int32), @p48='?' (DbType = Int32), @p49='?' (DbType = DateTime2), @p50='?' (DbType = Boolean), @p51='?' (Size = 4000), @p52='?' (Precision = 18) (Scale = 2) (DbType = Decimal), @p53='?' (DbType = Int32), @p54='?' (DbType = Int32), @p55='?' (Size = 4000), @p56='?' (DbType = Guid), @p57='?' (DbType = DateTime2), @p58='?' (DbType = Int32), @p71='?' (DbType = Int32), @p60='?' (DbType = Int32), @p61='?' (DbType = DateTime2), @p62='?' (DbType = Boolean), @p63='?' (Size = 4000), @p64='?' (Precision = 18) (Scale = 2) (DbType = Decimal), @p65='?' (DbType = Int32), @p66='?' (DbType = Int32), @p67='?' (Size = 4000), @p68='?' (DbType = Guid), @p69='?' (DbType = DateTime2), @p70='?' (DbType = Int32), @p83='?' (DbType = Int32), @p72='?' (DbType = Int32), @p73='?' (DbType = DateTime2), @p74='?' (DbType = Boolean), @p75='?' (Size = 4000), @p76='?' (Precision = 18) (Scale = 2) (DbType = Decimal), @p77='?' (DbType = Int32), @p78='?' (DbType = Int32), @p79='?' (Size = 4000), @p80='?' (DbType = Guid), @p81='?' (DbType = DateTime2), @p82='?' (DbType = Int32), @p84='?' (DbType = Int32), @p85='?' (DbType = DateTime2), @p86='?' (DbType = Boolean), @p87='?' (Size = 4000), @p88='?' (Precision = 18) (Scale = 2) (DbType = Decimal), @p89='?' (DbType = Int32), @p90='?' (DbType = Int32), @p91='?' (Size = 4000), @p92='?' (DbType = Guid), @p93='?' (DbType = DateTime2), @p94='?' (DbType = Int32)], CommandType='"Text"', CommandTimeout='30']
SET NOCOUNT ON;
UPDATE [Products] SET [CategoryId] = @p0, [CreatedAt] = @p1, [IsActive] = @p2, [Name] = @p3, [Price] = @p4, [Quantity] = @p5, [SellerId] = @p6, [Sku] = @p7, [SysmondStockId] = @p8, [UpdatedAt] = @p9, [WarehouseId] = @p10
OUTPUT 1
WHERE [Id] = @p11;
UPDATE [Products] SET [CategoryId] = @p12, [CreatedAt] = @p13, [IsActive] = @p14, [Name] = @p15, [Price] = @p16, [Quantity] = @p17, [SellerId] = @p18, [Sku] = @p19, [SysmondStockId] = @p20, [UpdatedAt] = @p21, [WarehouseId] = @p22
OUTPUT 1
WHERE [Id] = @p23;
UPDATE [Products] SET [CategoryId] = @p24, [CreatedAt] = @p25, [IsActive] = @p26, [Name] = @p27, [Price] = @p28, [Quantity] = @p29, [SellerId] = @p30, [Sku] = @p31, [SysmondStockId] = @p32, [UpdatedAt] = @p33, [WarehouseId] = @p34
OUTPUT 1
WHERE [Id] = @p35;
UPDATE [Products] SET [CategoryId] = @p36, [CreatedAt] = @p37, [IsActive] = @p38, [Name] = @p39, [Price] = @p40, [Quantity] = @p41, [SellerId] = @p42, [Sku] = @p43, [SysmondStockId] = @p44, [UpdatedAt] = @p45, [WarehouseId] = @p46
OUTPUT 1
WHERE [Id] = @p47;
UPDATE [Products] SET [CategoryId] = @p48, [CreatedAt] = @p49, [IsActive] = @p50, [Name] = @p51, [Price] = @p52, [Quantity] = @p53, [SellerId] = @p54, [Sku] = @p55, [SysmondStockId] = @p56, [UpdatedAt] = @p57, [WarehouseId] = @p58
OUTPUT 1
WHERE [Id] = @p59;
UPDATE [Products] SET [CategoryId] = @p60, [CreatedAt] = @p61, [IsActive] = @p62, [Name] = @p63, [Price] = @p64, [Quantity] = @p65, [SellerId] = @p66, [Sku] = @p67, [SysmondStockId] = @p68, [UpdatedAt] = @p69, [WarehouseId] = @p70
OUTPUT 1
WHERE [Id] = @p71;
UPDATE [Products] SET [CategoryId] = @p72, [CreatedAt] = @p73, [IsActive] = @p74, [Name] = @p75, [Price] = @p76, [Quantity] = @p77, [SellerId] = @p78, [Sku] = @p79, [SysmondStockId] = @p80, [UpdatedAt] = @p81, [WarehouseId] = @p82
OUTPUT 1
WHERE [Id] = @p83;
INSERT INTO [Products] ([CategoryId], [CreatedAt], [IsActive], [Name], [Price], [Quantity], [SellerId], [Sku], [SysmondStockId], [UpdatedAt], [WarehouseId])
OUTPUT INSERTED.[Id]
VALUES (@p84, @p85, @p86, @p87, @p88, @p89, @p90, @p91, @p92, @p93, @p94);
2026-08-14 09:23:38.374 +03:00 [ERR] An exception occurred in the database while saving changes for context type 'ECommerceManagement.Repository.Context.ECommerceDbContext'.
Microsoft.EntityFrameworkCore.DbUpdateException: An error occurred while saving the entity changes. See the inner exception for details.
 ---> Microsoft.Data.SqlClient.SqlException (0x80131904): The INSERT statement conflicted with the FOREIGN KEY constraint "FK_Products_Categories_CategoryId". The conflict occurred in database "ECommerceDb", table "dbo.Categories", column 'Id'.
   at Microsoft.Data.SqlClient.SqlConnection.OnError(SqlException exception, Boolean breakConnection, Action`1 wrapCloseInAction)
   at Microsoft.Data.SqlClient.SqlInternalConnection.OnError(SqlException exception, Boolean breakConnection, Action`1 wrapCloseInAction)
   at Microsoft.Data.SqlClient.TdsParser.ThrowExceptionAndWarning(TdsParserStateObject stateObj, SqlCommand command, Boolean callerHasConnectionLock, Boolean asyncClose)
   at Microsoft.Data.SqlClient.TdsParser.TryRun(RunBehavior runBehavior, SqlCommand cmdHandler, SqlDataReader dataStream, BulkCopySimpleResultSet bulkCopyHandler, TdsParserStateObject stateObj, Boolean& dataReady)
   at Microsoft.Data.SqlClient.SqlDataReader.TryHasMoreRows(Boolean& moreRows)
   at Microsoft.Data.SqlClient.SqlDataReader.TryReadInternal(Boolean setTimeout, Boolean& more)
   at Microsoft.Data.SqlClient.SqlDataReader.ReadAsyncExecute(Task task, Object state)
   at Microsoft.Data.SqlClient.SqlDataReader.InvokeAsyncCall[T](SqlDataReaderBaseAsyncCallContext`1 context)
--- End of stack trace from previous location ---
   at Microsoft.EntityFrameworkCore.Update.AffectedCountModificationCommandBatch.ConsumeResultSetAsync(Int32 startCommandIndex, RelationalDataReader reader, CancellationToken cancellationToken)
ClientConnectionId:ddb4e2a1-742f-44bd-a107-e13afc11847e
Hata Numarası: 547,Durum: 0,Sınıf:16
   --- End of inner exception stack trace ---
   at Microsoft.EntityFrameworkCore.Update.AffectedCountModificationCommandBatch.ConsumeResultSetAsync(Int32 startCommandIndex, RelationalDataReader reader, CancellationToken cancellationToken)
   at Microsoft.EntityFrameworkCore.Update.AffectedCountModificationCommandBatch.ConsumeAsync(RelationalDataReader reader, CancellationToken cancellationToken)
   at Microsoft.EntityFrameworkCore.Update.ReaderModificationCommandBatch.ExecuteAsync(IRelationalConnection connection, CancellationToken cancellationToken)
   at Microsoft.EntityFrameworkCore.Update.ReaderModificationCommandBatch.ExecuteAsync(IRelationalConnection connection, CancellationToken cancellationToken)
   at Microsoft.EntityFrameworkCore.SqlServer.Update.Internal.SqlServerModificationCommandBatch.ExecuteAsync(IRelationalConnection connection, CancellationToken cancellationToken)
   at Microsoft.EntityFrameworkCore.Update.Internal.BatchExecutor.ExecuteAsync(IEnumerable`1 commandBatches, IRelationalConnection connection, CancellationToken cancellationToken)
   at Microsoft.EntityFrameworkCore.Update.Internal.BatchExecutor.ExecuteAsync(IEnumerable`1 commandBatches, IRelationalConnection connection, CancellationToken cancellationToken)
   at Microsoft.EntityFrameworkCore.Update.Internal.BatchExecutor.ExecuteAsync(IEnumerable`1 commandBatches, IRelationalConnection connection, CancellationToken cancellationToken)
   at Microsoft.EntityFrameworkCore.Storage.RelationalDatabase.SaveChangesAsync(IList`1 entries, CancellationToken cancellationToken)
   at Microsoft.EntityFrameworkCore.ChangeTracking.Internal.StateManager.SaveChangesAsync(IList`1 entriesToSave, CancellationToken cancellationToken)
   at Microsoft.EntityFrameworkCore.ChangeTracking.Internal.StateManager.SaveChangesAsync(StateManager stateManager, Boolean acceptAllChangesOnSuccess, CancellationToken cancellationToken)
   at Microsoft.EntityFrameworkCore.SqlServer.Storage.Internal.SqlServerExecutionStrategy.ExecuteAsync[TState,TResult](TState state, Func`4 operation, Func`4 verifySucceeded, CancellationToken cancellationToken)
   at Microsoft.EntityFrameworkCore.DbContext.SaveChangesAsync(Boolean acceptAllChangesOnSuccess, CancellationToken cancellationToken)
Microsoft.EntityFrameworkCore.DbUpdateException: An error occurred while saving the entity changes. See the inner exception for details.
 ---> Microsoft.Data.SqlClient.SqlException (0x80131904): The INSERT statement conflicted with the FOREIGN KEY constraint "FK_Products_Categories_CategoryId". The conflict occurred in database "ECommerceDb", table "dbo.Categories", column 'Id'.
   at Microsoft.Data.SqlClient.SqlConnection.OnError(SqlException exception, Boolean breakConnection, Action`1 wrapCloseInAction)
   at Microsoft.Data.SqlClient.SqlInternalConnection.OnError(SqlException exception, Boolean breakConnection, Action`1 wrapCloseInAction)
   at Microsoft.Data.SqlClient.TdsParser.ThrowExceptionAndWarning(TdsParserStateObject stateObj, SqlCommand command, Boolean callerHasConnectionLock, Boolean asyncClose)
   at Microsoft.Data.SqlClient.TdsParser.TryRun(RunBehavior runBehavior, SqlCommand cmdHandler, SqlDataReader dataStream, BulkCopySimpleResultSet bulkCopyHandler, TdsParserStateObject stateObj, Boolean& dataReady)
   at Microsoft.Data.SqlClient.SqlDataReader.TryHasMoreRows(Boolean& moreRows)
   at Microsoft.Data.SqlClient.SqlDataReader.TryReadInternal(Boolean setTimeout, Boolean& more)
   at Microsoft.Data.SqlClient.SqlDataReader.ReadAsyncExecute(Task task, Object state)
   at Microsoft.Data.SqlClient.SqlDataReader.InvokeAsyncCall[T](SqlDataReaderBaseAsyncCallContext`1 context)
--- End of stack trace from previous location ---
   at Microsoft.EntityFrameworkCore.Update.AffectedCountModificationCommandBatch.ConsumeResultSetAsync(Int32 startCommandIndex, RelationalDataReader reader, CancellationToken cancellationToken)
ClientConnectionId:ddb4e2a1-742f-44bd-a107-e13afc11847e
Hata Numarası: 547,Durum: 0,Sınıf:16
   --- End of inner exception stack trace ---
   at Microsoft.EntityFrameworkCore.Update.AffectedCountModificationCommandBatch.ConsumeResultSetAsync(Int32 startCommandIndex, RelationalDataReader reader, CancellationToken cancellationToken)
   at Microsoft.EntityFrameworkCore.Update.AffectedCountModificationCommandBatch.ConsumeAsync(RelationalDataReader reader, CancellationToken cancellationToken)
   at Microsoft.EntityFrameworkCore.Update.ReaderModificationCommandBatch.ExecuteAsync(IRelationalConnection connection, CancellationToken cancellationToken)
   at Microsoft.EntityFrameworkCore.Update.ReaderModificationCommandBatch.ExecuteAsync(IRelationalConnection connection, CancellationToken cancellationToken)
   at Microsoft.EntityFrameworkCore.SqlServer.Update.Internal.SqlServerModificationCommandBatch.ExecuteAsync(IRelationalConnection connection, CancellationToken cancellationToken)
   at Microsoft.EntityFrameworkCore.Update.Internal.BatchExecutor.ExecuteAsync(IEnumerable`1 commandBatches, IRelationalConnection connection, CancellationToken cancellationToken)
   at Microsoft.EntityFrameworkCore.Update.Internal.BatchExecutor.ExecuteAsync(IEnumerable`1 commandBatches, IRelationalConnection connection, CancellationToken cancellationToken)
   at Microsoft.EntityFrameworkCore.Update.Internal.BatchExecutor.ExecuteAsync(IEnumerable`1 commandBatches, IRelationalConnection connection, CancellationToken cancellationToken)
   at Microsoft.EntityFrameworkCore.Storage.RelationalDatabase.SaveChangesAsync(IList`1 entries, CancellationToken cancellationToken)
   at Microsoft.EntityFrameworkCore.ChangeTracking.Internal.StateManager.SaveChangesAsync(IList`1 entriesToSave, CancellationToken cancellationToken)
   at Microsoft.EntityFrameworkCore.ChangeTracking.Internal.StateManager.SaveChangesAsync(StateManager stateManager, Boolean acceptAllChangesOnSuccess, CancellationToken cancellationToken)
   at Microsoft.EntityFrameworkCore.SqlServer.Storage.Internal.SqlServerExecutionStrategy.ExecuteAsync[TState,TResult](TState state, Func`4 operation, Func`4 verifySucceeded, CancellationToken cancellationToken)
   at Microsoft.EntityFrameworkCore.DbContext.SaveChangesAsync(Boolean acceptAllChangesOnSuccess, CancellationToken cancellationToken)
2026-08-14 09:23:38.378 +03:00 [INF] Executing BadRequestObjectResult, writing value of type '<>f__AnonymousType2`2[[System.String, System.Private.CoreLib, Version=10.0.0.0, Culture=neutral, PublicKeyToken=7cec85d7bea7798e],[System.String, System.Private.CoreLib, Version=10.0.0.0, Culture=neutral, PublicKeyToken=7cec85d7bea7798e]]'.
2026-08-14 09:23:38.378 +03:00 [INF] Executed action ECommerceManagement.Api.Controllers.CatalogController.SyncProducts (ECommerceManagement.Api) in 428.1749ms
2026-08-14 09:23:38.378 +03:00 [INF] Executed endpoint 'ECommerceManagement.Api.Controllers.CatalogController.SyncProducts (ECommerceManagement.Api)'
2026-08-14 09:23:38.378 +03:00 [INF] HTTP POST /api/Catalog/sync responded 400 in 433.2298 ms
2026-08-14 09:23:38.379 +03:00 [INF] Request finished HTTP/1.1 POST http://localhost:5275/api/Catalog/sync - 400 null application/json; charset=utf-8 434.9905ms
2026-08-14 09:23:39.849 +03:00 [INF] Request starting HTTP/1.1 POST http://localhost:5275/api/Catalog/sync - null 0
2026-08-14 09:23:39.849 +03:00 [INF] Executing endpoint 'ECommerceManagement.Api.Controllers.CatalogController.SyncProducts (ECommerceManagement.Api)'
2026-08-14 09:23:39.850 +03:00 [INF] Route matched with {action = "SyncProducts", controller = "Catalog"}. Executing controller action with signature System.Threading.Tasks.Task`1[Microsoft.AspNetCore.Mvc.IActionResult] SyncProducts() on controller ECommerceManagement.Api.Controllers.CatalogController (ECommerceManagement.Api).
2026-08-14 09:23:39.947 +03:00 [INF] Executed DbCommand (4ms) [Parameters=[], CommandType='"Text"', CommandTimeout='30']
SELECT [p].[Id], [p].[CategoryId], [p].[CreatedAt], [p].[IsActive], [p].[Name], [p].[Price], [p].[Quantity], [p].[SellerId], [p].[Sku], [p].[SysmondStockId], [p].[UpdatedAt], [p].[WarehouseId]
FROM [Products] AS [p]
2026-08-14 09:23:39.950 +03:00 [INF] Executed DbCommand (3ms) [Parameters=[], CommandType='"Text"', CommandTimeout='30']
SELECT [w].[Id], [w].[CreatedAt], [w].[IsActive], [w].[Location], [w].[Name], [w].[SysmondId]
FROM [Warehouses] AS [w]
2026-08-14 09:23:39.959 +03:00 [INF] Executed DbCommand (6ms) [Parameters=[@p11='?' (DbType = Int32), @p0='?' (DbType = Int32), @p1='?' (DbType = DateTime2), @p2='?' (DbType = Boolean), @p3='?' (Size = 4000), @p4='?' (Precision = 18) (Scale = 2) (DbType = Decimal), @p5='?' (DbType = Int32), @p6='?' (DbType = Int32), @p7='?' (Size = 4000), @p8='?' (DbType = Guid), @p9='?' (DbType = DateTime2), @p10='?' (DbType = Int32), @p23='?' (DbType = Int32), @p12='?' (DbType = Int32), @p13='?' (DbType = DateTime2), @p14='?' (DbType = Boolean), @p15='?' (Size = 4000), @p16='?' (Precision = 18) (Scale = 2) (DbType = Decimal), @p17='?' (DbType = Int32), @p18='?' (DbType = Int32), @p19='?' (Size = 4000), @p20='?' (DbType = Guid), @p21='?' (DbType = DateTime2), @p22='?' (DbType = Int32), @p35='?' (DbType = Int32), @p24='?' (DbType = Int32), @p25='?' (DbType = DateTime2), @p26='?' (DbType = Boolean), @p27='?' (Size = 4000), @p28='?' (Precision = 18) (Scale = 2) (DbType = Decimal), @p29='?' (DbType = Int32), @p30='?' (DbType = Int32), @p31='?' (Size = 4000), @p32='?' (DbType = Guid), @p33='?' (DbType = DateTime2), @p34='?' (DbType = Int32), @p47='?' (DbType = Int32), @p36='?' (DbType = Int32), @p37='?' (DbType = DateTime2), @p38='?' (DbType = Boolean), @p39='?' (Size = 4000), @p40='?' (Precision = 18) (Scale = 2) (DbType = Decimal), @p41='?' (DbType = Int32), @p42='?' (DbType = Int32), @p43='?' (Size = 4000), @p44='?' (DbType = Guid), @p45='?' (DbType = DateTime2), @p46='?' (DbType = Int32), @p59='?' (DbType = Int32), @p48='?' (DbType = Int32), @p49='?' (DbType = DateTime2), @p50='?' (DbType = Boolean), @p51='?' (Size = 4000), @p52='?' (Precision = 18) (Scale = 2) (DbType = Decimal), @p53='?' (DbType = Int32), @p54='?' (DbType = Int32), @p55='?' (Size = 4000), @p56='?' (DbType = Guid), @p57='?' (DbType = DateTime2), @p58='?' (DbType = Int32), @p71='?' (DbType = Int32), @p60='?' (DbType = Int32), @p61='?' (DbType = DateTime2), @p62='?' (DbType = Boolean), @p63='?' (Size = 4000), @p64='?' (Precision = 18) (Scale = 2) (DbType = Decimal), @p65='?' (DbType = Int32), @p66='?' (DbType = Int32), @p67='?' (Size = 4000), @p68='?' (DbType = Guid), @p69='?' (DbType = DateTime2), @p70='?' (DbType = Int32), @p83='?' (DbType = Int32), @p72='?' (DbType = Int32), @p73='?' (DbType = DateTime2), @p74='?' (DbType = Boolean), @p75='?' (Size = 4000), @p76='?' (Precision = 18) (Scale = 2) (DbType = Decimal), @p77='?' (DbType = Int32), @p78='?' (DbType = Int32), @p79='?' (Size = 4000), @p80='?' (DbType = Guid), @p81='?' (DbType = DateTime2), @p82='?' (DbType = Int32), @p84='?' (DbType = Int32), @p85='?' (DbType = DateTime2), @p86='?' (DbType = Boolean), @p87='?' (Size = 4000), @p88='?' (Precision = 18) (Scale = 2) (DbType = Decimal), @p89='?' (DbType = Int32), @p90='?' (DbType = Int32), @p91='?' (Size = 4000), @p92='?' (DbType = Guid), @p93='?' (DbType = DateTime2), @p94='?' (DbType = Int32)], CommandType='"Text"', CommandTimeout='30']
SET NOCOUNT ON;
UPDATE [Products] SET [CategoryId] = @p0, [CreatedAt] = @p1, [IsActive] = @p2, [Name] = @p3, [Price] = @p4, [Quantity] = @p5, [SellerId] = @p6, [Sku] = @p7, [SysmondStockId] = @p8, [UpdatedAt] = @p9, [WarehouseId] = @p10
OUTPUT 1
WHERE [Id] = @p11;
UPDATE [Products] SET [CategoryId] = @p12, [CreatedAt] = @p13, [IsActive] = @p14, [Name] = @p15, [Price] = @p16, [Quantity] = @p17, [SellerId] = @p18, [Sku] = @p19, [SysmondStockId] = @p20, [UpdatedAt] = @p21, [WarehouseId] = @p22
OUTPUT 1
WHERE [Id] = @p23;
UPDATE [Products] SET [CategoryId] = @p24, [CreatedAt] = @p25, [IsActive] = @p26, [Name] = @p27, [Price] = @p28, [Quantity] = @p29, [SellerId] = @p30, [Sku] = @p31, [SysmondStockId] = @p32, [UpdatedAt] = @p33, [WarehouseId] = @p34
OUTPUT 1
WHERE [Id] = @p35;
UPDATE [Products] SET [CategoryId] = @p36, [CreatedAt] = @p37, [IsActive] = @p38, [Name] = @p39, [Price] = @p40, [Quantity] = @p41, [SellerId] = @p42, [Sku] = @p43, [SysmondStockId] = @p44, [UpdatedAt] = @p45, [WarehouseId] = @p46
OUTPUT 1
WHERE [Id] = @p47;
UPDATE [Products] SET [CategoryId] = @p48, [CreatedAt] = @p49, [IsActive] = @p50, [Name] = @p51, [Price] = @p52, [Quantity] = @p53, [SellerId] = @p54, [Sku] = @p55, [SysmondStockId] = @p56, [UpdatedAt] = @p57, [WarehouseId] = @p58
OUTPUT 1
WHERE [Id] = @p59;
UPDATE [Products] SET [CategoryId] = @p60, [CreatedAt] = @p61, [IsActive] = @p62, [Name] = @p63, [Price] = @p64, [Quantity] = @p65, [SellerId] = @p66, [Sku] = @p67, [SysmondStockId] = @p68, [UpdatedAt] = @p69, [WarehouseId] = @p70
OUTPUT 1
WHERE [Id] = @p71;
UPDATE [Products] SET [CategoryId] = @p72, [CreatedAt] = @p73, [IsActive] = @p74, [Name] = @p75, [Price] = @p76, [Quantity] = @p77, [SellerId] = @p78, [Sku] = @p79, [SysmondStockId] = @p80, [UpdatedAt] = @p81, [WarehouseId] = @p82
OUTPUT 1
WHERE [Id] = @p83;
INSERT INTO [Products] ([CategoryId], [CreatedAt], [IsActive], [Name], [Price], [Quantity], [SellerId], [Sku], [SysmondStockId], [UpdatedAt], [WarehouseId])
OUTPUT INSERTED.[Id]
VALUES (@p84, @p85, @p86, @p87, @p88, @p89, @p90, @p91, @p92, @p93, @p94);
2026-08-14 09:23:39.963 +03:00 [ERR] An exception occurred in the database while saving changes for context type 'ECommerceManagement.Repository.Context.ECommerceDbContext'.
Microsoft.EntityFrameworkCore.DbUpdateException: An error occurred while saving the entity changes. See the inner exception for details.
 ---> Microsoft.Data.SqlClient.SqlException (0x80131904): The INSERT statement conflicted with the FOREIGN KEY constraint "FK_Products_Categories_CategoryId". The conflict occurred in database "ECommerceDb", table "dbo.Categories", column 'Id'.
   at Microsoft.Data.SqlClient.SqlConnection.OnError(SqlException exception, Boolean breakConnection, Action`1 wrapCloseInAction)
   at Microsoft.Data.SqlClient.SqlInternalConnection.OnError(SqlException exception, Boolean breakConnection, Action`1 wrapCloseInAction)
   at Microsoft.Data.SqlClient.TdsParser.ThrowExceptionAndWarning(TdsParserStateObject stateObj, SqlCommand command, Boolean callerHasConnectionLock, Boolean asyncClose)
   at Microsoft.Data.SqlClient.TdsParser.TryRun(RunBehavior runBehavior, SqlCommand cmdHandler, SqlDataReader dataStream, BulkCopySimpleResultSet bulkCopyHandler, TdsParserStateObject stateObj, Boolean& dataReady)
   at Microsoft.Data.SqlClient.SqlDataReader.TryHasMoreRows(Boolean& moreRows)
   at Microsoft.Data.SqlClient.SqlDataReader.TryReadInternal(Boolean setTimeout, Boolean& more)
   at Microsoft.Data.SqlClient.SqlDataReader.ReadAsyncExecute(Task task, Object state)
   at Microsoft.Data.SqlClient.SqlDataReader.InvokeAsyncCall[T](SqlDataReaderBaseAsyncCallContext`1 context)
--- End of stack trace from previous location ---
   at Microsoft.EntityFrameworkCore.Update.AffectedCountModificationCommandBatch.ConsumeResultSetAsync(Int32 startCommandIndex, RelationalDataReader reader, CancellationToken cancellationToken)
ClientConnectionId:ddb4e2a1-742f-44bd-a107-e13afc11847e
Hata Numarası: 547,Durum: 0,Sınıf:16
   --- End of inner exception stack trace ---
   at Microsoft.EntityFrameworkCore.Update.AffectedCountModificationCommandBatch.ConsumeResultSetAsync(Int32 startCommandIndex, RelationalDataReader reader, CancellationToken cancellationToken)
   at Microsoft.EntityFrameworkCore.Update.AffectedCountModificationCommandBatch.ConsumeAsync(RelationalDataReader reader, CancellationToken cancellationToken)
   at Microsoft.EntityFrameworkCore.Update.ReaderModificationCommandBatch.ExecuteAsync(IRelationalConnection connection, CancellationToken cancellationToken)
   at Microsoft.EntityFrameworkCore.Update.ReaderModificationCommandBatch.ExecuteAsync(IRelationalConnection connection, CancellationToken cancellationToken)
   at Microsoft.EntityFrameworkCore.SqlServer.Update.Internal.SqlServerModificationCommandBatch.ExecuteAsync(IRelationalConnection connection, CancellationToken cancellationToken)
   at Microsoft.EntityFrameworkCore.Update.Internal.BatchExecutor.ExecuteAsync(IEnumerable`1 commandBatches, IRelationalConnection connection, CancellationToken cancellationToken)
   at Microsoft.EntityFrameworkCore.Update.Internal.BatchExecutor.ExecuteAsync(IEnumerable`1 commandBatches, IRelationalConnection connection, CancellationToken cancellationToken)
   at Microsoft.EntityFrameworkCore.Update.Internal.BatchExecutor.ExecuteAsync(IEnumerable`1 commandBatches, IRelationalConnection connection, CancellationToken cancellationToken)
   at Microsoft.EntityFrameworkCore.Storage.RelationalDatabase.SaveChangesAsync(IList`1 entries, CancellationToken cancellationToken)
   at Microsoft.EntityFrameworkCore.ChangeTracking.Internal.StateManager.SaveChangesAsync(IList`1 entriesToSave, CancellationToken cancellationToken)
   at Microsoft.EntityFrameworkCore.ChangeTracking.Internal.StateManager.SaveChangesAsync(StateManager stateManager, Boolean acceptAllChangesOnSuccess, CancellationToken cancellationToken)
   at Microsoft.EntityFrameworkCore.SqlServer.Storage.Internal.SqlServerExecutionStrategy.ExecuteAsync[TState,TResult](TState state, Func`4 operation, Func`4 verifySucceeded, CancellationToken cancellationToken)
   at Microsoft.EntityFrameworkCore.DbContext.SaveChangesAsync(Boolean acceptAllChangesOnSuccess, CancellationToken cancellationToken)
Microsoft.EntityFrameworkCore.DbUpdateException: An error occurred while saving the entity changes. See the inner exception for details.
 ---> Microsoft.Data.SqlClient.SqlException (0x80131904): The INSERT statement conflicted with the FOREIGN KEY constraint "FK_Products_Categories_CategoryId". The conflict occurred in database "ECommerceDb", table "dbo.Categories", column 'Id'.
   at Microsoft.Data.SqlClient.SqlConnection.OnError(SqlException exception, Boolean breakConnection, Action`1 wrapCloseInAction)
   at Microsoft.Data.SqlClient.SqlInternalConnection.OnError(SqlException exception, Boolean breakConnection, Action`1 wrapCloseInAction)
   at Microsoft.Data.SqlClient.TdsParser.ThrowExceptionAndWarning(TdsParserStateObject stateObj, SqlCommand command, Boolean callerHasConnectionLock, Boolean asyncClose)
   at Microsoft.Data.SqlClient.TdsParser.TryRun(RunBehavior runBehavior, SqlCommand cmdHandler, SqlDataReader dataStream, BulkCopySimpleResultSet bulkCopyHandler, TdsParserStateObject stateObj, Boolean& dataReady)
   at Microsoft.Data.SqlClient.SqlDataReader.TryHasMoreRows(Boolean& moreRows)
   at Microsoft.Data.SqlClient.SqlDataReader.TryReadInternal(Boolean setTimeout, Boolean& more)
   at Microsoft.Data.SqlClient.SqlDataReader.ReadAsyncExecute(Task task, Object state)
   at Microsoft.Data.SqlClient.SqlDataReader.InvokeAsyncCall[T](SqlDataReaderBaseAsyncCallContext`1 context)
--- End of stack trace from previous location ---
   at Microsoft.EntityFrameworkCore.Update.AffectedCountModificationCommandBatch.ConsumeResultSetAsync(Int32 startCommandIndex, RelationalDataReader reader, CancellationToken cancellationToken)
ClientConnectionId:ddb4e2a1-742f-44bd-a107-e13afc11847e
Hata Numarası: 547,Durum: 0,Sınıf:16
   --- End of inner exception stack trace ---
   at Microsoft.EntityFrameworkCore.Update.AffectedCountModificationCommandBatch.ConsumeResultSetAsync(Int32 startCommandIndex, RelationalDataReader reader, CancellationToken cancellationToken)
   at Microsoft.EntityFrameworkCore.Update.AffectedCountModificationCommandBatch.ConsumeAsync(RelationalDataReader reader, CancellationToken cancellationToken)
   at Microsoft.EntityFrameworkCore.Update.ReaderModificationCommandBatch.ExecuteAsync(IRelationalConnection connection, CancellationToken cancellationToken)
   at Microsoft.EntityFrameworkCore.Update.ReaderModificationCommandBatch.ExecuteAsync(IRelationalConnection connection, CancellationToken cancellationToken)
   at Microsoft.EntityFrameworkCore.SqlServer.Update.Internal.SqlServerModificationCommandBatch.ExecuteAsync(IRelationalConnection connection, CancellationToken cancellationToken)
   at Microsoft.EntityFrameworkCore.Update.Internal.BatchExecutor.ExecuteAsync(IEnumerable`1 commandBatches, IRelationalConnection connection, CancellationToken cancellationToken)
   at Microsoft.EntityFrameworkCore.Update.Internal.BatchExecutor.ExecuteAsync(IEnumerable`1 commandBatches, IRelationalConnection connection, CancellationToken cancellationToken)
   at Microsoft.EntityFrameworkCore.Update.Internal.BatchExecutor.ExecuteAsync(IEnumerable`1 commandBatches, IRelationalConnection connection, CancellationToken cancellationToken)
   at Microsoft.EntityFrameworkCore.Storage.RelationalDatabase.SaveChangesAsync(IList`1 entries, CancellationToken cancellationToken)
   at Microsoft.EntityFrameworkCore.ChangeTracking.Internal.StateManager.SaveChangesAsync(IList`1 entriesToSave, CancellationToken cancellationToken)
   at Microsoft.EntityFrameworkCore.ChangeTracking.Internal.StateManager.SaveChangesAsync(StateManager stateManager, Boolean acceptAllChangesOnSuccess, CancellationToken cancellationToken)
   at Microsoft.EntityFrameworkCore.SqlServer.Storage.Internal.SqlServerExecutionStrategy.ExecuteAsync[TState,TResult](TState state, Func`4 operation, Func`4 verifySucceeded, CancellationToken cancellationToken)
   at Microsoft.EntityFrameworkCore.DbContext.SaveChangesAsync(Boolean acceptAllChangesOnSuccess, CancellationToken cancellationToken)
2026-08-14 09:23:39.965 +03:00 [INF] Executing BadRequestObjectResult, writing value of type '<>f__AnonymousType2`2[[System.String, System.Private.CoreLib, Version=10.0.0.0, Culture=neutral, PublicKeyToken=7cec85d7bea7798e],[System.String, System.Private.CoreLib, Version=10.0.0.0, Culture=neutral, PublicKeyToken=7cec85d7bea7798e]]'.
2026-08-14 09:23:39.965 +03:00 [INF] Executed action ECommerceManagement.Api.Controllers.CatalogController.SyncProducts (ECommerceManagement.Api) in 115.8069ms
2026-08-14 09:23:39.966 +03:00 [INF] Executed endpoint 'ECommerceManagement.Api.Controllers.CatalogController.SyncProducts (ECommerceManagement.Api)'
2026-08-14 09:23:39.966 +03:00 [INF] HTTP POST /api/Catalog/sync responded 400 in 116.5314 ms
2026-08-14 09:23:39.966 +03:00 [INF] Request finished HTTP/1.1 POST http://localhost:5275/api/Catalog/sync - 400 null application/json; charset=utf-8 116.9292ms
2026-08-14 09:23:47.777 +03:00 [INF] Request starting HTTP/1.1 GET http://localhost:5275/api/Catalog/products - null null
2026-08-14 09:23:47.778 +03:00 [INF] Executing endpoint 'ECommerceManagement.Api.Controllers.CatalogController.GetActiveProducts (ECommerceManagement.Api)'
2026-08-14 09:23:47.778 +03:00 [INF] Route matched with {action = "GetActiveProducts", controller = "Catalog"}. Executing controller action with signature System.Threading.Tasks.Task`1[Microsoft.AspNetCore.Mvc.ActionResult`1[ECommerceManagement.Application.Common.PagedResultDto`1[ECommerceManagement.Application.DTOs.Catalog.ProductDto]]] GetActiveProducts(ECommerceManagement.Application.Common.ProductFilterDto) on controller ECommerceManagement.Api.Controllers.CatalogController (ECommerceManagement.Api).
2026-08-14 09:23:47.781 +03:00 [INF] Executed DbCommand (2ms) [Parameters=[], CommandType='"Text"', CommandTimeout='30']
SELECT COUNT(*)
FROM [Products] AS [p]
WHERE [p].[IsActive] = CAST(1 AS bit)
2026-08-14 09:23:47.784 +03:00 [INF] Executed DbCommand (2ms) [Parameters=[@p='?' (DbType = Int32), @p1='?' (DbType = Int32)], CommandType='"Text"', CommandTimeout='30']
SELECT [p0].[Id], [p0].[CategoryId], [p0].[CreatedAt], [p0].[IsActive], [p0].[Name], [p0].[Price], [p0].[Quantity], [p0].[SellerId], [p0].[Sku], [p0].[SysmondStockId], [p0].[UpdatedAt], [p0].[WarehouseId], [c].[Id], [c].[CreatedAt], [c].[Name], [c].[ParentCategoryId], [s].[Id], [s].[CompanyName], [s].[ContactEmail], [s].[CreatedAt], [s].[TaxNumber], [s].[UserId], [w].[Id], [w].[CreatedAt], [w].[IsActive], [w].[Location], [w].[Name], [w].[SysmondId]
FROM (
    SELECT [p].[Id], [p].[CategoryId], [p].[CreatedAt], [p].[IsActive], [p].[Name], [p].[Price], [p].[Quantity], [p].[SellerId], [p].[Sku], [p].[SysmondStockId], [p].[UpdatedAt], [p].[WarehouseId]
    FROM [Products] AS [p]
    WHERE [p].[IsActive] = CAST(1 AS bit)
    ORDER BY [p].[CreatedAt] DESC
    OFFSET @p ROWS FETCH NEXT @p1 ROWS ONLY
) AS [p0]
INNER JOIN [Categories] AS [c] ON [p0].[CategoryId] = [c].[Id]
INNER JOIN [Sellers] AS [s] ON [p0].[SellerId] = [s].[Id]
INNER JOIN [Warehouses] AS [w] ON [p0].[WarehouseId] = [w].[Id]
ORDER BY [p0].[CreatedAt] DESC
2026-08-14 09:23:47.785 +03:00 [INF] Executing OkObjectResult, writing value of type 'ECommerceManagement.Application.Common.PagedResultDto`1[[ECommerceManagement.Application.DTOs.Catalog.ProductDto, ECommerceManagement.Application, Version=1.0.0.0, Culture=neutral, PublicKeyToken=null]]'.
2026-08-14 09:23:47.786 +03:00 [INF] Executed action ECommerceManagement.Api.Controllers.CatalogController.GetActiveProducts (ECommerceManagement.Api) in 7.8388ms
2026-08-14 09:23:47.786 +03:00 [INF] Executed endpoint 'ECommerceManagement.Api.Controllers.CatalogController.GetActiveProducts (ECommerceManagement.Api)'
2026-08-14 09:23:47.786 +03:00 [INF] HTTP GET /api/Catalog/products responded 200 in 8.4946 ms
2026-08-14 09:23:47.786 +03:00 [INF] Request finished HTTP/1.1 GET http://localhost:5275/api/Catalog/products - 200 null application/json; charset=utf-8 8.9849ms
2026-08-14 09:24:00.632 +03:00 [INF] Request starting HTTP/1.1 GET http://localhost:5275/api/Seller/products?sellerId=1 - null null
2026-08-14 09:24:00.632 +03:00 [INF] Executing endpoint 'ECommerceManagement.Api.Controllers.SellerController.GetMyProducts (ECommerceManagement.Api)'
2026-08-14 09:24:00.632 +03:00 [INF] Route matched with {action = "GetMyProducts", controller = "Seller"}. Executing controller action with signature System.Threading.Tasks.Task`1[Microsoft.AspNetCore.Mvc.IActionResult] GetMyProducts(Int32) on controller ECommerceManagement.Api.Controllers.SellerController (ECommerceManagement.Api).
2026-08-14 09:24:00.636 +03:00 [INF] Executed DbCommand (2ms) [Parameters=[@sellerId='?' (DbType = Int32)], CommandType='"Text"', CommandTimeout='30']
SELECT [p].[Id], [p].[CategoryId], [p].[CreatedAt], [p].[IsActive], [p].[Name], [p].[Price], [p].[Quantity], [p].[SellerId], [p].[Sku], [p].[SysmondStockId], [p].[UpdatedAt], [p].[WarehouseId]
FROM [Products] AS [p]
WHERE [p].[SellerId] = @sellerId
2026-08-14 09:24:00.636 +03:00 [INF] Executing OkObjectResult, writing value of type 'System.Collections.Generic.List`1[[ECommerceManagement.Application.DTOs.Catalog.SellerProductDto, ECommerceManagement.Application, Version=1.0.0.0, Culture=neutral, PublicKeyToken=null]]'.
2026-08-14 09:24:00.636 +03:00 [INF] Executed action ECommerceManagement.Api.Controllers.SellerController.GetMyProducts (ECommerceManagement.Api) in 3.817ms
2026-08-14 09:24:00.636 +03:00 [INF] Executed endpoint 'ECommerceManagement.Api.Controllers.SellerController.GetMyProducts (ECommerceManagement.Api)'
2026-08-14 09:24:00.636 +03:00 [INF] HTTP GET /api/Seller/products responded 200 in 4.5220 ms
2026-08-14 09:24:00.637 +03:00 [INF] Request finished HTTP/1.1 GET http://localhost:5275/api/Seller/products?sellerId=1 - 200 null application/json; charset=utf-8 4.8987ms
2026-08-14 09:25:08.739 +03:00 [INF] Request starting HTTP/1.1 DELETE http://localhost:5275/api/Seller/products?id=13 - null 0
2026-08-14 09:25:08.745 +03:00 [INF] Executing endpoint 'ECommerceManagement.Api.Controllers.SellerController.DeleteProduct (ECommerceManagement.Api)'
2026-08-14 09:25:08.745 +03:00 [INF] Route matched with {action = "DeleteProduct", controller = "Seller"}. Executing controller action with signature System.Threading.Tasks.Task`1[Microsoft.AspNetCore.Mvc.IActionResult] DeleteProduct(Int32) on controller ECommerceManagement.Api.Controllers.SellerController (ECommerceManagement.Api).
2026-08-14 09:25:08.764 +03:00 [INF] Executed DbCommand (6ms) [Parameters=[@p='?' (DbType = Int32)], CommandType='"Text"', CommandTimeout='30']
SELECT TOP(1) [p].[Id], [p].[CategoryId], [p].[CreatedAt], [p].[IsActive], [p].[Name], [p].[Price], [p].[Quantity], [p].[SellerId], [p].[Sku], [p].[SysmondStockId], [p].[UpdatedAt], [p].[WarehouseId]
FROM [Products] AS [p]
WHERE [p].[Id] = @p
2026-08-14 09:25:09.043 +03:00 [INF] Executed DbCommand (50ms) [Parameters=[@p0='?' (DbType = Int32)], CommandType='"Text"', CommandTimeout='30']
SET IMPLICIT_TRANSACTIONS OFF;
SET NOCOUNT ON;
DELETE FROM [Products]
OUTPUT 1
WHERE [Id] = @p0;
2026-08-14 09:25:09.051 +03:00 [INF] Executing OkObjectResult, writing value of type '<>f__AnonymousType0`1[[System.String, System.Private.CoreLib, Version=10.0.0.0, Culture=neutral, PublicKeyToken=7cec85d7bea7798e]]'.
2026-08-14 09:25:09.056 +03:00 [INF] Executed action ECommerceManagement.Api.Controllers.SellerController.DeleteProduct (ECommerceManagement.Api) in 310.1772ms
2026-08-14 09:25:09.056 +03:00 [INF] Executed endpoint 'ECommerceManagement.Api.Controllers.SellerController.DeleteProduct (ECommerceManagement.Api)'
2026-08-14 09:25:09.056 +03:00 [INF] HTTP DELETE /api/Seller/products responded 200 in 314.9435 ms
2026-08-14 09:25:09.057 +03:00 [INF] Request finished HTTP/1.1 DELETE http://localhost:5275/api/Seller/products?id=13 - 200 null application/json; charset=utf-8 317.578ms
2026-08-14 09:26:30.383 +03:00 [INF] Request starting HTTP/1.1 POST http://localhost:5275/api/Catalog/sync - null 0
2026-08-14 09:26:30.391 +03:00 [INF] Executing endpoint 'ECommerceManagement.Api.Controllers.CatalogController.SyncProducts (ECommerceManagement.Api)'
2026-08-14 09:26:30.391 +03:00 [INF] Route matched with {action = "SyncProducts", controller = "Catalog"}. Executing controller action with signature System.Threading.Tasks.Task`1[Microsoft.AspNetCore.Mvc.IActionResult] SyncProducts() on controller ECommerceManagement.Api.Controllers.CatalogController (ECommerceManagement.Api).
2026-08-14 09:26:31.042 +03:00 [INF] Executed DbCommand (10ms) [Parameters=[], CommandType='"Text"', CommandTimeout='30']
SELECT [p].[Id], [p].[CategoryId], [p].[CreatedAt], [p].[IsActive], [p].[Name], [p].[Price], [p].[Quantity], [p].[SellerId], [p].[Sku], [p].[SysmondStockId], [p].[UpdatedAt], [p].[WarehouseId]
FROM [Products] AS [p]
2026-08-14 09:26:31.046 +03:00 [INF] Executed DbCommand (2ms) [Parameters=[], CommandType='"Text"', CommandTimeout='30']
SELECT [w].[Id], [w].[CreatedAt], [w].[IsActive], [w].[Location], [w].[Name], [w].[SysmondId]
FROM [Warehouses] AS [w]
2026-08-14 09:26:31.092 +03:00 [INF] Executed DbCommand (40ms) [Parameters=[@p11='?' (DbType = Int32), @p0='?' (DbType = Int32), @p1='?' (DbType = DateTime2), @p2='?' (DbType = Boolean), @p3='?' (Size = 4000), @p4='?' (Precision = 18) (Scale = 2) (DbType = Decimal), @p5='?' (DbType = Int32), @p6='?' (DbType = Int32), @p7='?' (Size = 4000), @p8='?' (DbType = Guid), @p9='?' (DbType = DateTime2), @p10='?' (DbType = Int32), @p23='?' (DbType = Int32), @p12='?' (DbType = Int32), @p13='?' (DbType = DateTime2), @p14='?' (DbType = Boolean), @p15='?' (Size = 4000), @p16='?' (Precision = 18) (Scale = 2) (DbType = Decimal), @p17='?' (DbType = Int32), @p18='?' (DbType = Int32), @p19='?' (Size = 4000), @p20='?' (DbType = Guid), @p21='?' (DbType = DateTime2), @p22='?' (DbType = Int32), @p35='?' (DbType = Int32), @p24='?' (DbType = Int32), @p25='?' (DbType = DateTime2), @p26='?' (DbType = Boolean), @p27='?' (Size = 4000), @p28='?' (Precision = 18) (Scale = 2) (DbType = Decimal), @p29='?' (DbType = Int32), @p30='?' (DbType = Int32), @p31='?' (Size = 4000), @p32='?' (DbType = Guid), @p33='?' (DbType = DateTime2), @p34='?' (DbType = Int32), @p47='?' (DbType = Int32), @p36='?' (DbType = Int32), @p37='?' (DbType = DateTime2), @p38='?' (DbType = Boolean), @p39='?' (Size = 4000), @p40='?' (Precision = 18) (Scale = 2) (DbType = Decimal), @p41='?' (DbType = Int32), @p42='?' (DbType = Int32), @p43='?' (Size = 4000), @p44='?' (DbType = Guid), @p45='?' (DbType = DateTime2), @p46='?' (DbType = Int32), @p59='?' (DbType = Int32), @p48='?' (DbType = Int32), @p49='?' (DbType = DateTime2), @p50='?' (DbType = Boolean), @p51='?' (Size = 4000), @p52='?' (Precision = 18) (Scale = 2) (DbType = Decimal), @p53='?' (DbType = Int32), @p54='?' (DbType = Int32), @p55='?' (Size = 4000), @p56='?' (DbType = Guid), @p57='?' (DbType = DateTime2), @p58='?' (DbType = Int32), @p71='?' (DbType = Int32), @p60='?' (DbType = Int32), @p61='?' (DbType = DateTime2), @p62='?' (DbType = Boolean), @p63='?' (Size = 4000), @p64='?' (Precision = 18) (Scale = 2) (DbType = Decimal), @p65='?' (DbType = Int32), @p66='?' (DbType = Int32), @p67='?' (Size = 4000), @p68='?' (DbType = Guid), @p69='?' (DbType = DateTime2), @p70='?' (DbType = Int32), @p72='?' (DbType = Int32), @p73='?' (DbType = DateTime2), @p74='?' (DbType = Boolean), @p75='?' (Size = 4000), @p76='?' (Precision = 18) (Scale = 2) (DbType = Decimal), @p77='?' (DbType = Int32), @p78='?' (DbType = Int32), @p79='?' (Size = 4000), @p80='?' (DbType = Guid), @p81='?' (DbType = DateTime2), @p82='?' (DbType = Int32)], CommandType='"Text"', CommandTimeout='30']
SET NOCOUNT ON;
UPDATE [Products] SET [CategoryId] = @p0, [CreatedAt] = @p1, [IsActive] = @p2, [Name] = @p3, [Price] = @p4, [Quantity] = @p5, [SellerId] = @p6, [Sku] = @p7, [SysmondStockId] = @p8, [UpdatedAt] = @p9, [WarehouseId] = @p10
OUTPUT 1
WHERE [Id] = @p11;
UPDATE [Products] SET [CategoryId] = @p12, [CreatedAt] = @p13, [IsActive] = @p14, [Name] = @p15, [Price] = @p16, [Quantity] = @p17, [SellerId] = @p18, [Sku] = @p19, [SysmondStockId] = @p20, [UpdatedAt] = @p21, [WarehouseId] = @p22
OUTPUT 1
WHERE [Id] = @p23;
UPDATE [Products] SET [CategoryId] = @p24, [CreatedAt] = @p25, [IsActive] = @p26, [Name] = @p27, [Price] = @p28, [Quantity] = @p29, [SellerId] = @p30, [Sku] = @p31, [SysmondStockId] = @p32, [UpdatedAt] = @p33, [WarehouseId] = @p34
OUTPUT 1
WHERE [Id] = @p35;
UPDATE [Products] SET [CategoryId] = @p36, [CreatedAt] = @p37, [IsActive] = @p38, [Name] = @p39, [Price] = @p40, [Quantity] = @p41, [SellerId] = @p42, [Sku] = @p43, [SysmondStockId] = @p44, [UpdatedAt] = @p45, [WarehouseId] = @p46
OUTPUT 1
WHERE [Id] = @p47;
UPDATE [Products] SET [CategoryId] = @p48, [CreatedAt] = @p49, [IsActive] = @p50, [Name] = @p51, [Price] = @p52, [Quantity] = @p53, [SellerId] = @p54, [Sku] = @p55, [SysmondStockId] = @p56, [UpdatedAt] = @p57, [WarehouseId] = @p58
OUTPUT 1
WHERE [Id] = @p59;
UPDATE [Products] SET [CategoryId] = @p60, [CreatedAt] = @p61, [IsActive] = @p62, [Name] = @p63, [Price] = @p64, [Quantity] = @p65, [SellerId] = @p66, [Sku] = @p67, [SysmondStockId] = @p68, [UpdatedAt] = @p69, [WarehouseId] = @p70
OUTPUT 1
WHERE [Id] = @p71;
INSERT INTO [Products] ([CategoryId], [CreatedAt], [IsActive], [Name], [Price], [Quantity], [SellerId], [Sku], [SysmondStockId], [UpdatedAt], [WarehouseId])
OUTPUT INSERTED.[Id]
VALUES (@p72, @p73, @p74, @p75, @p76, @p77, @p78, @p79, @p80, @p81, @p82);
2026-08-14 09:26:31.098 +03:00 [ERR] An exception occurred in the database while saving changes for context type 'ECommerceManagement.Repository.Context.ECommerceDbContext'.
Microsoft.EntityFrameworkCore.DbUpdateException: An error occurred while saving the entity changes. See the inner exception for details.
 ---> Microsoft.Data.SqlClient.SqlException (0x80131904): The INSERT statement conflicted with the FOREIGN KEY constraint "FK_Products_Categories_CategoryId". The conflict occurred in database "ECommerceDb", table "dbo.Categories", column 'Id'.
   at Microsoft.Data.SqlClient.SqlConnection.OnError(SqlException exception, Boolean breakConnection, Action`1 wrapCloseInAction)
   at Microsoft.Data.SqlClient.SqlInternalConnection.OnError(SqlException exception, Boolean breakConnection, Action`1 wrapCloseInAction)
   at Microsoft.Data.SqlClient.TdsParser.ThrowExceptionAndWarning(TdsParserStateObject stateObj, SqlCommand command, Boolean callerHasConnectionLock, Boolean asyncClose)
   at Microsoft.Data.SqlClient.TdsParser.TryRun(RunBehavior runBehavior, SqlCommand cmdHandler, SqlDataReader dataStream, BulkCopySimpleResultSet bulkCopyHandler, TdsParserStateObject stateObj, Boolean& dataReady)
   at Microsoft.Data.SqlClient.SqlDataReader.TryHasMoreRows(Boolean& moreRows)
   at Microsoft.Data.SqlClient.SqlDataReader.TryReadInternal(Boolean setTimeout, Boolean& more)
   at Microsoft.Data.SqlClient.SqlDataReader.ReadAsyncExecute(Task task, Object state)
   at Microsoft.Data.SqlClient.SqlDataReader.InvokeAsyncCall[T](SqlDataReaderBaseAsyncCallContext`1 context)
--- End of stack trace from previous location ---
   at Microsoft.EntityFrameworkCore.Update.AffectedCountModificationCommandBatch.ConsumeResultSetAsync(Int32 startCommandIndex, RelationalDataReader reader, CancellationToken cancellationToken)
ClientConnectionId:ddb4e2a1-742f-44bd-a107-e13afc11847e
Hata Numarası: 547,Durum: 0,Sınıf:16
   --- End of inner exception stack trace ---
   at Microsoft.EntityFrameworkCore.Update.AffectedCountModificationCommandBatch.ConsumeResultSetAsync(Int32 startCommandIndex, RelationalDataReader reader, CancellationToken cancellationToken)
   at Microsoft.EntityFrameworkCore.Update.AffectedCountModificationCommandBatch.ConsumeAsync(RelationalDataReader reader, CancellationToken cancellationToken)
   at Microsoft.EntityFrameworkCore.Update.ReaderModificationCommandBatch.ExecuteAsync(IRelationalConnection connection, CancellationToken cancellationToken)
   at Microsoft.EntityFrameworkCore.Update.ReaderModificationCommandBatch.ExecuteAsync(IRelationalConnection connection, CancellationToken cancellationToken)
   at Microsoft.EntityFrameworkCore.SqlServer.Update.Internal.SqlServerModificationCommandBatch.ExecuteAsync(IRelationalConnection connection, CancellationToken cancellationToken)
   at Microsoft.EntityFrameworkCore.Update.Internal.BatchExecutor.ExecuteAsync(IEnumerable`1 commandBatches, IRelationalConnection connection, CancellationToken cancellationToken)
   at Microsoft.EntityFrameworkCore.Update.Internal.BatchExecutor.ExecuteAsync(IEnumerable`1 commandBatches, IRelationalConnection connection, CancellationToken cancellationToken)
   at Microsoft.EntityFrameworkCore.Update.Internal.BatchExecutor.ExecuteAsync(IEnumerable`1 commandBatches, IRelationalConnection connection, CancellationToken cancellationToken)
   at Microsoft.EntityFrameworkCore.Storage.RelationalDatabase.SaveChangesAsync(IList`1 entries, CancellationToken cancellationToken)
   at Microsoft.EntityFrameworkCore.ChangeTracking.Internal.StateManager.SaveChangesAsync(IList`1 entriesToSave, CancellationToken cancellationToken)
   at Microsoft.EntityFrameworkCore.ChangeTracking.Internal.StateManager.SaveChangesAsync(StateManager stateManager, Boolean acceptAllChangesOnSuccess, CancellationToken cancellationToken)
   at Microsoft.EntityFrameworkCore.SqlServer.Storage.Internal.SqlServerExecutionStrategy.ExecuteAsync[TState,TResult](TState state, Func`4 operation, Func`4 verifySucceeded, CancellationToken cancellationToken)
   at Microsoft.EntityFrameworkCore.DbContext.SaveChangesAsync(Boolean acceptAllChangesOnSuccess, CancellationToken cancellationToken)
Microsoft.EntityFrameworkCore.DbUpdateException: An error occurred while saving the entity changes. See the inner exception for details.
 ---> Microsoft.Data.SqlClient.SqlException (0x80131904): The INSERT statement conflicted with the FOREIGN KEY constraint "FK_Products_Categories_CategoryId". The conflict occurred in database "ECommerceDb", table "dbo.Categories", column 'Id'.
   at Microsoft.Data.SqlClient.SqlConnection.OnError(SqlException exception, Boolean breakConnection, Action`1 wrapCloseInAction)
   at Microsoft.Data.SqlClient.SqlInternalConnection.OnError(SqlException exception, Boolean breakConnection, Action`1 wrapCloseInAction)
   at Microsoft.Data.SqlClient.TdsParser.ThrowExceptionAndWarning(TdsParserStateObject stateObj, SqlCommand command, Boolean callerHasConnectionLock, Boolean asyncClose)
   at Microsoft.Data.SqlClient.TdsParser.TryRun(RunBehavior runBehavior, SqlCommand cmdHandler, SqlDataReader dataStream, BulkCopySimpleResultSet bulkCopyHandler, TdsParserStateObject stateObj, Boolean& dataReady)
   at Microsoft.Data.SqlClient.SqlDataReader.TryHasMoreRows(Boolean& moreRows)
   at Microsoft.Data.SqlClient.SqlDataReader.TryReadInternal(Boolean setTimeout, Boolean& more)
   at Microsoft.Data.SqlClient.SqlDataReader.ReadAsyncExecute(Task task, Object state)
   at Microsoft.Data.SqlClient.SqlDataReader.InvokeAsyncCall[T](SqlDataReaderBaseAsyncCallContext`1 context)
--- End of stack trace from previous location ---
   at Microsoft.EntityFrameworkCore.Update.AffectedCountModificationCommandBatch.ConsumeResultSetAsync(Int32 startCommandIndex, RelationalDataReader reader, CancellationToken cancellationToken)
ClientConnectionId:ddb4e2a1-742f-44bd-a107-e13afc11847e
Hata Numarası: 547,Durum: 0,Sınıf:16
   --- End of inner exception stack trace ---
   at Microsoft.EntityFrameworkCore.Update.AffectedCountModificationCommandBatch.ConsumeResultSetAsync(Int32 startCommandIndex, RelationalDataReader reader, CancellationToken cancellationToken)
   at Microsoft.EntityFrameworkCore.Update.AffectedCountModificationCommandBatch.ConsumeAsync(RelationalDataReader reader, CancellationToken cancellationToken)
   at Microsoft.EntityFrameworkCore.Update.ReaderModificationCommandBatch.ExecuteAsync(IRelationalConnection connection, CancellationToken cancellationToken)
   at Microsoft.EntityFrameworkCore.Update.ReaderModificationCommandBatch.ExecuteAsync(IRelationalConnection connection, CancellationToken cancellationToken)
   at Microsoft.EntityFrameworkCore.SqlServer.Update.Internal.SqlServerModificationCommandBatch.ExecuteAsync(IRelationalConnection connection, CancellationToken cancellationToken)
   at Microsoft.EntityFrameworkCore.Update.Internal.BatchExecutor.ExecuteAsync(IEnumerable`1 commandBatches, IRelationalConnection connection, CancellationToken cancellationToken)
   at Microsoft.EntityFrameworkCore.Update.Internal.BatchExecutor.ExecuteAsync(IEnumerable`1 commandBatches, IRelationalConnection connection, CancellationToken cancellationToken)
   at Microsoft.EntityFrameworkCore.Update.Internal.BatchExecutor.ExecuteAsync(IEnumerable`1 commandBatches, IRelationalConnection connection, CancellationToken cancellationToken)
   at Microsoft.EntityFrameworkCore.Storage.RelationalDatabase.SaveChangesAsync(IList`1 entries, CancellationToken cancellationToken)
   at Microsoft.EntityFrameworkCore.ChangeTracking.Internal.StateManager.SaveChangesAsync(IList`1 entriesToSave, CancellationToken cancellationToken)
   at Microsoft.EntityFrameworkCore.ChangeTracking.Internal.StateManager.SaveChangesAsync(StateManager stateManager, Boolean acceptAllChangesOnSuccess, CancellationToken cancellationToken)
   at Microsoft.EntityFrameworkCore.SqlServer.Storage.Internal.SqlServerExecutionStrategy.ExecuteAsync[TState,TResult](TState state, Func`4 operation, Func`4 verifySucceeded, CancellationToken cancellationToken)
   at Microsoft.EntityFrameworkCore.DbContext.SaveChangesAsync(Boolean acceptAllChangesOnSuccess, CancellationToken cancellationToken)
2026-08-14 09:26:31.101 +03:00 [INF] Executing BadRequestObjectResult, writing value of type '<>f__AnonymousType2`2[[System.String, System.Private.CoreLib, Version=10.0.0.0, Culture=neutral, PublicKeyToken=7cec85d7bea7798e],[System.String, System.Private.CoreLib, Version=10.0.0.0, Culture=neutral, PublicKeyToken=7cec85d7bea7798e]]'.
2026-08-14 09:26:31.102 +03:00 [INF] Executed action ECommerceManagement.Api.Controllers.CatalogController.SyncProducts (ECommerceManagement.Api) in 710.5157ms
2026-08-14 09:26:31.102 +03:00 [INF] Executed endpoint 'ECommerceManagement.Api.Controllers.CatalogController.SyncProducts (ECommerceManagement.Api)'
2026-08-14 09:26:31.102 +03:00 [INF] HTTP POST /api/Catalog/sync responded 400 in 717.7185 ms
2026-08-14 09:26:31.103 +03:00 [INF] Request finished HTTP/1.1 POST http://localhost:5275/api/Catalog/sync - 400 null application/json; charset=utf-8 719.3382ms
2026-08-14 09:29:32.462 +03:00 [INF] Application is shutting down...
2026-08-14 09:29:36.021 +03:00 [INF] Executed DbCommand (13ms) [Parameters=[], CommandType='"Text"', CommandTimeout='30']
SELECT CASE
    WHEN EXISTS (
        SELECT 1
        FROM [Users] AS [u]
        WHERE [u].[Email] = N'superadmin@sistem.com') THEN CAST(1 AS bit)
    ELSE CAST(0 AS bit)
END
2026-08-14 09:29:36.042 +03:00 [INF] Executed DbCommand (2ms) [Parameters=[], CommandType='"Text"', CommandTimeout='30']
SELECT CASE
    WHEN EXISTS (
        SELECT 1
        FROM [Users] AS [u]
        WHERE [u].[Email] = N'admin@sistem.com') THEN CAST(1 AS bit)
    ELSE CAST(0 AS bit)
END
2026-08-14 09:29:36.045 +03:00 [INF] User profile is available. Using '/Users/yigit/.aspnet/DataProtection-Keys' as key repository; keys will not be encrypted at rest.
2026-08-14 09:29:36.067 +03:00 [INF] Now listening on: http://localhost:5275
2026-08-14 09:29:36.068 +03:00 [INF] Application started. Press Ctrl+C to shut down.
2026-08-14 09:29:36.068 +03:00 [INF] Hosting environment: Development
2026-08-14 09:29:36.068 +03:00 [INF] Content root path: /Users/yigit/RiderProjects/ECommerceManagement/src/ECommerceManagement.Api
2026-08-14 09:29:44.288 +03:00 [INF] Request starting HTTP/1.1 POST http://localhost:5275/api/Catalog/sync - null 0
2026-08-14 09:29:44.312 +03:00 [WRN] Failed to determine the https port for redirect.
2026-08-14 09:29:44.344 +03:00 [INF] Executing endpoint 'ECommerceManagement.Api.Controllers.CatalogController.SyncProducts (ECommerceManagement.Api)'
2026-08-14 09:29:44.348 +03:00 [INF] Route matched with {action = "SyncProducts", controller = "Catalog"}. Executing controller action with signature System.Threading.Tasks.Task`1[Microsoft.AspNetCore.Mvc.IActionResult] SyncProducts() on controller ECommerceManagement.Api.Controllers.CatalogController (ECommerceManagement.Api).
2026-08-14 09:29:44.373 +03:00 [WRN] You do not have a valid license key for the Lucky Penny software AutoMapper. This is allowed for development and testing scenarios. If you are running in production you are required to have a licensed version. Please visit https://luckypennysoftware.com to obtain a valid license.
2026-08-14 09:29:44.927 +03:00 [INF] Executed DbCommand (8ms) [Parameters=[], CommandType='"Text"', CommandTimeout='30']
SELECT [p].[Id], [p].[CategoryId], [p].[CreatedAt], [p].[IsActive], [p].[Name], [p].[Price], [p].[Quantity], [p].[SellerId], [p].[Sku], [p].[SysmondStockId], [p].[UpdatedAt], [p].[WarehouseId]
FROM [Products] AS [p]
2026-08-14 09:29:44.962 +03:00 [INF] Executed DbCommand (4ms) [Parameters=[], CommandType='"Text"', CommandTimeout='30']
SELECT [w].[Id], [w].[CreatedAt], [w].[IsActive], [w].[Location], [w].[Name], [w].[SysmondId]
FROM [Warehouses] AS [w]
2026-08-14 09:29:45.035 +03:00 [INF] Executed DbCommand (19ms) [Parameters=[@p11='?' (DbType = Int32), @p0='?' (DbType = Int32), @p1='?' (DbType = DateTime2), @p2='?' (DbType = Boolean), @p3='?' (Size = 4000), @p4='?' (Precision = 18) (Scale = 2) (DbType = Decimal), @p5='?' (DbType = Int32), @p6='?' (DbType = Int32), @p7='?' (Size = 4000), @p8='?' (DbType = Guid), @p9='?' (DbType = DateTime2), @p10='?' (DbType = Int32), @p23='?' (DbType = Int32), @p12='?' (DbType = Int32), @p13='?' (DbType = DateTime2), @p14='?' (DbType = Boolean), @p15='?' (Size = 4000), @p16='?' (Precision = 18) (Scale = 2) (DbType = Decimal), @p17='?' (DbType = Int32), @p18='?' (DbType = Int32), @p19='?' (Size = 4000), @p20='?' (DbType = Guid), @p21='?' (DbType = DateTime2), @p22='?' (DbType = Int32), @p35='?' (DbType = Int32), @p24='?' (DbType = Int32), @p25='?' (DbType = DateTime2), @p26='?' (DbType = Boolean), @p27='?' (Size = 4000), @p28='?' (Precision = 18) (Scale = 2) (DbType = Decimal), @p29='?' (DbType = Int32), @p30='?' (DbType = Int32), @p31='?' (Size = 4000), @p32='?' (DbType = Guid), @p33='?' (DbType = DateTime2), @p34='?' (DbType = Int32), @p47='?' (DbType = Int32), @p36='?' (DbType = Int32), @p37='?' (DbType = DateTime2), @p38='?' (DbType = Boolean), @p39='?' (Size = 4000), @p40='?' (Precision = 18) (Scale = 2) (DbType = Decimal), @p41='?' (DbType = Int32), @p42='?' (DbType = Int32), @p43='?' (Size = 4000), @p44='?' (DbType = Guid), @p45='?' (DbType = DateTime2), @p46='?' (DbType = Int32), @p59='?' (DbType = Int32), @p48='?' (DbType = Int32), @p49='?' (DbType = DateTime2), @p50='?' (DbType = Boolean), @p51='?' (Size = 4000), @p52='?' (Precision = 18) (Scale = 2) (DbType = Decimal), @p53='?' (DbType = Int32), @p54='?' (DbType = Int32), @p55='?' (Size = 4000), @p56='?' (DbType = Guid), @p57='?' (DbType = DateTime2), @p58='?' (DbType = Int32), @p71='?' (DbType = Int32), @p60='?' (DbType = Int32), @p61='?' (DbType = DateTime2), @p62='?' (DbType = Boolean), @p63='?' (Size = 4000), @p64='?' (Precision = 18) (Scale = 2) (DbType = Decimal), @p65='?' (DbType = Int32), @p66='?' (DbType = Int32), @p67='?' (Size = 4000), @p68='?' (DbType = Guid), @p69='?' (DbType = DateTime2), @p70='?' (DbType = Int32), @p72='?' (DbType = Int32), @p73='?' (DbType = DateTime2), @p74='?' (DbType = Boolean), @p75='?' (Size = 4000), @p76='?' (Precision = 18) (Scale = 2) (DbType = Decimal), @p77='?' (DbType = Int32), @p78='?' (DbType = Int32), @p79='?' (Size = 4000), @p80='?' (DbType = Guid), @p81='?' (DbType = DateTime2), @p82='?' (DbType = Int32)], CommandType='"Text"', CommandTimeout='30']
SET NOCOUNT ON;
UPDATE [Products] SET [CategoryId] = @p0, [CreatedAt] = @p1, [IsActive] = @p2, [Name] = @p3, [Price] = @p4, [Quantity] = @p5, [SellerId] = @p6, [Sku] = @p7, [SysmondStockId] = @p8, [UpdatedAt] = @p9, [WarehouseId] = @p10
OUTPUT 1
WHERE [Id] = @p11;
UPDATE [Products] SET [CategoryId] = @p12, [CreatedAt] = @p13, [IsActive] = @p14, [Name] = @p15, [Price] = @p16, [Quantity] = @p17, [SellerId] = @p18, [Sku] = @p19, [SysmondStockId] = @p20, [UpdatedAt] = @p21, [WarehouseId] = @p22
OUTPUT 1
WHERE [Id] = @p23;
UPDATE [Products] SET [CategoryId] = @p24, [CreatedAt] = @p25, [IsActive] = @p26, [Name] = @p27, [Price] = @p28, [Quantity] = @p29, [SellerId] = @p30, [Sku] = @p31, [SysmondStockId] = @p32, [UpdatedAt] = @p33, [WarehouseId] = @p34
OUTPUT 1
WHERE [Id] = @p35;
UPDATE [Products] SET [CategoryId] = @p36, [CreatedAt] = @p37, [IsActive] = @p38, [Name] = @p39, [Price] = @p40, [Quantity] = @p41, [SellerId] = @p42, [Sku] = @p43, [SysmondStockId] = @p44, [UpdatedAt] = @p45, [WarehouseId] = @p46
OUTPUT 1
WHERE [Id] = @p47;
UPDATE [Products] SET [CategoryId] = @p48, [CreatedAt] = @p49, [IsActive] = @p50, [Name] = @p51, [Price] = @p52, [Quantity] = @p53, [SellerId] = @p54, [Sku] = @p55, [SysmondStockId] = @p56, [UpdatedAt] = @p57, [WarehouseId] = @p58
OUTPUT 1
WHERE [Id] = @p59;
UPDATE [Products] SET [CategoryId] = @p60, [CreatedAt] = @p61, [IsActive] = @p62, [Name] = @p63, [Price] = @p64, [Quantity] = @p65, [SellerId] = @p66, [Sku] = @p67, [SysmondStockId] = @p68, [UpdatedAt] = @p69, [WarehouseId] = @p70
OUTPUT 1
WHERE [Id] = @p71;
INSERT INTO [Products] ([CategoryId], [CreatedAt], [IsActive], [Name], [Price], [Quantity], [SellerId], [Sku], [SysmondStockId], [UpdatedAt], [WarehouseId])
OUTPUT INSERTED.[Id]
VALUES (@p72, @p73, @p74, @p75, @p76, @p77, @p78, @p79, @p80, @p81, @p82);
2026-08-14 09:29:45.052 +03:00 [INF] Executing OkObjectResult, writing value of type '<>f__AnonymousType1`1[[System.String, System.Private.CoreLib, Version=10.0.0.0, Culture=neutral, PublicKeyToken=7cec85d7bea7798e]]'.
2026-08-14 09:29:45.063 +03:00 [INF] Executed action ECommerceManagement.Api.Controllers.CatalogController.SyncProducts (ECommerceManagement.Api) in 711.2375ms
2026-08-14 09:29:45.064 +03:00 [INF] Executed endpoint 'ECommerceManagement.Api.Controllers.CatalogController.SyncProducts (ECommerceManagement.Api)'
2026-08-14 09:29:45.224 +03:00 [INF] HTTP POST /api/Catalog/sync responded 200 in 919.7545 ms
2026-08-14 09:29:45.226 +03:00 [INF] Request finished HTTP/1.1 POST http://localhost:5275/api/Catalog/sync - 200 null application/json; charset=utf-8 939.3307ms
2026-08-14 09:29:50.580 +03:00 [INF] Request starting HTTP/1.1 GET http://localhost:5275/api/Catalog/products - null null
2026-08-14 09:29:50.586 +03:00 [INF] Executing endpoint 'ECommerceManagement.Api.Controllers.CatalogController.GetActiveProducts (ECommerceManagement.Api)'
2026-08-14 09:29:50.601 +03:00 [INF] Route matched with {action = "GetActiveProducts", controller = "Catalog"}. Executing controller action with signature System.Threading.Tasks.Task`1[Microsoft.AspNetCore.Mvc.ActionResult`1[ECommerceManagement.Application.Common.PagedResultDto`1[ECommerceManagement.Application.DTOs.Catalog.ProductDto]]] GetActiveProducts(ECommerceManagement.Application.Common.ProductFilterDto) on controller ECommerceManagement.Api.Controllers.CatalogController (ECommerceManagement.Api).
2026-08-14 09:29:50.670 +03:00 [INF] Executed DbCommand (5ms) [Parameters=[], CommandType='"Text"', CommandTimeout='30']
SELECT COUNT(*)
FROM [Products] AS [p]
WHERE [p].[IsActive] = CAST(1 AS bit)
2026-08-14 09:29:50.696 +03:00 [INF] Executed DbCommand (4ms) [Parameters=[@p='?' (DbType = Int32), @p1='?' (DbType = Int32)], CommandType='"Text"', CommandTimeout='30']
SELECT [p0].[Id], [p0].[CategoryId], [p0].[CreatedAt], [p0].[IsActive], [p0].[Name], [p0].[Price], [p0].[Quantity], [p0].[SellerId], [p0].[Sku], [p0].[SysmondStockId], [p0].[UpdatedAt], [p0].[WarehouseId], [c].[Id], [c].[CreatedAt], [c].[Name], [c].[ParentCategoryId], [s].[Id], [s].[CompanyName], [s].[ContactEmail], [s].[CreatedAt], [s].[TaxNumber], [s].[UserId], [w].[Id], [w].[CreatedAt], [w].[IsActive], [w].[Location], [w].[Name], [w].[SysmondId]
FROM (
    SELECT [p].[Id], [p].[CategoryId], [p].[CreatedAt], [p].[IsActive], [p].[Name], [p].[Price], [p].[Quantity], [p].[SellerId], [p].[Sku], [p].[SysmondStockId], [p].[UpdatedAt], [p].[WarehouseId]
    FROM [Products] AS [p]
    WHERE [p].[IsActive] = CAST(1 AS bit)
    ORDER BY [p].[CreatedAt] DESC
    OFFSET @p ROWS FETCH NEXT @p1 ROWS ONLY
) AS [p0]
INNER JOIN [Categories] AS [c] ON [p0].[CategoryId] = [c].[Id]
INNER JOIN [Sellers] AS [s] ON [p0].[SellerId] = [s].[Id]
INNER JOIN [Warehouses] AS [w] ON [p0].[WarehouseId] = [w].[Id]
ORDER BY [p0].[CreatedAt] DESC
2026-08-14 09:29:50.707 +03:00 [INF] Executing OkObjectResult, writing value of type 'ECommerceManagement.Application.Common.PagedResultDto`1[[ECommerceManagement.Application.DTOs.Catalog.ProductDto, ECommerceManagement.Application, Version=1.0.0.0, Culture=neutral, PublicKeyToken=null]]'.
2026-08-14 09:29:50.709 +03:00 [INF] Executed action ECommerceManagement.Api.Controllers.CatalogController.GetActiveProducts (ECommerceManagement.Api) in 107.6922ms
2026-08-14 09:29:50.709 +03:00 [INF] Executed endpoint 'ECommerceManagement.Api.Controllers.CatalogController.GetActiveProducts (ECommerceManagement.Api)'
2026-08-14 09:29:50.709 +03:00 [INF] HTTP GET /api/Catalog/products responded 200 in 127.7256 ms
2026-08-14 09:29:50.709 +03:00 [INF] Request finished HTTP/1.1 GET http://localhost:5275/api/Catalog/products - 200 null application/json; charset=utf-8 129.2826ms
2026-08-14 09:30:17.054 +03:00 [INF] Request starting HTTP/1.1 DELETE http://localhost:5275/api/Seller/products?id=1007 - null 0
2026-08-14 09:30:17.074 +03:00 [INF] Executing endpoint 'ECommerceManagement.Api.Controllers.SellerController.DeleteProduct (ECommerceManagement.Api)'
2026-08-14 09:30:17.085 +03:00 [INF] Route matched with {action = "DeleteProduct", controller = "Seller"}. Executing controller action with signature System.Threading.Tasks.Task`1[Microsoft.AspNetCore.Mvc.IActionResult] DeleteProduct(Int32) on controller ECommerceManagement.Api.Controllers.SellerController (ECommerceManagement.Api).
2026-08-14 09:30:17.126 +03:00 [INF] Executed DbCommand (7ms) [Parameters=[@p='?' (DbType = Int32)], CommandType='"Text"', CommandTimeout='30']
SELECT TOP(1) [p].[Id], [p].[CategoryId], [p].[CreatedAt], [p].[IsActive], [p].[Name], [p].[Price], [p].[Quantity], [p].[SellerId], [p].[Sku], [p].[SysmondStockId], [p].[UpdatedAt], [p].[WarehouseId]
FROM [Products] AS [p]
WHERE [p].[Id] = @p
2026-08-14 09:30:17.320 +03:00 [INF] Executed DbCommand (11ms) [Parameters=[@p0='?' (DbType = Int32)], CommandType='"Text"', CommandTimeout='30']
SET IMPLICIT_TRANSACTIONS OFF;
SET NOCOUNT ON;
DELETE FROM [Products]
OUTPUT 1
WHERE [Id] = @p0;
2026-08-14 09:30:17.323 +03:00 [INF] Executing OkObjectResult, writing value of type '<>f__AnonymousType0`1[[System.String, System.Private.CoreLib, Version=10.0.0.0, Culture=neutral, PublicKeyToken=7cec85d7bea7798e]]'.
2026-08-14 09:30:17.326 +03:00 [INF] Executed action ECommerceManagement.Api.Controllers.SellerController.DeleteProduct (ECommerceManagement.Api) in 239.6624ms
2026-08-14 09:30:17.326 +03:00 [INF] Executed endpoint 'ECommerceManagement.Api.Controllers.SellerController.DeleteProduct (ECommerceManagement.Api)'
2026-08-14 09:30:17.326 +03:00 [INF] HTTP DELETE /api/Seller/products responded 200 in 269.7773 ms
2026-08-14 09:30:17.326 +03:00 [INF] Request finished HTTP/1.1 DELETE http://localhost:5275/api/Seller/products?id=1007 - 200 null application/json; charset=utf-8 272.5362ms
2026-08-14 09:30:38.754 +03:00 [INF] Request starting HTTP/1.1 GET http://localhost:5275/api/Catalog/products - null null
2026-08-14 09:30:38.756 +03:00 [INF] Executing endpoint 'ECommerceManagement.Api.Controllers.CatalogController.GetActiveProducts (ECommerceManagement.Api)'
2026-08-14 09:30:38.756 +03:00 [INF] Route matched with {action = "GetActiveProducts", controller = "Catalog"}. Executing controller action with signature System.Threading.Tasks.Task`1[Microsoft.AspNetCore.Mvc.ActionResult`1[ECommerceManagement.Application.Common.PagedResultDto`1[ECommerceManagement.Application.DTOs.Catalog.ProductDto]]] GetActiveProducts(ECommerceManagement.Application.Common.ProductFilterDto) on controller ECommerceManagement.Api.Controllers.CatalogController (ECommerceManagement.Api).
2026-08-14 09:30:38.776 +03:00 [INF] Executed DbCommand (5ms) [Parameters=[], CommandType='"Text"', CommandTimeout='30']
SELECT COUNT(*)
FROM [Products] AS [p]
WHERE [p].[IsActive] = CAST(1 AS bit)
2026-08-14 09:30:38.788 +03:00 [INF] Executed DbCommand (7ms) [Parameters=[@p='?' (DbType = Int32), @p1='?' (DbType = Int32)], CommandType='"Text"', CommandTimeout='30']
SELECT [p0].[Id], [p0].[CategoryId], [p0].[CreatedAt], [p0].[IsActive], [p0].[Name], [p0].[Price], [p0].[Quantity], [p0].[SellerId], [p0].[Sku], [p0].[SysmondStockId], [p0].[UpdatedAt], [p0].[WarehouseId], [c].[Id], [c].[CreatedAt], [c].[Name], [c].[ParentCategoryId], [s].[Id], [s].[CompanyName], [s].[ContactEmail], [s].[CreatedAt], [s].[TaxNumber], [s].[UserId], [w].[Id], [w].[CreatedAt], [w].[IsActive], [w].[Location], [w].[Name], [w].[SysmondId]
FROM (
    SELECT [p].[Id], [p].[CategoryId], [p].[CreatedAt], [p].[IsActive], [p].[Name], [p].[Price], [p].[Quantity], [p].[SellerId], [p].[Sku], [p].[SysmondStockId], [p].[UpdatedAt], [p].[WarehouseId]
    FROM [Products] AS [p]
    WHERE [p].[IsActive] = CAST(1 AS bit)
    ORDER BY [p].[CreatedAt] DESC
    OFFSET @p ROWS FETCH NEXT @p1 ROWS ONLY
) AS [p0]
INNER JOIN [Categories] AS [c] ON [p0].[CategoryId] = [c].[Id]
INNER JOIN [Sellers] AS [s] ON [p0].[SellerId] = [s].[Id]
INNER JOIN [Warehouses] AS [w] ON [p0].[WarehouseId] = [w].[Id]
ORDER BY [p0].[CreatedAt] DESC
2026-08-14 09:30:38.795 +03:00 [INF] Executing OkObjectResult, writing value of type 'ECommerceManagement.Application.Common.PagedResultDto`1[[ECommerceManagement.Application.DTOs.Catalog.ProductDto, ECommerceManagement.Application, Version=1.0.0.0, Culture=neutral, PublicKeyToken=null]]'.
2026-08-14 09:30:38.796 +03:00 [INF] Executed action ECommerceManagement.Api.Controllers.CatalogController.GetActiveProducts (ECommerceManagement.Api) in 39.7806ms
2026-08-14 09:30:38.796 +03:00 [INF] Executed endpoint 'ECommerceManagement.Api.Controllers.CatalogController.GetActiveProducts (ECommerceManagement.Api)'
2026-08-14 09:30:38.797 +03:00 [INF] HTTP GET /api/Catalog/products responded 200 in 42.0903 ms
2026-08-14 09:30:38.797 +03:00 [INF] Request finished HTTP/1.1 GET http://localhost:5275/api/Catalog/products - 200 null application/json; charset=utf-8 42.6876ms
2026-08-14 09:30:45.627 +03:00 [INF] Request starting HTTP/1.1 POST http://localhost:5275/api/Catalog/sync - null 0
2026-08-14 09:30:45.628 +03:00 [INF] Executing endpoint 'ECommerceManagement.Api.Controllers.CatalogController.SyncProducts (ECommerceManagement.Api)'
2026-08-14 09:30:45.628 +03:00 [INF] Route matched with {action = "SyncProducts", controller = "Catalog"}. Executing controller action with signature System.Threading.Tasks.Task`1[Microsoft.AspNetCore.Mvc.IActionResult] SyncProducts() on controller ECommerceManagement.Api.Controllers.CatalogController (ECommerceManagement.Api).
2026-08-14 09:30:45.954 +03:00 [INF] Executed DbCommand (4ms) [Parameters=[], CommandType='"Text"', CommandTimeout='30']
SELECT [p].[Id], [p].[CategoryId], [p].[CreatedAt], [p].[IsActive], [p].[Name], [p].[Price], [p].[Quantity], [p].[SellerId], [p].[Sku], [p].[SysmondStockId], [p].[UpdatedAt], [p].[WarehouseId]
FROM [Products] AS [p]
2026-08-14 09:30:45.956 +03:00 [INF] Executed DbCommand (1ms) [Parameters=[], CommandType='"Text"', CommandTimeout='30']
SELECT [w].[Id], [w].[CreatedAt], [w].[IsActive], [w].[Location], [w].[Name], [w].[SysmondId]
FROM [Warehouses] AS [w]
2026-08-14 09:30:45.998 +03:00 [INF] Executed DbCommand (38ms) [Parameters=[@p11='?' (DbType = Int32), @p0='?' (DbType = Int32), @p1='?' (DbType = DateTime2), @p2='?' (DbType = Boolean), @p3='?' (Size = 4000), @p4='?' (Precision = 18) (Scale = 2) (DbType = Decimal), @p5='?' (DbType = Int32), @p6='?' (DbType = Int32), @p7='?' (Size = 4000), @p8='?' (DbType = Guid), @p9='?' (DbType = DateTime2), @p10='?' (DbType = Int32), @p23='?' (DbType = Int32), @p12='?' (DbType = Int32), @p13='?' (DbType = DateTime2), @p14='?' (DbType = Boolean), @p15='?' (Size = 4000), @p16='?' (Precision = 18) (Scale = 2) (DbType = Decimal), @p17='?' (DbType = Int32), @p18='?' (DbType = Int32), @p19='?' (Size = 4000), @p20='?' (DbType = Guid), @p21='?' (DbType = DateTime2), @p22='?' (DbType = Int32), @p35='?' (DbType = Int32), @p24='?' (DbType = Int32), @p25='?' (DbType = DateTime2), @p26='?' (DbType = Boolean), @p27='?' (Size = 4000), @p28='?' (Precision = 18) (Scale = 2) (DbType = Decimal), @p29='?' (DbType = Int32), @p30='?' (DbType = Int32), @p31='?' (Size = 4000), @p32='?' (DbType = Guid), @p33='?' (DbType = DateTime2), @p34='?' (DbType = Int32), @p47='?' (DbType = Int32), @p36='?' (DbType = Int32), @p37='?' (DbType = DateTime2), @p38='?' (DbType = Boolean), @p39='?' (Size = 4000), @p40='?' (Precision = 18) (Scale = 2) (DbType = Decimal), @p41='?' (DbType = Int32), @p42='?' (DbType = Int32), @p43='?' (Size = 4000), @p44='?' (DbType = Guid), @p45='?' (DbType = DateTime2), @p46='?' (DbType = Int32), @p59='?' (DbType = Int32), @p48='?' (DbType = Int32), @p49='?' (DbType = DateTime2), @p50='?' (DbType = Boolean), @p51='?' (Size = 4000), @p52='?' (Precision = 18) (Scale = 2) (DbType = Decimal), @p53='?' (DbType = Int32), @p54='?' (DbType = Int32), @p55='?' (Size = 4000), @p56='?' (DbType = Guid), @p57='?' (DbType = DateTime2), @p58='?' (DbType = Int32), @p71='?' (DbType = Int32), @p60='?' (DbType = Int32), @p61='?' (DbType = DateTime2), @p62='?' (DbType = Boolean), @p63='?' (Size = 4000), @p64='?' (Precision = 18) (Scale = 2) (DbType = Decimal), @p65='?' (DbType = Int32), @p66='?' (DbType = Int32), @p67='?' (Size = 4000), @p68='?' (DbType = Guid), @p69='?' (DbType = DateTime2), @p70='?' (DbType = Int32)], CommandType='"Text"', CommandTimeout='30']
SET NOCOUNT ON;
UPDATE [Products] SET [CategoryId] = @p0, [CreatedAt] = @p1, [IsActive] = @p2, [Name] = @p3, [Price] = @p4, [Quantity] = @p5, [SellerId] = @p6, [Sku] = @p7, [SysmondStockId] = @p8, [UpdatedAt] = @p9, [WarehouseId] = @p10
OUTPUT 1
WHERE [Id] = @p11;
UPDATE [Products] SET [CategoryId] = @p12, [CreatedAt] = @p13, [IsActive] = @p14, [Name] = @p15, [Price] = @p16, [Quantity] = @p17, [SellerId] = @p18, [Sku] = @p19, [SysmondStockId] = @p20, [UpdatedAt] = @p21, [WarehouseId] = @p22
OUTPUT 1
WHERE [Id] = @p23;
UPDATE [Products] SET [CategoryId] = @p24, [CreatedAt] = @p25, [IsActive] = @p26, [Name] = @p27, [Price] = @p28, [Quantity] = @p29, [SellerId] = @p30, [Sku] = @p31, [SysmondStockId] = @p32, [UpdatedAt] = @p33, [WarehouseId] = @p34
OUTPUT 1
WHERE [Id] = @p35;
UPDATE [Products] SET [CategoryId] = @p36, [CreatedAt] = @p37, [IsActive] = @p38, [Name] = @p39, [Price] = @p40, [Quantity] = @p41, [SellerId] = @p42, [Sku] = @p43, [SysmondStockId] = @p44, [UpdatedAt] = @p45, [WarehouseId] = @p46
OUTPUT 1
WHERE [Id] = @p47;
UPDATE [Products] SET [CategoryId] = @p48, [CreatedAt] = @p49, [IsActive] = @p50, [Name] = @p51, [Price] = @p52, [Quantity] = @p53, [SellerId] = @p54, [Sku] = @p55, [SysmondStockId] = @p56, [UpdatedAt] = @p57, [WarehouseId] = @p58
OUTPUT 1
WHERE [Id] = @p59;
UPDATE [Products] SET [CategoryId] = @p60, [CreatedAt] = @p61, [IsActive] = @p62, [Name] = @p63, [Price] = @p64, [Quantity] = @p65, [SellerId] = @p66, [Sku] = @p67, [SysmondStockId] = @p68, [UpdatedAt] = @p69, [WarehouseId] = @p70
OUTPUT 1
WHERE [Id] = @p71;
2026-08-14 09:30:46.004 +03:00 [INF] Executing OkObjectResult, writing value of type '<>f__AnonymousType1`1[[System.String, System.Private.CoreLib, Version=10.0.0.0, Culture=neutral, PublicKeyToken=7cec85d7bea7798e]]'.
2026-08-14 09:30:46.004 +03:00 [INF] Executed action ECommerceManagement.Api.Controllers.CatalogController.SyncProducts (ECommerceManagement.Api) in 376.3174ms
2026-08-14 09:30:46.004 +03:00 [INF] Executed endpoint 'ECommerceManagement.Api.Controllers.CatalogController.SyncProducts (ECommerceManagement.Api)'
2026-08-14 09:30:46.005 +03:00 [INF] HTTP POST /api/Catalog/sync responded 200 in 376.9640 ms
2026-08-14 09:30:46.005 +03:00 [INF] Request finished HTTP/1.1 POST http://localhost:5275/api/Catalog/sync - 200 null application/json; charset=utf-8 377.3849ms
2026-08-14 09:32:14.679 +03:00 [INF] Request starting HTTP/1.1 GET http://localhost:5275/api/Catalog/products - null null
2026-08-14 09:32:14.691 +03:00 [INF] Executing endpoint 'ECommerceManagement.Api.Controllers.CatalogController.GetActiveProducts (ECommerceManagement.Api)'
2026-08-14 09:32:14.692 +03:00 [INF] Route matched with {action = "GetActiveProducts", controller = "Catalog"}. Executing controller action with signature System.Threading.Tasks.Task`1[Microsoft.AspNetCore.Mvc.ActionResult`1[ECommerceManagement.Application.Common.PagedResultDto`1[ECommerceManagement.Application.DTOs.Catalog.ProductDto]]] GetActiveProducts(ECommerceManagement.Application.Common.ProductFilterDto) on controller ECommerceManagement.Api.Controllers.CatalogController (ECommerceManagement.Api).
2026-08-14 09:32:14.740 +03:00 [INF] Executed DbCommand (34ms) [Parameters=[], CommandType='"Text"', CommandTimeout='30']
SELECT COUNT(*)
FROM [Products] AS [p]
WHERE [p].[IsActive] = CAST(1 AS bit)
2026-08-14 09:32:14.750 +03:00 [INF] Executed DbCommand (7ms) [Parameters=[@p='?' (DbType = Int32), @p1='?' (DbType = Int32)], CommandType='"Text"', CommandTimeout='30']
SELECT [p0].[Id], [p0].[CategoryId], [p0].[CreatedAt], [p0].[IsActive], [p0].[Name], [p0].[Price], [p0].[Quantity], [p0].[SellerId], [p0].[Sku], [p0].[SysmondStockId], [p0].[UpdatedAt], [p0].[WarehouseId], [c].[Id], [c].[CreatedAt], [c].[Name], [c].[ParentCategoryId], [s].[Id], [s].[CompanyName], [s].[ContactEmail], [s].[CreatedAt], [s].[TaxNumber], [s].[UserId], [w].[Id], [w].[CreatedAt], [w].[IsActive], [w].[Location], [w].[Name], [w].[SysmondId]
FROM (
    SELECT [p].[Id], [p].[CategoryId], [p].[CreatedAt], [p].[IsActive], [p].[Name], [p].[Price], [p].[Quantity], [p].[SellerId], [p].[Sku], [p].[SysmondStockId], [p].[UpdatedAt], [p].[WarehouseId]
    FROM [Products] AS [p]
    WHERE [p].[IsActive] = CAST(1 AS bit)
    ORDER BY [p].[CreatedAt] DESC
    OFFSET @p ROWS FETCH NEXT @p1 ROWS ONLY
) AS [p0]
INNER JOIN [Categories] AS [c] ON [p0].[CategoryId] = [c].[Id]
INNER JOIN [Sellers] AS [s] ON [p0].[SellerId] = [s].[Id]
INNER JOIN [Warehouses] AS [w] ON [p0].[WarehouseId] = [w].[Id]
ORDER BY [p0].[CreatedAt] DESC
2026-08-14 09:32:14.753 +03:00 [INF] Executing OkObjectResult, writing value of type 'ECommerceManagement.Application.Common.PagedResultDto`1[[ECommerceManagement.Application.DTOs.Catalog.ProductDto, ECommerceManagement.Application, Version=1.0.0.0, Culture=neutral, PublicKeyToken=null]]'.
2026-08-14 09:32:14.754 +03:00 [INF] Executed action ECommerceManagement.Api.Controllers.CatalogController.GetActiveProducts (ECommerceManagement.Api) in 61.7355ms
2026-08-14 09:32:14.754 +03:00 [INF] Executed endpoint 'ECommerceManagement.Api.Controllers.CatalogController.GetActiveProducts (ECommerceManagement.Api)'
2026-08-14 09:32:14.754 +03:00 [INF] HTTP GET /api/Catalog/products responded 200 in 72.1191 ms
2026-08-14 09:32:14.754 +03:00 [INF] Request finished HTTP/1.1 GET http://localhost:5275/api/Catalog/products - 200 null application/json; charset=utf-8 75.7321ms
2026-08-14 09:51:41.566 +03:00 [INF] Request starting HTTP/1.1 POST http://localhost:5275/api/Catalog/sync - null 0
2026-08-14 09:51:41.572 +03:00 [INF] Executing endpoint 'ECommerceManagement.Api.Controllers.CatalogController.SyncProducts (ECommerceManagement.Api)'
2026-08-14 09:51:41.573 +03:00 [INF] Route matched with {action = "SyncProducts", controller = "Catalog"}. Executing controller action with signature System.Threading.Tasks.Task`1[Microsoft.AspNetCore.Mvc.IActionResult] SyncProducts() on controller ECommerceManagement.Api.Controllers.CatalogController (ECommerceManagement.Api).
2026-08-14 09:51:41.867 +03:00 [INF] Executed DbCommand (2ms) [Parameters=[], CommandType='"Text"', CommandTimeout='30']
SELECT [p].[Id], [p].[CategoryId], [p].[CreatedAt], [p].[IsActive], [p].[Name], [p].[Price], [p].[Quantity], [p].[SellerId], [p].[Sku], [p].[SysmondStockId], [p].[UpdatedAt], [p].[WarehouseId]
FROM [Products] AS [p]
2026-08-14 09:51:41.874 +03:00 [INF] Executed DbCommand (2ms) [Parameters=[], CommandType='"Text"', CommandTimeout='30']
SELECT [w].[Id], [w].[CreatedAt], [w].[IsActive], [w].[Location], [w].[Name], [w].[SysmondId]
FROM [Warehouses] AS [w]
2026-08-14 09:51:41.885 +03:00 [INF] Executed DbCommand (6ms) [Parameters=[@p11='?' (DbType = Int32), @p0='?' (DbType = Int32), @p1='?' (DbType = DateTime2), @p2='?' (DbType = Boolean), @p3='?' (Size = 4000), @p4='?' (Precision = 18) (Scale = 2) (DbType = Decimal), @p5='?' (DbType = Int32), @p6='?' (DbType = Int32), @p7='?' (Size = 4000), @p8='?' (DbType = Guid), @p9='?' (DbType = DateTime2), @p10='?' (DbType = Int32), @p23='?' (DbType = Int32), @p12='?' (DbType = Int32), @p13='?' (DbType = DateTime2), @p14='?' (DbType = Boolean), @p15='?' (Size = 4000), @p16='?' (Precision = 18) (Scale = 2) (DbType = Decimal), @p17='?' (DbType = Int32), @p18='?' (DbType = Int32), @p19='?' (Size = 4000), @p20='?' (DbType = Guid), @p21='?' (DbType = DateTime2), @p22='?' (DbType = Int32), @p35='?' (DbType = Int32), @p24='?' (DbType = Int32), @p25='?' (DbType = DateTime2), @p26='?' (DbType = Boolean), @p27='?' (Size = 4000), @p28='?' (Precision = 18) (Scale = 2) (DbType = Decimal), @p29='?' (DbType = Int32), @p30='?' (DbType = Int32), @p31='?' (Size = 4000), @p32='?' (DbType = Guid), @p33='?' (DbType = DateTime2), @p34='?' (DbType = Int32), @p47='?' (DbType = Int32), @p36='?' (DbType = Int32), @p37='?' (DbType = DateTime2), @p38='?' (DbType = Boolean), @p39='?' (Size = 4000), @p40='?' (Precision = 18) (Scale = 2) (DbType = Decimal), @p41='?' (DbType = Int32), @p42='?' (DbType = Int32), @p43='?' (Size = 4000), @p44='?' (DbType = Guid), @p45='?' (DbType = DateTime2), @p46='?' (DbType = Int32), @p59='?' (DbType = Int32), @p48='?' (DbType = Int32), @p49='?' (DbType = DateTime2), @p50='?' (DbType = Boolean), @p51='?' (Size = 4000), @p52='?' (Precision = 18) (Scale = 2) (DbType = Decimal), @p53='?' (DbType = Int32), @p54='?' (DbType = Int32), @p55='?' (Size = 4000), @p56='?' (DbType = Guid), @p57='?' (DbType = DateTime2), @p58='?' (DbType = Int32), @p71='?' (DbType = Int32), @p60='?' (DbType = Int32), @p61='?' (DbType = DateTime2), @p62='?' (DbType = Boolean), @p63='?' (Size = 4000), @p64='?' (Precision = 18) (Scale = 2) (DbType = Decimal), @p65='?' (DbType = Int32), @p66='?' (DbType = Int32), @p67='?' (Size = 4000), @p68='?' (DbType = Guid), @p69='?' (DbType = DateTime2), @p70='?' (DbType = Int32)], CommandType='"Text"', CommandTimeout='30']
SET NOCOUNT ON;
UPDATE [Products] SET [CategoryId] = @p0, [CreatedAt] = @p1, [IsActive] = @p2, [Name] = @p3, [Price] = @p4, [Quantity] = @p5, [SellerId] = @p6, [Sku] = @p7, [SysmondStockId] = @p8, [UpdatedAt] = @p9, [WarehouseId] = @p10
OUTPUT 1
WHERE [Id] = @p11;
UPDATE [Products] SET [CategoryId] = @p12, [CreatedAt] = @p13, [IsActive] = @p14, [Name] = @p15, [Price] = @p16, [Quantity] = @p17, [SellerId] = @p18, [Sku] = @p19, [SysmondStockId] = @p20, [UpdatedAt] = @p21, [WarehouseId] = @p22
OUTPUT 1
WHERE [Id] = @p23;
UPDATE [Products] SET [CategoryId] = @p24, [CreatedAt] = @p25, [IsActive] = @p26, [Name] = @p27, [Price] = @p28, [Quantity] = @p29, [SellerId] = @p30, [Sku] = @p31, [SysmondStockId] = @p32, [UpdatedAt] = @p33, [WarehouseId] = @p34
OUTPUT 1
WHERE [Id] = @p35;
UPDATE [Products] SET [CategoryId] = @p36, [CreatedAt] = @p37, [IsActive] = @p38, [Name] = @p39, [Price] = @p40, [Quantity] = @p41, [SellerId] = @p42, [Sku] = @p43, [SysmondStockId] = @p44, [UpdatedAt] = @p45, [WarehouseId] = @p46
OUTPUT 1
WHERE [Id] = @p47;
UPDATE [Products] SET [CategoryId] = @p48, [CreatedAt] = @p49, [IsActive] = @p50, [Name] = @p51, [Price] = @p52, [Quantity] = @p53, [SellerId] = @p54, [Sku] = @p55, [SysmondStockId] = @p56, [UpdatedAt] = @p57, [WarehouseId] = @p58
OUTPUT 1
WHERE [Id] = @p59;
UPDATE [Products] SET [CategoryId] = @p60, [CreatedAt] = @p61, [IsActive] = @p62, [Name] = @p63, [Price] = @p64, [Quantity] = @p65, [SellerId] = @p66, [Sku] = @p67, [SysmondStockId] = @p68, [UpdatedAt] = @p69, [WarehouseId] = @p70
OUTPUT 1
WHERE [Id] = @p71;
2026-08-14 09:51:41.891 +03:00 [INF] Executing OkObjectResult, writing value of type '<>f__AnonymousType1`1[[System.String, System.Private.CoreLib, Version=10.0.0.0, Culture=neutral, PublicKeyToken=7cec85d7bea7798e]]'.
2026-08-14 09:51:41.893 +03:00 [INF] Executed action ECommerceManagement.Api.Controllers.CatalogController.SyncProducts (ECommerceManagement.Api) in 320.1187ms
2026-08-14 09:51:41.893 +03:00 [INF] Executed endpoint 'ECommerceManagement.Api.Controllers.CatalogController.SyncProducts (ECommerceManagement.Api)'
2026-08-14 09:51:41.894 +03:00 [INF] HTTP POST /api/Catalog/sync responded 200 in 324.3460 ms
2026-08-14 09:51:41.894 +03:00 [INF] Request finished HTTP/1.1 POST http://localhost:5275/api/Catalog/sync - 200 null application/json; charset=utf-8 329.4613ms
2026-08-14 09:51:46.572 +03:00 [INF] Request starting HTTP/1.1 GET http://localhost:5275/api/Catalog/products - null null
2026-08-14 09:51:46.572 +03:00 [INF] Executing endpoint 'ECommerceManagement.Api.Controllers.CatalogController.GetActiveProducts (ECommerceManagement.Api)'
2026-08-14 09:51:46.572 +03:00 [INF] Route matched with {action = "GetActiveProducts", controller = "Catalog"}. Executing controller action with signature System.Threading.Tasks.Task`1[Microsoft.AspNetCore.Mvc.ActionResult`1[ECommerceManagement.Application.Common.PagedResultDto`1[ECommerceManagement.Application.DTOs.Catalog.ProductDto]]] GetActiveProducts(ECommerceManagement.Application.Common.ProductFilterDto) on controller ECommerceManagement.Api.Controllers.CatalogController (ECommerceManagement.Api).
2026-08-14 09:51:46.576 +03:00 [INF] Executed DbCommand (2ms) [Parameters=[], CommandType='"Text"', CommandTimeout='30']
SELECT COUNT(*)
FROM [Products] AS [p]
WHERE [p].[IsActive] = CAST(1 AS bit)
2026-08-14 09:51:46.580 +03:00 [INF] Executed DbCommand (3ms) [Parameters=[@p='?' (DbType = Int32), @p1='?' (DbType = Int32)], CommandType='"Text"', CommandTimeout='30']
SELECT [p0].[Id], [p0].[CategoryId], [p0].[CreatedAt], [p0].[IsActive], [p0].[Name], [p0].[Price], [p0].[Quantity], [p0].[SellerId], [p0].[Sku], [p0].[SysmondStockId], [p0].[UpdatedAt], [p0].[WarehouseId], [c].[Id], [c].[CreatedAt], [c].[Name], [c].[ParentCategoryId], [s].[Id], [s].[CompanyName], [s].[ContactEmail], [s].[CreatedAt], [s].[TaxNumber], [s].[UserId], [w].[Id], [w].[CreatedAt], [w].[IsActive], [w].[Location], [w].[Name], [w].[SysmondId]
FROM (
    SELECT [p].[Id], [p].[CategoryId], [p].[CreatedAt], [p].[IsActive], [p].[Name], [p].[Price], [p].[Quantity], [p].[SellerId], [p].[Sku], [p].[SysmondStockId], [p].[UpdatedAt], [p].[WarehouseId]
    FROM [Products] AS [p]
    WHERE [p].[IsActive] = CAST(1 AS bit)
    ORDER BY [p].[CreatedAt] DESC
    OFFSET @p ROWS FETCH NEXT @p1 ROWS ONLY
) AS [p0]
INNER JOIN [Categories] AS [c] ON [p0].[CategoryId] = [c].[Id]
INNER JOIN [Sellers] AS [s] ON [p0].[SellerId] = [s].[Id]
INNER JOIN [Warehouses] AS [w] ON [p0].[WarehouseId] = [w].[Id]
ORDER BY [p0].[CreatedAt] DESC
2026-08-14 09:51:46.581 +03:00 [INF] Executing OkObjectResult, writing value of type 'ECommerceManagement.Application.Common.PagedResultDto`1[[ECommerceManagement.Application.DTOs.Catalog.ProductDto, ECommerceManagement.Application, Version=1.0.0.0, Culture=neutral, PublicKeyToken=null]]'.
2026-08-14 09:51:46.581 +03:00 [INF] Executed action ECommerceManagement.Api.Controllers.CatalogController.GetActiveProducts (ECommerceManagement.Api) in 8.9439ms
2026-08-14 09:51:46.582 +03:00 [INF] Executed endpoint 'ECommerceManagement.Api.Controllers.CatalogController.GetActiveProducts (ECommerceManagement.Api)'
2026-08-14 09:51:46.582 +03:00 [INF] HTTP GET /api/Catalog/products responded 200 in 9.8576 ms
2026-08-14 09:51:46.582 +03:00 [INF] Request finished HTTP/1.1 GET http://localhost:5275/api/Catalog/products - 200 null application/json; charset=utf-8 10.2045ms
2026-08-14 10:04:39.290 +03:00 [INF] Application is shutting down...
2026-08-14 10:04:44.799 +03:00 [INF] Executed DbCommand (22ms) [Parameters=[], CommandType='"Text"', CommandTimeout='30']
SELECT CASE
    WHEN EXISTS (
        SELECT 1
        FROM [Users] AS [u]
        WHERE [u].[Email] = N'superadmin@sistem.com') THEN CAST(1 AS bit)
    ELSE CAST(0 AS bit)
END
2026-08-14 10:04:44.820 +03:00 [INF] Executed DbCommand (2ms) [Parameters=[], CommandType='"Text"', CommandTimeout='30']
SELECT CASE
    WHEN EXISTS (
        SELECT 1
        FROM [Users] AS [u]
        WHERE [u].[Email] = N'admin@sistem.com') THEN CAST(1 AS bit)
    ELSE CAST(0 AS bit)
END
2026-08-14 10:04:44.824 +03:00 [INF] User profile is available. Using '/Users/yigit/.aspnet/DataProtection-Keys' as key repository; keys will not be encrypted at rest.
2026-08-14 10:04:44.842 +03:00 [INF] Now listening on: http://localhost:5275
2026-08-14 10:04:44.843 +03:00 [INF] Application started. Press Ctrl+C to shut down.
2026-08-14 10:04:44.843 +03:00 [INF] Hosting environment: Development
2026-08-14 10:04:44.843 +03:00 [INF] Content root path: /Users/yigit/RiderProjects/ECommerceManagement/src/ECommerceManagement.Api
2026-08-14 10:04:51.760 +03:00 [INF] Request starting HTTP/1.1 POST http://localhost:5275/api/Catalog/sync - null 0
2026-08-14 10:04:51.773 +03:00 [WRN] Failed to determine the https port for redirect.
2026-08-14 10:04:51.796 +03:00 [INF] Executing endpoint 'ECommerceManagement.Api.Controllers.CatalogController.SyncProducts (ECommerceManagement.Api)'
2026-08-14 10:04:51.801 +03:00 [INF] Route matched with {action = "SyncProducts", controller = "Catalog"}. Executing controller action with signature System.Threading.Tasks.Task`1[Microsoft.AspNetCore.Mvc.IActionResult] SyncProducts() on controller ECommerceManagement.Api.Controllers.CatalogController (ECommerceManagement.Api).
2026-08-14 10:04:51.825 +03:00 [WRN] You do not have a valid license key for the Lucky Penny software AutoMapper. This is allowed for development and testing scenarios. If you are running in production you are required to have a licensed version. Please visit https://luckypennysoftware.com to obtain a valid license.
2026-08-14 10:04:53.659 +03:00 [INF] Executed DbCommand (8ms) [Parameters=[], CommandType='"Text"', CommandTimeout='30']
SELECT [p].[Id], [p].[CategoryId], [p].[CreatedAt], [p].[IsActive], [p].[Name], [p].[Price], [p].[Quantity], [p].[SellerId], [p].[Sku], [p].[SysmondStockId], [p].[UpdatedAt], [p].[WarehouseId]
FROM [Products] AS [p]
2026-08-14 10:04:53.694 +03:00 [INF] Executed DbCommand (3ms) [Parameters=[], CommandType='"Text"', CommandTimeout='30']
SELECT [w].[Id], [w].[CreatedAt], [w].[IsActive], [w].[Location], [w].[Name], [w].[SysmondId]
FROM [Warehouses] AS [w]
2026-08-14 10:04:53.758 +03:00 [INF] Executed DbCommand (16ms) [Parameters=[@p11='?' (DbType = Int32), @p0='?' (DbType = Int32), @p1='?' (DbType = DateTime2), @p2='?' (DbType = Boolean), @p3='?' (Size = 4000), @p4='?' (Precision = 18) (Scale = 2) (DbType = Decimal), @p5='?' (DbType = Int32), @p6='?' (DbType = Int32), @p7='?' (Size = 4000), @p8='?' (DbType = Guid), @p9='?' (DbType = DateTime2), @p10='?' (DbType = Int32), @p23='?' (DbType = Int32), @p12='?' (DbType = Int32), @p13='?' (DbType = DateTime2), @p14='?' (DbType = Boolean), @p15='?' (Size = 4000), @p16='?' (Precision = 18) (Scale = 2) (DbType = Decimal), @p17='?' (DbType = Int32), @p18='?' (DbType = Int32), @p19='?' (Size = 4000), @p20='?' (DbType = Guid), @p21='?' (DbType = DateTime2), @p22='?' (DbType = Int32), @p35='?' (DbType = Int32), @p24='?' (DbType = Int32), @p25='?' (DbType = DateTime2), @p26='?' (DbType = Boolean), @p27='?' (Size = 4000), @p28='?' (Precision = 18) (Scale = 2) (DbType = Decimal), @p29='?' (DbType = Int32), @p30='?' (DbType = Int32), @p31='?' (Size = 4000), @p32='?' (DbType = Guid), @p33='?' (DbType = DateTime2), @p34='?' (DbType = Int32), @p47='?' (DbType = Int32), @p36='?' (DbType = Int32), @p37='?' (DbType = DateTime2), @p38='?' (DbType = Boolean), @p39='?' (Size = 4000), @p40='?' (Precision = 18) (Scale = 2) (DbType = Decimal), @p41='?' (DbType = Int32), @p42='?' (DbType = Int32), @p43='?' (Size = 4000), @p44='?' (DbType = Guid), @p45='?' (DbType = DateTime2), @p46='?' (DbType = Int32), @p59='?' (DbType = Int32), @p48='?' (DbType = Int32), @p49='?' (DbType = DateTime2), @p50='?' (DbType = Boolean), @p51='?' (Size = 4000), @p52='?' (Precision = 18) (Scale = 2) (DbType = Decimal), @p53='?' (DbType = Int32), @p54='?' (DbType = Int32), @p55='?' (Size = 4000), @p56='?' (DbType = Guid), @p57='?' (DbType = DateTime2), @p58='?' (DbType = Int32), @p71='?' (DbType = Int32), @p60='?' (DbType = Int32), @p61='?' (DbType = DateTime2), @p62='?' (DbType = Boolean), @p63='?' (Size = 4000), @p64='?' (Precision = 18) (Scale = 2) (DbType = Decimal), @p65='?' (DbType = Int32), @p66='?' (DbType = Int32), @p67='?' (Size = 4000), @p68='?' (DbType = Guid), @p69='?' (DbType = DateTime2), @p70='?' (DbType = Int32)], CommandType='"Text"', CommandTimeout='30']
SET NOCOUNT ON;
UPDATE [Products] SET [CategoryId] = @p0, [CreatedAt] = @p1, [IsActive] = @p2, [Name] = @p3, [Price] = @p4, [Quantity] = @p5, [SellerId] = @p6, [Sku] = @p7, [SysmondStockId] = @p8, [UpdatedAt] = @p9, [WarehouseId] = @p10
OUTPUT 1
WHERE [Id] = @p11;
UPDATE [Products] SET [CategoryId] = @p12, [CreatedAt] = @p13, [IsActive] = @p14, [Name] = @p15, [Price] = @p16, [Quantity] = @p17, [SellerId] = @p18, [Sku] = @p19, [SysmondStockId] = @p20, [UpdatedAt] = @p21, [WarehouseId] = @p22
OUTPUT 1
WHERE [Id] = @p23;
UPDATE [Products] SET [CategoryId] = @p24, [CreatedAt] = @p25, [IsActive] = @p26, [Name] = @p27, [Price] = @p28, [Quantity] = @p29, [SellerId] = @p30, [Sku] = @p31, [SysmondStockId] = @p32, [UpdatedAt] = @p33, [WarehouseId] = @p34
OUTPUT 1
WHERE [Id] = @p35;
UPDATE [Products] SET [CategoryId] = @p36, [CreatedAt] = @p37, [IsActive] = @p38, [Name] = @p39, [Price] = @p40, [Quantity] = @p41, [SellerId] = @p42, [Sku] = @p43, [SysmondStockId] = @p44, [UpdatedAt] = @p45, [WarehouseId] = @p46
OUTPUT 1
WHERE [Id] = @p47;
UPDATE [Products] SET [CategoryId] = @p48, [CreatedAt] = @p49, [IsActive] = @p50, [Name] = @p51, [Price] = @p52, [Quantity] = @p53, [SellerId] = @p54, [Sku] = @p55, [SysmondStockId] = @p56, [UpdatedAt] = @p57, [WarehouseId] = @p58
OUTPUT 1
WHERE [Id] = @p59;
UPDATE [Products] SET [CategoryId] = @p60, [CreatedAt] = @p61, [IsActive] = @p62, [Name] = @p63, [Price] = @p64, [Quantity] = @p65, [SellerId] = @p66, [Sku] = @p67, [SysmondStockId] = @p68, [UpdatedAt] = @p69, [WarehouseId] = @p70
OUTPUT 1
WHERE [Id] = @p71;
2026-08-14 10:04:53.768 +03:00 [INF] Executing OkObjectResult, writing value of type '<>f__AnonymousType1`1[[System.String, System.Private.CoreLib, Version=10.0.0.0, Culture=neutral, PublicKeyToken=7cec85d7bea7798e]]'.
2026-08-14 10:04:53.772 +03:00 [INF] Executed action ECommerceManagement.Api.Controllers.CatalogController.SyncProducts (ECommerceManagement.Api) in 1970.7714ms
2026-08-14 10:04:53.773 +03:00 [INF] Executed endpoint 'ECommerceManagement.Api.Controllers.CatalogController.SyncProducts (ECommerceManagement.Api)'
2026-08-14 10:04:53.773 +03:00 [INF] HTTP POST /api/Catalog/sync responded 200 in 2005.1023 ms
2026-08-14 10:04:53.775 +03:00 [INF] Request finished HTTP/1.1 POST http://localhost:5275/api/Catalog/sync - 200 null application/json; charset=utf-8 2015.2193ms
2026-08-14 10:04:59.066 +03:00 [INF] Request starting HTTP/1.1 GET http://localhost:5275/api/Catalog/products - null null
2026-08-14 10:04:59.073 +03:00 [INF] Executing endpoint 'ECommerceManagement.Api.Controllers.CatalogController.GetActiveProducts (ECommerceManagement.Api)'
2026-08-14 10:04:59.086 +03:00 [INF] Route matched with {action = "GetActiveProducts", controller = "Catalog"}. Executing controller action with signature System.Threading.Tasks.Task`1[Microsoft.AspNetCore.Mvc.ActionResult`1[ECommerceManagement.Application.Common.PagedResultDto`1[ECommerceManagement.Application.DTOs.Catalog.ProductDto]]] GetActiveProducts(ECommerceManagement.Application.Common.ProductFilterDto) on controller ECommerceManagement.Api.Controllers.CatalogController (ECommerceManagement.Api).
2026-08-14 10:04:59.152 +03:00 [INF] Executed DbCommand (3ms) [Parameters=[], CommandType='"Text"', CommandTimeout='30']
SELECT COUNT(*)
FROM [Products] AS [p]
WHERE [p].[IsActive] = CAST(1 AS bit)
2026-08-14 10:04:59.177 +03:00 [INF] Executed DbCommand (5ms) [Parameters=[@p='?' (DbType = Int32), @p1='?' (DbType = Int32)], CommandType='"Text"', CommandTimeout='30']
SELECT [p0].[Id], [p0].[CategoryId], [p0].[CreatedAt], [p0].[IsActive], [p0].[Name], [p0].[Price], [p0].[Quantity], [p0].[SellerId], [p0].[Sku], [p0].[SysmondStockId], [p0].[UpdatedAt], [p0].[WarehouseId], [c].[Id], [c].[CreatedAt], [c].[Name], [c].[ParentCategoryId], [s].[Id], [s].[CompanyName], [s].[ContactEmail], [s].[CreatedAt], [s].[TaxNumber], [s].[UserId], [w].[Id], [w].[CreatedAt], [w].[IsActive], [w].[Location], [w].[Name], [w].[SysmondId]
FROM (
    SELECT [p].[Id], [p].[CategoryId], [p].[CreatedAt], [p].[IsActive], [p].[Name], [p].[Price], [p].[Quantity], [p].[SellerId], [p].[Sku], [p].[SysmondStockId], [p].[UpdatedAt], [p].[WarehouseId]
    FROM [Products] AS [p]
    WHERE [p].[IsActive] = CAST(1 AS bit)
    ORDER BY [p].[CreatedAt] DESC
    OFFSET @p ROWS FETCH NEXT @p1 ROWS ONLY
) AS [p0]
INNER JOIN [Categories] AS [c] ON [p0].[CategoryId] = [c].[Id]
INNER JOIN [Sellers] AS [s] ON [p0].[SellerId] = [s].[Id]
INNER JOIN [Warehouses] AS [w] ON [p0].[WarehouseId] = [w].[Id]
ORDER BY [p0].[CreatedAt] DESC
2026-08-14 10:04:59.188 +03:00 [INF] Executing OkObjectResult, writing value of type 'ECommerceManagement.Application.Common.PagedResultDto`1[[ECommerceManagement.Application.DTOs.Catalog.ProductDto, ECommerceManagement.Application, Version=1.0.0.0, Culture=neutral, PublicKeyToken=null]]'.
2026-08-14 10:04:59.190 +03:00 [INF] Executed action ECommerceManagement.Api.Controllers.CatalogController.GetActiveProducts (ECommerceManagement.Api) in 103.3115ms
2026-08-14 10:04:59.190 +03:00 [INF] Executed endpoint 'ECommerceManagement.Api.Controllers.CatalogController.GetActiveProducts (ECommerceManagement.Api)'
2026-08-14 10:04:59.190 +03:00 [INF] HTTP GET /api/Catalog/products responded 200 in 122.1312 ms
2026-08-14 10:04:59.190 +03:00 [INF] Request finished HTTP/1.1 GET http://localhost:5275/api/Catalog/products - 200 null application/json; charset=utf-8 123.8787ms
2026-08-14 10:05:49.344 +03:00 [INF] Request starting HTTP/1.1 PUT http://localhost:5275/api/Seller/products - application/json 67
2026-08-14 10:05:49.354 +03:00 [INF] Executing endpoint 'ECommerceManagement.Api.Controllers.SellerController.UpdateProduct (ECommerceManagement.Api)'
2026-08-14 10:05:49.362 +03:00 [INF] Route matched with {action = "UpdateProduct", controller = "Seller"}. Executing controller action with signature System.Threading.Tasks.Task`1[Microsoft.AspNetCore.Mvc.IActionResult] UpdateProduct(ECommerceManagement.Application.DTOs.Catalog.UpdateProductDto) on controller ECommerceManagement.Api.Controllers.SellerController (ECommerceManagement.Api).
2026-08-14 10:05:49.386 +03:00 [INF] Executed DbCommand (5ms) [Parameters=[@p='?' (DbType = Int32)], CommandType='"Text"', CommandTimeout='30']
SELECT TOP(1) [p].[Id], [p].[CategoryId], [p].[CreatedAt], [p].[IsActive], [p].[Name], [p].[Price], [p].[Quantity], [p].[SellerId], [p].[Sku], [p].[SysmondStockId], [p].[UpdatedAt], [p].[WarehouseId]
FROM [Products] AS [p]
WHERE [p].[Id] = @p
2026-08-14 10:05:49.399 +03:00 [INF] Executed DbCommand (9ms) [Parameters=[@p='?' (DbType = Int32)], CommandType='"Text"', CommandTimeout='30']
SELECT TOP(1) [w].[Id], [w].[CreatedAt], [w].[IsActive], [w].[Location], [w].[Name], [w].[SysmondId]
FROM [Warehouses] AS [w]
WHERE [w].[Id] = @p
2026-08-14 10:05:49.401 +03:00 [INF] Executed action ECommerceManagement.Api.Controllers.SellerController.UpdateProduct (ECommerceManagement.Api) in 38.5191ms
2026-08-14 10:05:49.401 +03:00 [INF] Executed endpoint 'ECommerceManagement.Api.Controllers.SellerController.UpdateProduct (ECommerceManagement.Api)'
2026-08-14 10:05:49.401 +03:00 [ERR] HTTP PUT /api/Seller/products responded 500 in 56.2721 ms
System.FormatException: Guid should contain 32 digits with 4 dashes (xxxxxxxx-xxxx-xxxx-xxxx-xxxxxxxxxxxx).
   at System.Guid.GuidResult.SetFailure(ParseFailure failureKind)
   at System.Guid.TryParseExactN[TChar](ReadOnlySpan`1 guidString, GuidResult& result)
   at System.Guid.TryParseGuid[TChar](ReadOnlySpan`1 guidString, GuidResult& result)
   at System.Guid.Parse(ReadOnlySpan`1 input)
   at SysmondAx.Integration.Services.Stock.SysmondStockService.AdjustStockQuantityAsync(Guid sysmondStockId, Guid sysmondWarehouseId, Int32 differenceQuantity) in /Users/yigit/RiderProjects/ECommerceManagement/integrations/SysmondAx.Integration/Services/Stock/SysmondStockService.cs:line 239
   at ECommerceManagement.Application.Services.ProductService.UpdateProductAsync(Int32 id, UpdateProductDto dto) in /Users/yigit/RiderProjects/ECommerceManagement/src/ECommerceManagement.Application/Services/ProductService.cs:line 142
   at ECommerceManagement.Api.Controllers.SellerController.UpdateProduct(UpdateProductDto dto) in /Users/yigit/RiderProjects/ECommerceManagement/src/ECommerceManagement.Api/Controllers/SellerController.cs:line 42
   at Microsoft.AspNetCore.Mvc.Infrastructure.ActionMethodExecutor.TaskOfIActionResultExecutor.Execute(ActionContext actionContext, IActionResultTypeMapper mapper, ObjectMethodExecutor executor, Object controller, Object[] arguments)
   at Microsoft.AspNetCore.Mvc.Infrastructure.ControllerActionInvoker.<InvokeActionMethodAsync>g__Awaited|12_0(ControllerActionInvoker invoker, ValueTask`1 actionResultValueTask)
   at Microsoft.AspNetCore.Mvc.Infrastructure.ControllerActionInvoker.<InvokeNextActionFilterAsync>g__Awaited|10_0(ControllerActionInvoker invoker, Task lastTask, State next, Scope scope, Object state, Boolean isCompleted)
   at Microsoft.AspNetCore.Mvc.Infrastructure.ControllerActionInvoker.Rethrow(ActionExecutedContextSealed context)
   at Microsoft.AspNetCore.Mvc.Infrastructure.ControllerActionInvoker.Next(State& next, Scope& scope, Object& state, Boolean& isCompleted)
   at Microsoft.AspNetCore.Mvc.Infrastructure.ControllerActionInvoker.<InvokeInnerFilterAsync>g__Awaited|13_0(ControllerActionInvoker invoker, Task lastTask, State next, Scope scope, Object state, Boolean isCompleted)
   at Microsoft.AspNetCore.Mvc.Infrastructure.ResourceInvoker.<InvokeFilterPipelineAsync>g__Awaited|20_0(ResourceInvoker invoker, Task lastTask, State next, Scope scope, Object state, Boolean isCompleted)
   at Microsoft.AspNetCore.Mvc.Infrastructure.ResourceInvoker.<InvokeAsync>g__Logged|17_1(ResourceInvoker invoker)
   at Microsoft.AspNetCore.Mvc.Infrastructure.ResourceInvoker.<InvokeAsync>g__Logged|17_1(ResourceInvoker invoker)
   at Microsoft.AspNetCore.Routing.EndpointMiddleware.<Invoke>g__AwaitRequestTask|7_0(Endpoint endpoint, Task requestTask, ILogger logger)
   at Microsoft.AspNetCore.Authorization.AuthorizationMiddleware.Invoke(HttpContext context)
   at Microsoft.AspNetCore.Authentication.AuthenticationMiddleware.Invoke(HttpContext context)
   at Swashbuckle.AspNetCore.SwaggerUI.SwaggerUIMiddleware.Invoke(HttpContext httpContext)
   at Swashbuckle.AspNetCore.Swagger.SwaggerMiddleware.Invoke(HttpContext httpContext, ISwaggerProvider swaggerProvider)
   at Serilog.AspNetCore.RequestLoggingMiddleware.Invoke(HttpContext httpContext)
2026-08-14 10:05:49.414 +03:00 [ERR] An unhandled exception has occurred while executing the request.
System.FormatException: Guid should contain 32 digits with 4 dashes (xxxxxxxx-xxxx-xxxx-xxxx-xxxxxxxxxxxx).
   at System.Guid.GuidResult.SetFailure(ParseFailure failureKind)
   at System.Guid.TryParseExactN[TChar](ReadOnlySpan`1 guidString, GuidResult& result)
   at System.Guid.TryParseGuid[TChar](ReadOnlySpan`1 guidString, GuidResult& result)
   at System.Guid.Parse(ReadOnlySpan`1 input)
   at SysmondAx.Integration.Services.Stock.SysmondStockService.AdjustStockQuantityAsync(Guid sysmondStockId, Guid sysmondWarehouseId, Int32 differenceQuantity) in /Users/yigit/RiderProjects/ECommerceManagement/integrations/SysmondAx.Integration/Services/Stock/SysmondStockService.cs:line 239
   at ECommerceManagement.Application.Services.ProductService.UpdateProductAsync(Int32 id, UpdateProductDto dto) in /Users/yigit/RiderProjects/ECommerceManagement/src/ECommerceManagement.Application/Services/ProductService.cs:line 142
   at ECommerceManagement.Api.Controllers.SellerController.UpdateProduct(UpdateProductDto dto) in /Users/yigit/RiderProjects/ECommerceManagement/src/ECommerceManagement.Api/Controllers/SellerController.cs:line 42
   at Microsoft.AspNetCore.Mvc.Infrastructure.ActionMethodExecutor.TaskOfIActionResultExecutor.Execute(ActionContext actionContext, IActionResultTypeMapper mapper, ObjectMethodExecutor executor, Object controller, Object[] arguments)
   at Microsoft.AspNetCore.Mvc.Infrastructure.ControllerActionInvoker.<InvokeActionMethodAsync>g__Awaited|12_0(ControllerActionInvoker invoker, ValueTask`1 actionResultValueTask)
   at Microsoft.AspNetCore.Mvc.Infrastructure.ControllerActionInvoker.<InvokeNextActionFilterAsync>g__Awaited|10_0(ControllerActionInvoker invoker, Task lastTask, State next, Scope scope, Object state, Boolean isCompleted)
   at Microsoft.AspNetCore.Mvc.Infrastructure.ControllerActionInvoker.Rethrow(ActionExecutedContextSealed context)
   at Microsoft.AspNetCore.Mvc.Infrastructure.ControllerActionInvoker.Next(State& next, Scope& scope, Object& state, Boolean& isCompleted)
   at Microsoft.AspNetCore.Mvc.Infrastructure.ControllerActionInvoker.<InvokeInnerFilterAsync>g__Awaited|13_0(ControllerActionInvoker invoker, Task lastTask, State next, Scope scope, Object state, Boolean isCompleted)
   at Microsoft.AspNetCore.Mvc.Infrastructure.ResourceInvoker.<InvokeFilterPipelineAsync>g__Awaited|20_0(ResourceInvoker invoker, Task lastTask, State next, Scope scope, Object state, Boolean isCompleted)
   at Microsoft.AspNetCore.Mvc.Infrastructure.ResourceInvoker.<InvokeAsync>g__Logged|17_1(ResourceInvoker invoker)
   at Microsoft.AspNetCore.Mvc.Infrastructure.ResourceInvoker.<InvokeAsync>g__Logged|17_1(ResourceInvoker invoker)
   at Microsoft.AspNetCore.Routing.EndpointMiddleware.<Invoke>g__AwaitRequestTask|7_0(Endpoint endpoint, Task requestTask, ILogger logger)
   at Microsoft.AspNetCore.Authorization.AuthorizationMiddleware.Invoke(HttpContext context)
   at Microsoft.AspNetCore.Authentication.AuthenticationMiddleware.Invoke(HttpContext context)
   at Swashbuckle.AspNetCore.SwaggerUI.SwaggerUIMiddleware.Invoke(HttpContext httpContext)
   at Swashbuckle.AspNetCore.Swagger.SwaggerMiddleware.Invoke(HttpContext httpContext, ISwaggerProvider swaggerProvider)
   at Serilog.AspNetCore.RequestLoggingMiddleware.Invoke(HttpContext httpContext)
   at Microsoft.AspNetCore.Diagnostics.DeveloperExceptionPageMiddlewareImpl.Invoke(HttpContext context)
2026-08-14 10:05:49.417 +03:00 [INF] Request finished HTTP/1.1 PUT http://localhost:5275/api/Seller/products - 500 null text/plain; charset=utf-8 72.0625ms
2026-08-14 10:06:54.090 +03:00 [INF] Application is shutting down...
2026-08-14 10:06:58.787 +03:00 [INF] Executed DbCommand (13ms) [Parameters=[], CommandType='"Text"', CommandTimeout='30']
SELECT CASE
    WHEN EXISTS (
        SELECT 1
        FROM [Users] AS [u]
        WHERE [u].[Email] = N'superadmin@sistem.com') THEN CAST(1 AS bit)
    ELSE CAST(0 AS bit)
END
2026-08-14 10:06:58.808 +03:00 [INF] Executed DbCommand (2ms) [Parameters=[], CommandType='"Text"', CommandTimeout='30']
SELECT CASE
    WHEN EXISTS (
        SELECT 1
        FROM [Users] AS [u]
        WHERE [u].[Email] = N'admin@sistem.com') THEN CAST(1 AS bit)
    ELSE CAST(0 AS bit)
END
2026-08-14 10:06:58.812 +03:00 [INF] User profile is available. Using '/Users/yigit/.aspnet/DataProtection-Keys' as key repository; keys will not be encrypted at rest.
2026-08-14 10:06:58.829 +03:00 [INF] Now listening on: http://localhost:5275
2026-08-14 10:06:58.829 +03:00 [INF] Application started. Press Ctrl+C to shut down.
2026-08-14 10:06:58.829 +03:00 [INF] Hosting environment: Development
2026-08-14 10:06:58.829 +03:00 [INF] Content root path: /Users/yigit/RiderProjects/ECommerceManagement/src/ECommerceManagement.Api
2026-08-14 10:07:08.180 +03:00 [INF] Request starting HTTP/1.1 PUT http://localhost:5275/api/Seller/products - application/json 67
2026-08-14 10:07:08.199 +03:00 [WRN] Failed to determine the https port for redirect.
2026-08-14 10:07:08.230 +03:00 [INF] Executing endpoint 'ECommerceManagement.Api.Controllers.SellerController.UpdateProduct (ECommerceManagement.Api)'
2026-08-14 10:07:08.236 +03:00 [INF] Route matched with {action = "UpdateProduct", controller = "Seller"}. Executing controller action with signature System.Threading.Tasks.Task`1[Microsoft.AspNetCore.Mvc.IActionResult] UpdateProduct(ECommerceManagement.Application.DTOs.Catalog.UpdateProductDto) on controller ECommerceManagement.Api.Controllers.SellerController (ECommerceManagement.Api).
2026-08-14 10:07:08.259 +03:00 [WRN] You do not have a valid license key for the Lucky Penny software AutoMapper. This is allowed for development and testing scenarios. If you are running in production you are required to have a licensed version. Please visit https://luckypennysoftware.com to obtain a valid license.
2026-08-14 10:07:08.310 +03:00 [INF] Executed DbCommand (11ms) [Parameters=[@p='?' (DbType = Int32)], CommandType='"Text"', CommandTimeout='30']
SELECT TOP(1) [p].[Id], [p].[CategoryId], [p].[CreatedAt], [p].[IsActive], [p].[Name], [p].[Price], [p].[Quantity], [p].[SellerId], [p].[Sku], [p].[SysmondStockId], [p].[UpdatedAt], [p].[WarehouseId]
FROM [Products] AS [p]
WHERE [p].[Id] = @p
2026-08-14 10:07:08.333 +03:00 [INF] Executed DbCommand (3ms) [Parameters=[@p='?' (DbType = Int32)], CommandType='"Text"', CommandTimeout='30']
SELECT TOP(1) [w].[Id], [w].[CreatedAt], [w].[IsActive], [w].[Location], [w].[Name], [w].[SysmondId]
FROM [Warehouses] AS [w]
WHERE [w].[Id] = @p
2026-08-14 10:07:09.184 +03:00 [INF] Executed action ECommerceManagement.Api.Controllers.SellerController.UpdateProduct (ECommerceManagement.Api) in 946.7497ms
2026-08-14 10:07:09.184 +03:00 [INF] Executed endpoint 'ECommerceManagement.Api.Controllers.SellerController.UpdateProduct (ECommerceManagement.Api)'
2026-08-14 10:07:09.185 +03:00 [ERR] HTTP PUT /api/Seller/products responded 500 in 992.7268 ms
System.Exception: Stok fişi (başlık) oluşturulamadı.
   at SysmondAx.Integration.Services.Stock.SysmondStockService.AdjustStockQuantityAsync(Guid sysmondStockId, Guid sysmondWarehouseId, Int32 differenceQuantity) in /Users/yigit/RiderProjects/ECommerceManagement/integrations/SysmondAx.Integration/Services/Stock/SysmondStockService.cs:line 251
   at ECommerceManagement.Application.Services.ProductService.UpdateProductAsync(Int32 id, UpdateProductDto dto) in /Users/yigit/RiderProjects/ECommerceManagement/src/ECommerceManagement.Application/Services/ProductService.cs:line 142
   at ECommerceManagement.Api.Controllers.SellerController.UpdateProduct(UpdateProductDto dto) in /Users/yigit/RiderProjects/ECommerceManagement/src/ECommerceManagement.Api/Controllers/SellerController.cs:line 42
   at Microsoft.AspNetCore.Mvc.Infrastructure.ActionMethodExecutor.TaskOfIActionResultExecutor.Execute(ActionContext actionContext, IActionResultTypeMapper mapper, ObjectMethodExecutor executor, Object controller, Object[] arguments)
   at Microsoft.AspNetCore.Mvc.Infrastructure.ControllerActionInvoker.<InvokeActionMethodAsync>g__Awaited|12_0(ControllerActionInvoker invoker, ValueTask`1 actionResultValueTask)
   at Microsoft.AspNetCore.Mvc.Infrastructure.ControllerActionInvoker.<InvokeNextActionFilterAsync>g__Awaited|10_0(ControllerActionInvoker invoker, Task lastTask, State next, Scope scope, Object state, Boolean isCompleted)
   at Microsoft.AspNetCore.Mvc.Infrastructure.ControllerActionInvoker.Rethrow(ActionExecutedContextSealed context)
   at Microsoft.AspNetCore.Mvc.Infrastructure.ControllerActionInvoker.Next(State& next, Scope& scope, Object& state, Boolean& isCompleted)
   at Microsoft.AspNetCore.Mvc.Infrastructure.ControllerActionInvoker.<InvokeInnerFilterAsync>g__Awaited|13_0(ControllerActionInvoker invoker, Task lastTask, State next, Scope scope, Object state, Boolean isCompleted)
   at Microsoft.AspNetCore.Mvc.Infrastructure.ResourceInvoker.<InvokeFilterPipelineAsync>g__Awaited|20_0(ResourceInvoker invoker, Task lastTask, State next, Scope scope, Object state, Boolean isCompleted)
   at Microsoft.AspNetCore.Mvc.Infrastructure.ResourceInvoker.<InvokeAsync>g__Logged|17_1(ResourceInvoker invoker)
   at Microsoft.AspNetCore.Mvc.Infrastructure.ResourceInvoker.<InvokeAsync>g__Logged|17_1(ResourceInvoker invoker)
   at Microsoft.AspNetCore.Routing.EndpointMiddleware.<Invoke>g__AwaitRequestTask|7_0(Endpoint endpoint, Task requestTask, ILogger logger)
   at Microsoft.AspNetCore.Authorization.AuthorizationMiddleware.Invoke(HttpContext context)
   at Microsoft.AspNetCore.Authentication.AuthenticationMiddleware.Invoke(HttpContext context)
   at Swashbuckle.AspNetCore.SwaggerUI.SwaggerUIMiddleware.Invoke(HttpContext httpContext)
   at Swashbuckle.AspNetCore.Swagger.SwaggerMiddleware.Invoke(HttpContext httpContext, ISwaggerProvider swaggerProvider)
   at Serilog.AspNetCore.RequestLoggingMiddleware.Invoke(HttpContext httpContext)
2026-08-14 10:07:09.191 +03:00 [ERR] An unhandled exception has occurred while executing the request.
System.Exception: Stok fişi (başlık) oluşturulamadı.
   at SysmondAx.Integration.Services.Stock.SysmondStockService.AdjustStockQuantityAsync(Guid sysmondStockId, Guid sysmondWarehouseId, Int32 differenceQuantity) in /Users/yigit/RiderProjects/ECommerceManagement/integrations/SysmondAx.Integration/Services/Stock/SysmondStockService.cs:line 251
   at ECommerceManagement.Application.Services.ProductService.UpdateProductAsync(Int32 id, UpdateProductDto dto) in /Users/yigit/RiderProjects/ECommerceManagement/src/ECommerceManagement.Application/Services/ProductService.cs:line 142
   at ECommerceManagement.Api.Controllers.SellerController.UpdateProduct(UpdateProductDto dto) in /Users/yigit/RiderProjects/ECommerceManagement/src/ECommerceManagement.Api/Controllers/SellerController.cs:line 42
   at Microsoft.AspNetCore.Mvc.Infrastructure.ActionMethodExecutor.TaskOfIActionResultExecutor.Execute(ActionContext actionContext, IActionResultTypeMapper mapper, ObjectMethodExecutor executor, Object controller, Object[] arguments)
   at Microsoft.AspNetCore.Mvc.Infrastructure.ControllerActionInvoker.<InvokeActionMethodAsync>g__Awaited|12_0(ControllerActionInvoker invoker, ValueTask`1 actionResultValueTask)
   at Microsoft.AspNetCore.Mvc.Infrastructure.ControllerActionInvoker.<InvokeNextActionFilterAsync>g__Awaited|10_0(ControllerActionInvoker invoker, Task lastTask, State next, Scope scope, Object state, Boolean isCompleted)
   at Microsoft.AspNetCore.Mvc.Infrastructure.ControllerActionInvoker.Rethrow(ActionExecutedContextSealed context)
   at Microsoft.AspNetCore.Mvc.Infrastructure.ControllerActionInvoker.Next(State& next, Scope& scope, Object& state, Boolean& isCompleted)
   at Microsoft.AspNetCore.Mvc.Infrastructure.ControllerActionInvoker.<InvokeInnerFilterAsync>g__Awaited|13_0(ControllerActionInvoker invoker, Task lastTask, State next, Scope scope, Object state, Boolean isCompleted)
   at Microsoft.AspNetCore.Mvc.Infrastructure.ResourceInvoker.<InvokeFilterPipelineAsync>g__Awaited|20_0(ResourceInvoker invoker, Task lastTask, State next, Scope scope, Object state, Boolean isCompleted)
   at Microsoft.AspNetCore.Mvc.Infrastructure.ResourceInvoker.<InvokeAsync>g__Logged|17_1(ResourceInvoker invoker)
   at Microsoft.AspNetCore.Mvc.Infrastructure.ResourceInvoker.<InvokeAsync>g__Logged|17_1(ResourceInvoker invoker)
   at Microsoft.AspNetCore.Routing.EndpointMiddleware.<Invoke>g__AwaitRequestTask|7_0(Endpoint endpoint, Task requestTask, ILogger logger)
   at Microsoft.AspNetCore.Authorization.AuthorizationMiddleware.Invoke(HttpContext context)
   at Microsoft.AspNetCore.Authentication.AuthenticationMiddleware.Invoke(HttpContext context)
   at Swashbuckle.AspNetCore.SwaggerUI.SwaggerUIMiddleware.Invoke(HttpContext httpContext)
   at Swashbuckle.AspNetCore.Swagger.SwaggerMiddleware.Invoke(HttpContext httpContext, ISwaggerProvider swaggerProvider)
   at Serilog.AspNetCore.RequestLoggingMiddleware.Invoke(HttpContext httpContext)
   at Microsoft.AspNetCore.Diagnostics.DeveloperExceptionPageMiddlewareImpl.Invoke(HttpContext context)
2026-08-14 10:07:09.194 +03:00 [INF] Request finished HTTP/1.1 PUT http://localhost:5275/api/Seller/products - 500 null text/plain; charset=utf-8 1015.6044ms
2026-08-14 10:15:03.540 +03:00 [INF] Application is shutting down...
2026-08-14 10:15:06.371 +03:00 [INF] Executed DbCommand (11ms) [Parameters=[], CommandType='"Text"', CommandTimeout='30']
SELECT CASE
    WHEN EXISTS (
        SELECT 1
        FROM [Users] AS [u]
        WHERE [u].[Email] = N'superadmin@sistem.com') THEN CAST(1 AS bit)
    ELSE CAST(0 AS bit)
END
2026-08-14 10:15:06.393 +03:00 [INF] Executed DbCommand (2ms) [Parameters=[], CommandType='"Text"', CommandTimeout='30']
SELECT CASE
    WHEN EXISTS (
        SELECT 1
        FROM [Users] AS [u]
        WHERE [u].[Email] = N'admin@sistem.com') THEN CAST(1 AS bit)
    ELSE CAST(0 AS bit)
END
2026-08-14 10:15:06.396 +03:00 [INF] User profile is available. Using '/Users/yigit/.aspnet/DataProtection-Keys' as key repository; keys will not be encrypted at rest.
2026-08-14 10:15:06.416 +03:00 [INF] Now listening on: http://localhost:5275
2026-08-14 10:15:06.416 +03:00 [INF] Application started. Press Ctrl+C to shut down.
2026-08-14 10:15:06.416 +03:00 [INF] Hosting environment: Development
2026-08-14 10:15:06.416 +03:00 [INF] Content root path: /Users/yigit/RiderProjects/ECommerceManagement/src/ECommerceManagement.Api
2026-08-14 10:15:16.534 +03:00 [INF] Request starting HTTP/1.1 PUT http://localhost:5275/api/Seller/products - application/json 67
2026-08-14 10:15:16.553 +03:00 [WRN] Failed to determine the https port for redirect.
2026-08-14 10:15:16.588 +03:00 [INF] Executing endpoint 'ECommerceManagement.Api.Controllers.SellerController.UpdateProduct (ECommerceManagement.Api)'
2026-08-14 10:15:16.595 +03:00 [INF] Route matched with {action = "UpdateProduct", controller = "Seller"}. Executing controller action with signature System.Threading.Tasks.Task`1[Microsoft.AspNetCore.Mvc.IActionResult] UpdateProduct(ECommerceManagement.Application.DTOs.Catalog.UpdateProductDto) on controller ECommerceManagement.Api.Controllers.SellerController (ECommerceManagement.Api).
2026-08-14 10:15:16.620 +03:00 [WRN] You do not have a valid license key for the Lucky Penny software AutoMapper. This is allowed for development and testing scenarios. If you are running in production you are required to have a licensed version. Please visit https://luckypennysoftware.com to obtain a valid license.
2026-08-14 10:15:16.668 +03:00 [INF] Executed DbCommand (9ms) [Parameters=[@p='?' (DbType = Int32)], CommandType='"Text"', CommandTimeout='30']
SELECT TOP(1) [p].[Id], [p].[CategoryId], [p].[CreatedAt], [p].[IsActive], [p].[Name], [p].[Price], [p].[Quantity], [p].[SellerId], [p].[Sku], [p].[SysmondStockId], [p].[UpdatedAt], [p].[WarehouseId]
FROM [Products] AS [p]
WHERE [p].[Id] = @p
2026-08-14 10:15:16.689 +03:00 [INF] Executed DbCommand (3ms) [Parameters=[@p='?' (DbType = Int32)], CommandType='"Text"', CommandTimeout='30']
SELECT TOP(1) [w].[Id], [w].[CreatedAt], [w].[IsActive], [w].[Location], [w].[Name], [w].[SysmondId]
FROM [Warehouses] AS [w]
WHERE [w].[Id] = @p
2026-08-14 10:15:17.553 +03:00 [INF] Executed DbCommand (25ms) [Parameters=[@p11='?' (DbType = Int32), @p0='?' (DbType = Int32), @p1='?' (DbType = DateTime2), @p2='?' (DbType = Boolean), @p3='?' (Size = 4000), @p4='?' (Precision = 18) (Scale = 2) (DbType = Decimal), @p5='?' (DbType = Int32), @p6='?' (DbType = Int32), @p7='?' (Size = 4000), @p8='?' (DbType = Guid), @p9='?' (DbType = DateTime2), @p10='?' (DbType = Int32)], CommandType='"Text"', CommandTimeout='30']
SET IMPLICIT_TRANSACTIONS OFF;
SET NOCOUNT ON;
UPDATE [Products] SET [CategoryId] = @p0, [CreatedAt] = @p1, [IsActive] = @p2, [Name] = @p3, [Price] = @p4, [Quantity] = @p5, [SellerId] = @p6, [Sku] = @p7, [SysmondStockId] = @p8, [UpdatedAt] = @p9, [WarehouseId] = @p10
OUTPUT 1
WHERE [Id] = @p11;
2026-08-14 10:15:17.560 +03:00 [INF] Executing OkObjectResult, writing value of type '<>f__AnonymousType0`1[[System.String, System.Private.CoreLib, Version=10.0.0.0, Culture=neutral, PublicKeyToken=7cec85d7bea7798e]]'.
2026-08-14 10:15:17.564 +03:00 [INF] Executed action ECommerceManagement.Api.Controllers.SellerController.UpdateProduct (ECommerceManagement.Api) in 967.4794ms
2026-08-14 10:15:17.565 +03:00 [INF] Executed endpoint 'ECommerceManagement.Api.Controllers.SellerController.UpdateProduct (ECommerceManagement.Api)'
2026-08-14 10:15:17.566 +03:00 [INF] HTTP PUT /api/Seller/products responded 200 in 1019.5125 ms
2026-08-14 10:15:17.568 +03:00 [INF] Request finished HTTP/1.1 PUT http://localhost:5275/api/Seller/products - 200 null application/json; charset=utf-8 1036.0892ms
2026-08-14 10:15:42.197 +03:00 [INF] Request starting HTTP/1.1 GET http://localhost:5275/api/Catalog/products - null null
2026-08-14 10:15:42.211 +03:00 [INF] Executing endpoint 'ECommerceManagement.Api.Controllers.CatalogController.GetActiveProducts (ECommerceManagement.Api)'
2026-08-14 10:15:42.222 +03:00 [INF] Route matched with {action = "GetActiveProducts", controller = "Catalog"}. Executing controller action with signature System.Threading.Tasks.Task`1[Microsoft.AspNetCore.Mvc.ActionResult`1[ECommerceManagement.Application.Common.PagedResultDto`1[ECommerceManagement.Application.DTOs.Catalog.ProductDto]]] GetActiveProducts(ECommerceManagement.Application.Common.ProductFilterDto) on controller ECommerceManagement.Api.Controllers.CatalogController (ECommerceManagement.Api).
2026-08-14 10:15:42.287 +03:00 [INF] Executed DbCommand (12ms) [Parameters=[], CommandType='"Text"', CommandTimeout='30']
SELECT COUNT(*)
FROM [Products] AS [p]
WHERE [p].[IsActive] = CAST(1 AS bit)
2026-08-14 10:15:42.314 +03:00 [INF] Executed DbCommand (4ms) [Parameters=[@p='?' (DbType = Int32), @p1='?' (DbType = Int32)], CommandType='"Text"', CommandTimeout='30']
SELECT [p0].[Id], [p0].[CategoryId], [p0].[CreatedAt], [p0].[IsActive], [p0].[Name], [p0].[Price], [p0].[Quantity], [p0].[SellerId], [p0].[Sku], [p0].[SysmondStockId], [p0].[UpdatedAt], [p0].[WarehouseId], [c].[Id], [c].[CreatedAt], [c].[Name], [c].[ParentCategoryId], [s].[Id], [s].[CompanyName], [s].[ContactEmail], [s].[CreatedAt], [s].[TaxNumber], [s].[UserId], [w].[Id], [w].[CreatedAt], [w].[IsActive], [w].[Location], [w].[Name], [w].[SysmondId]
FROM (
    SELECT [p].[Id], [p].[CategoryId], [p].[CreatedAt], [p].[IsActive], [p].[Name], [p].[Price], [p].[Quantity], [p].[SellerId], [p].[Sku], [p].[SysmondStockId], [p].[UpdatedAt], [p].[WarehouseId]
    FROM [Products] AS [p]
    WHERE [p].[IsActive] = CAST(1 AS bit)
    ORDER BY [p].[CreatedAt] DESC
    OFFSET @p ROWS FETCH NEXT @p1 ROWS ONLY
) AS [p0]
INNER JOIN [Categories] AS [c] ON [p0].[CategoryId] = [c].[Id]
INNER JOIN [Sellers] AS [s] ON [p0].[SellerId] = [s].[Id]
INNER JOIN [Warehouses] AS [w] ON [p0].[WarehouseId] = [w].[Id]
ORDER BY [p0].[CreatedAt] DESC
2026-08-14 10:15:42.326 +03:00 [INF] Executing OkObjectResult, writing value of type 'ECommerceManagement.Application.Common.PagedResultDto`1[[ECommerceManagement.Application.DTOs.Catalog.ProductDto, ECommerceManagement.Application, Version=1.0.0.0, Culture=neutral, PublicKeyToken=null]]'.
2026-08-14 10:15:42.329 +03:00 [INF] Executed action ECommerceManagement.Api.Controllers.CatalogController.GetActiveProducts (ECommerceManagement.Api) in 107.1283ms
2026-08-14 10:15:42.329 +03:00 [INF] Executed endpoint 'ECommerceManagement.Api.Controllers.CatalogController.GetActiveProducts (ECommerceManagement.Api)'
2026-08-14 10:15:42.329 +03:00 [INF] HTTP GET /api/Catalog/products responded 200 in 129.8906 ms
2026-08-14 10:15:42.329 +03:00 [INF] Request finished HTTP/1.1 GET http://localhost:5275/api/Catalog/products - 200 null application/json; charset=utf-8 131.9713ms
2026-08-14 10:15:59.059 +03:00 [INF] Request starting HTTP/1.1 PUT http://localhost:5275/api/Seller/products - application/json 67
2026-08-14 10:15:59.064 +03:00 [INF] Executing endpoint 'ECommerceManagement.Api.Controllers.SellerController.UpdateProduct (ECommerceManagement.Api)'
2026-08-14 10:15:59.065 +03:00 [INF] Route matched with {action = "UpdateProduct", controller = "Seller"}. Executing controller action with signature System.Threading.Tasks.Task`1[Microsoft.AspNetCore.Mvc.IActionResult] UpdateProduct(ECommerceManagement.Application.DTOs.Catalog.UpdateProductDto) on controller ECommerceManagement.Api.Controllers.SellerController (ECommerceManagement.Api).
2026-08-14 10:15:59.077 +03:00 [INF] Executed DbCommand (4ms) [Parameters=[@p='?' (DbType = Int32)], CommandType='"Text"', CommandTimeout='30']
SELECT TOP(1) [p].[Id], [p].[CategoryId], [p].[CreatedAt], [p].[IsActive], [p].[Name], [p].[Price], [p].[Quantity], [p].[SellerId], [p].[Sku], [p].[SysmondStockId], [p].[UpdatedAt], [p].[WarehouseId]
FROM [Products] AS [p]
WHERE [p].[Id] = @p
2026-08-14 10:15:59.081 +03:00 [INF] Executed DbCommand (2ms) [Parameters=[@p='?' (DbType = Int32)], CommandType='"Text"', CommandTimeout='30']
SELECT TOP(1) [w].[Id], [w].[CreatedAt], [w].[IsActive], [w].[Location], [w].[Name], [w].[SysmondId]
FROM [Warehouses] AS [w]
WHERE [w].[Id] = @p
2026-08-14 10:15:59.457 +03:00 [INF] Executed DbCommand (12ms) [Parameters=[@p11='?' (DbType = Int32), @p0='?' (DbType = Int32), @p1='?' (DbType = DateTime2), @p2='?' (DbType = Boolean), @p3='?' (Size = 4000), @p4='?' (Precision = 18) (Scale = 2) (DbType = Decimal), @p5='?' (DbType = Int32), @p6='?' (DbType = Int32), @p7='?' (Size = 4000), @p8='?' (DbType = Guid), @p9='?' (DbType = DateTime2), @p10='?' (DbType = Int32)], CommandType='"Text"', CommandTimeout='30']
SET IMPLICIT_TRANSACTIONS OFF;
SET NOCOUNT ON;
UPDATE [Products] SET [CategoryId] = @p0, [CreatedAt] = @p1, [IsActive] = @p2, [Name] = @p3, [Price] = @p4, [Quantity] = @p5, [SellerId] = @p6, [Sku] = @p7, [SysmondStockId] = @p8, [UpdatedAt] = @p9, [WarehouseId] = @p10
OUTPUT 1
WHERE [Id] = @p11;
2026-08-14 10:15:59.458 +03:00 [INF] Executing OkObjectResult, writing value of type '<>f__AnonymousType0`1[[System.String, System.Private.CoreLib, Version=10.0.0.0, Culture=neutral, PublicKeyToken=7cec85d7bea7798e]]'.
2026-08-14 10:15:59.458 +03:00 [INF] Executed action ECommerceManagement.Api.Controllers.SellerController.UpdateProduct (ECommerceManagement.Api) in 392.9516ms
2026-08-14 10:15:59.458 +03:00 [INF] Executed endpoint 'ECommerceManagement.Api.Controllers.SellerController.UpdateProduct (ECommerceManagement.Api)'
2026-08-14 10:15:59.458 +03:00 [INF] HTTP PUT /api/Seller/products responded 200 in 398.3424 ms
2026-08-14 10:15:59.458 +03:00 [INF] Request finished HTTP/1.1 PUT http://localhost:5275/api/Seller/products - 200 null application/json; charset=utf-8 398.788ms
2026-08-14 10:31:26.321 +03:00 [INF] Application is shutting down...
2026-08-14 10:31:31.630 +03:00 [INF] Executed DbCommand (13ms) [Parameters=[], CommandType='"Text"', CommandTimeout='30']
SELECT CASE
    WHEN EXISTS (
        SELECT 1
        FROM [Users] AS [u]
        WHERE [u].[Email] = N'superadmin@sistem.com') THEN CAST(1 AS bit)
    ELSE CAST(0 AS bit)
END
2026-08-14 10:31:31.651 +03:00 [INF] Executed DbCommand (2ms) [Parameters=[], CommandType='"Text"', CommandTimeout='30']
SELECT CASE
    WHEN EXISTS (
        SELECT 1
        FROM [Users] AS [u]
        WHERE [u].[Email] = N'admin@sistem.com') THEN CAST(1 AS bit)
    ELSE CAST(0 AS bit)
END
2026-08-14 10:31:31.655 +03:00 [INF] User profile is available. Using '/Users/yigit/.aspnet/DataProtection-Keys' as key repository; keys will not be encrypted at rest.
2026-08-14 10:31:31.674 +03:00 [INF] Now listening on: http://localhost:5275
2026-08-14 10:31:31.675 +03:00 [INF] Application started. Press Ctrl+C to shut down.
2026-08-14 10:31:31.675 +03:00 [INF] Hosting environment: Development
2026-08-14 10:31:31.675 +03:00 [INF] Content root path: /Users/yigit/RiderProjects/ECommerceManagement/src/ECommerceManagement.Api
2026-08-14 10:31:36.606 +03:00 [INF] Request starting HTTP/1.1 POST http://localhost:5275/api/Catalog/sync - null 0
2026-08-14 10:31:36.621 +03:00 [WRN] Failed to determine the https port for redirect.
2026-08-14 10:31:36.649 +03:00 [INF] Failed to validate the token.
Microsoft.IdentityModel.Tokens.SecurityTokenExpiredException: IDX10223: Lifetime validation failed. The token is expired. ValidTo (UTC): '14.08.2026 07:18:22', Current time (UTC): '14.08.2026 07:31:36'.
   at Microsoft.IdentityModel.Tokens.ValidatorUtilities.ValidateLifetime(Nullable`1 notBefore, Nullable`1 expires, SecurityToken securityToken, TokenValidationParameters validationParameters)
   at Microsoft.IdentityModel.Tokens.Validators.ValidateLifetime(Nullable`1 notBefore, Nullable`1 expires, SecurityToken securityToken, TokenValidationParameters validationParameters)
   at Microsoft.IdentityModel.JsonWebTokens.JsonWebTokenHandler.ValidateTokenPayloadAsync(JsonWebToken jsonWebToken, TokenValidationParameters validationParameters, BaseConfiguration configuration)
   at Microsoft.IdentityModel.JsonWebTokens.JsonWebTokenHandler.ValidateJWSAsync(JsonWebToken jsonWebToken, TokenValidationParameters validationParameters, BaseConfiguration configuration)
2026-08-14 10:31:36.652 +03:00 [INF] Bearer was not authenticated. Failure message: IDX10223: Lifetime validation failed. The token is expired. ValidTo (UTC): '14.08.2026 07:18:22', Current time (UTC): '14.08.2026 07:31:36'.
2026-08-14 10:31:36.653 +03:00 [INF] Executing endpoint 'ECommerceManagement.Api.Controllers.CatalogController.SyncProducts (ECommerceManagement.Api)'
2026-08-14 10:31:36.657 +03:00 [INF] Route matched with {action = "SyncProducts", controller = "Catalog"}. Executing controller action with signature System.Threading.Tasks.Task`1[Microsoft.AspNetCore.Mvc.IActionResult] SyncProducts() on controller ECommerceManagement.Api.Controllers.CatalogController (ECommerceManagement.Api).
2026-08-14 10:31:36.686 +03:00 [WRN] You do not have a valid license key for the Lucky Penny software AutoMapper. This is allowed for development and testing scenarios. If you are running in production you are required to have a licensed version. Please visit https://luckypennysoftware.com to obtain a valid license.
2026-08-14 10:31:37.510 +03:00 [INF] Executed DbCommand (11ms) [Parameters=[], CommandType='"Text"', CommandTimeout='30']
SELECT [p].[Id], [p].[CategoryId], [p].[CreatedAt], [p].[IsActive], [p].[Name], [p].[Price], [p].[Quantity], [p].[SellerId], [p].[Sku], [p].[SysmondStockId], [p].[UpdatedAt], [p].[WarehouseId]
FROM [Products] AS [p]
2026-08-14 10:31:37.547 +03:00 [INF] Executed DbCommand (4ms) [Parameters=[], CommandType='"Text"', CommandTimeout='30']
SELECT [w].[Id], [w].[CreatedAt], [w].[IsActive], [w].[Location], [w].[Name], [w].[SysmondId]
FROM [Warehouses] AS [w]
2026-08-14 10:31:37.614 +03:00 [INF] Executed DbCommand (17ms) [Parameters=[@p11='?' (DbType = Int32), @p0='?' (DbType = Int32), @p1='?' (DbType = DateTime2), @p2='?' (DbType = Boolean), @p3='?' (Size = 4000), @p4='?' (Precision = 18) (Scale = 2) (DbType = Decimal), @p5='?' (DbType = Int32), @p6='?' (DbType = Int32), @p7='?' (Size = 4000), @p8='?' (DbType = Guid), @p9='?' (DbType = DateTime2), @p10='?' (DbType = Int32), @p23='?' (DbType = Int32), @p12='?' (DbType = Int32), @p13='?' (DbType = DateTime2), @p14='?' (DbType = Boolean), @p15='?' (Size = 4000), @p16='?' (Precision = 18) (Scale = 2) (DbType = Decimal), @p17='?' (DbType = Int32), @p18='?' (DbType = Int32), @p19='?' (Size = 4000), @p20='?' (DbType = Guid), @p21='?' (DbType = DateTime2), @p22='?' (DbType = Int32), @p35='?' (DbType = Int32), @p24='?' (DbType = Int32), @p25='?' (DbType = DateTime2), @p26='?' (DbType = Boolean), @p27='?' (Size = 4000), @p28='?' (Precision = 18) (Scale = 2) (DbType = Decimal), @p29='?' (DbType = Int32), @p30='?' (DbType = Int32), @p31='?' (Size = 4000), @p32='?' (DbType = Guid), @p33='?' (DbType = DateTime2), @p34='?' (DbType = Int32), @p47='?' (DbType = Int32), @p36='?' (DbType = Int32), @p37='?' (DbType = DateTime2), @p38='?' (DbType = Boolean), @p39='?' (Size = 4000), @p40='?' (Precision = 18) (Scale = 2) (DbType = Decimal), @p41='?' (DbType = Int32), @p42='?' (DbType = Int32), @p43='?' (Size = 4000), @p44='?' (DbType = Guid), @p45='?' (DbType = DateTime2), @p46='?' (DbType = Int32), @p59='?' (DbType = Int32), @p48='?' (DbType = Int32), @p49='?' (DbType = DateTime2), @p50='?' (DbType = Boolean), @p51='?' (Size = 4000), @p52='?' (Precision = 18) (Scale = 2) (DbType = Decimal), @p53='?' (DbType = Int32), @p54='?' (DbType = Int32), @p55='?' (Size = 4000), @p56='?' (DbType = Guid), @p57='?' (DbType = DateTime2), @p58='?' (DbType = Int32), @p71='?' (DbType = Int32), @p60='?' (DbType = Int32), @p61='?' (DbType = DateTime2), @p62='?' (DbType = Boolean), @p63='?' (Size = 4000), @p64='?' (Precision = 18) (Scale = 2) (DbType = Decimal), @p65='?' (DbType = Int32), @p66='?' (DbType = Int32), @p67='?' (Size = 4000), @p68='?' (DbType = Guid), @p69='?' (DbType = DateTime2), @p70='?' (DbType = Int32)], CommandType='"Text"', CommandTimeout='30']
SET NOCOUNT ON;
UPDATE [Products] SET [CategoryId] = @p0, [CreatedAt] = @p1, [IsActive] = @p2, [Name] = @p3, [Price] = @p4, [Quantity] = @p5, [SellerId] = @p6, [Sku] = @p7, [SysmondStockId] = @p8, [UpdatedAt] = @p9, [WarehouseId] = @p10
OUTPUT 1
WHERE [Id] = @p11;
UPDATE [Products] SET [CategoryId] = @p12, [CreatedAt] = @p13, [IsActive] = @p14, [Name] = @p15, [Price] = @p16, [Quantity] = @p17, [SellerId] = @p18, [Sku] = @p19, [SysmondStockId] = @p20, [UpdatedAt] = @p21, [WarehouseId] = @p22
OUTPUT 1
WHERE [Id] = @p23;
UPDATE [Products] SET [CategoryId] = @p24, [CreatedAt] = @p25, [IsActive] = @p26, [Name] = @p27, [Price] = @p28, [Quantity] = @p29, [SellerId] = @p30, [Sku] = @p31, [SysmondStockId] = @p32, [UpdatedAt] = @p33, [WarehouseId] = @p34
OUTPUT 1
WHERE [Id] = @p35;
UPDATE [Products] SET [CategoryId] = @p36, [CreatedAt] = @p37, [IsActive] = @p38, [Name] = @p39, [Price] = @p40, [Quantity] = @p41, [SellerId] = @p42, [Sku] = @p43, [SysmondStockId] = @p44, [UpdatedAt] = @p45, [WarehouseId] = @p46
OUTPUT 1
WHERE [Id] = @p47;
UPDATE [Products] SET [CategoryId] = @p48, [CreatedAt] = @p49, [IsActive] = @p50, [Name] = @p51, [Price] = @p52, [Quantity] = @p53, [SellerId] = @p54, [Sku] = @p55, [SysmondStockId] = @p56, [UpdatedAt] = @p57, [WarehouseId] = @p58
OUTPUT 1
WHERE [Id] = @p59;
UPDATE [Products] SET [CategoryId] = @p60, [CreatedAt] = @p61, [IsActive] = @p62, [Name] = @p63, [Price] = @p64, [Quantity] = @p65, [SellerId] = @p66, [Sku] = @p67, [SysmondStockId] = @p68, [UpdatedAt] = @p69, [WarehouseId] = @p70
OUTPUT 1
WHERE [Id] = @p71;
2026-08-14 10:31:37.625 +03:00 [INF] Executing OkObjectResult, writing value of type '<>f__AnonymousType1`1[[System.String, System.Private.CoreLib, Version=10.0.0.0, Culture=neutral, PublicKeyToken=7cec85d7bea7798e]]'.
2026-08-14 10:31:37.629 +03:00 [INF] Executed action ECommerceManagement.Api.Controllers.CatalogController.SyncProducts (ECommerceManagement.Api) in 971.2635ms
2026-08-14 10:31:37.630 +03:00 [INF] Executed endpoint 'ECommerceManagement.Api.Controllers.CatalogController.SyncProducts (ECommerceManagement.Api)'
2026-08-14 10:31:37.630 +03:00 [INF] HTTP POST /api/Catalog/sync responded 200 in 1015.1810 ms
2026-08-14 10:31:37.632 +03:00 [INF] Request finished HTTP/1.1 POST http://localhost:5275/api/Catalog/sync - 200 null application/json; charset=utf-8 1026.0403ms
2026-08-14 10:31:42.897 +03:00 [INF] Request starting HTTP/1.1 GET http://localhost:5275/api/Catalog/products - null null
2026-08-14 10:31:42.904 +03:00 [INF] Failed to validate the token.
Microsoft.IdentityModel.Tokens.SecurityTokenExpiredException: IDX10223: Lifetime validation failed. The token is expired. ValidTo (UTC): '14.08.2026 07:18:22', Current time (UTC): '14.08.2026 07:31:42'.
   at Microsoft.IdentityModel.Tokens.ValidatorUtilities.ValidateLifetime(Nullable`1 notBefore, Nullable`1 expires, SecurityToken securityToken, TokenValidationParameters validationParameters)
   at Microsoft.IdentityModel.Tokens.Validators.ValidateLifetime(Nullable`1 notBefore, Nullable`1 expires, SecurityToken securityToken, TokenValidationParameters validationParameters)
   at Microsoft.IdentityModel.JsonWebTokens.JsonWebTokenHandler.ValidateTokenPayloadAsync(JsonWebToken jsonWebToken, TokenValidationParameters validationParameters, BaseConfiguration configuration)
   at Microsoft.IdentityModel.JsonWebTokens.JsonWebTokenHandler.ValidateJWSAsync(JsonWebToken jsonWebToken, TokenValidationParameters validationParameters, BaseConfiguration configuration)
2026-08-14 10:31:42.905 +03:00 [INF] Bearer was not authenticated. Failure message: IDX10223: Lifetime validation failed. The token is expired. ValidTo (UTC): '14.08.2026 07:18:22', Current time (UTC): '14.08.2026 07:31:42'.
2026-08-14 10:31:42.906 +03:00 [INF] Executing endpoint 'ECommerceManagement.Api.Controllers.CatalogController.GetActiveProducts (ECommerceManagement.Api)'
2026-08-14 10:31:42.922 +03:00 [INF] Route matched with {action = "GetActiveProducts", controller = "Catalog"}. Executing controller action with signature System.Threading.Tasks.Task`1[Microsoft.AspNetCore.Mvc.ActionResult`1[ECommerceManagement.Application.Common.PagedResultDto`1[ECommerceManagement.Application.DTOs.Catalog.ProductDto]]] GetActiveProducts(ECommerceManagement.Application.Common.ProductFilterDto) on controller ECommerceManagement.Api.Controllers.CatalogController (ECommerceManagement.Api).
2026-08-14 10:31:42.988 +03:00 [INF] Executed DbCommand (5ms) [Parameters=[], CommandType='"Text"', CommandTimeout='30']
SELECT COUNT(*)
FROM [Products] AS [p]
WHERE [p].[IsActive] = CAST(1 AS bit)
2026-08-14 10:31:43.013 +03:00 [INF] Executed DbCommand (3ms) [Parameters=[@p='?' (DbType = Int32), @p1='?' (DbType = Int32)], CommandType='"Text"', CommandTimeout='30']
SELECT [p0].[Id], [p0].[CategoryId], [p0].[CreatedAt], [p0].[IsActive], [p0].[Name], [p0].[Price], [p0].[Quantity], [p0].[SellerId], [p0].[Sku], [p0].[SysmondStockId], [p0].[UpdatedAt], [p0].[WarehouseId], [c].[Id], [c].[CreatedAt], [c].[Name], [c].[ParentCategoryId], [s].[Id], [s].[CompanyName], [s].[ContactEmail], [s].[CreatedAt], [s].[TaxNumber], [s].[UserId], [w].[Id], [w].[CreatedAt], [w].[IsActive], [w].[Location], [w].[Name], [w].[SysmondId]
FROM (
    SELECT [p].[Id], [p].[CategoryId], [p].[CreatedAt], [p].[IsActive], [p].[Name], [p].[Price], [p].[Quantity], [p].[SellerId], [p].[Sku], [p].[SysmondStockId], [p].[UpdatedAt], [p].[WarehouseId]
    FROM [Products] AS [p]
    WHERE [p].[IsActive] = CAST(1 AS bit)
    ORDER BY [p].[CreatedAt] DESC
    OFFSET @p ROWS FETCH NEXT @p1 ROWS ONLY
) AS [p0]
INNER JOIN [Categories] AS [c] ON [p0].[CategoryId] = [c].[Id]
INNER JOIN [Sellers] AS [s] ON [p0].[SellerId] = [s].[Id]
INNER JOIN [Warehouses] AS [w] ON [p0].[WarehouseId] = [w].[Id]
ORDER BY [p0].[CreatedAt] DESC
2026-08-14 10:31:43.025 +03:00 [INF] Executing OkObjectResult, writing value of type 'ECommerceManagement.Application.Common.PagedResultDto`1[[ECommerceManagement.Application.DTOs.Catalog.ProductDto, ECommerceManagement.Application, Version=1.0.0.0, Culture=neutral, PublicKeyToken=null]]'.
2026-08-14 10:31:43.027 +03:00 [INF] Executed action ECommerceManagement.Api.Controllers.CatalogController.GetActiveProducts (ECommerceManagement.Api) in 104.5116ms
2026-08-14 10:31:43.027 +03:00 [INF] Executed endpoint 'ECommerceManagement.Api.Controllers.CatalogController.GetActiveProducts (ECommerceManagement.Api)'
2026-08-14 10:31:43.027 +03:00 [INF] HTTP GET /api/Catalog/products responded 200 in 127.5746 ms
2026-08-14 10:31:43.027 +03:00 [INF] Request finished HTTP/1.1 GET http://localhost:5275/api/Catalog/products - 200 null application/json; charset=utf-8 130.45ms
2026-08-14 10:31:49.011 +03:00 [INF] Request starting HTTP/1.1 GET http://localhost:5275/api/Catalog/products - null null
2026-08-14 10:31:49.014 +03:00 [INF] Failed to validate the token.
Microsoft.IdentityModel.Tokens.SecurityTokenExpiredException: IDX10223: Lifetime validation failed. The token is expired. ValidTo (UTC): '14.08.2026 07:18:22', Current time (UTC): '14.08.2026 07:31:49'.
   at Microsoft.IdentityModel.Tokens.ValidatorUtilities.ValidateLifetime(Nullable`1 notBefore, Nullable`1 expires, SecurityToken securityToken, TokenValidationParameters validationParameters)
   at Microsoft.IdentityModel.Tokens.Validators.ValidateLifetime(Nullable`1 notBefore, Nullable`1 expires, SecurityToken securityToken, TokenValidationParameters validationParameters)
   at Microsoft.IdentityModel.JsonWebTokens.JsonWebTokenHandler.ValidateTokenPayloadAsync(JsonWebToken jsonWebToken, TokenValidationParameters validationParameters, BaseConfiguration configuration)
   at Microsoft.IdentityModel.JsonWebTokens.JsonWebTokenHandler.ValidateJWSAsync(JsonWebToken jsonWebToken, TokenValidationParameters validationParameters, BaseConfiguration configuration)
2026-08-14 10:31:49.015 +03:00 [INF] Bearer was not authenticated. Failure message: IDX10223: Lifetime validation failed. The token is expired. ValidTo (UTC): '14.08.2026 07:18:22', Current time (UTC): '14.08.2026 07:31:49'.
2026-08-14 10:31:49.015 +03:00 [INF] Executing endpoint 'ECommerceManagement.Api.Controllers.CatalogController.GetActiveProducts (ECommerceManagement.Api)'
2026-08-14 10:31:49.015 +03:00 [INF] Route matched with {action = "GetActiveProducts", controller = "Catalog"}. Executing controller action with signature System.Threading.Tasks.Task`1[Microsoft.AspNetCore.Mvc.ActionResult`1[ECommerceManagement.Application.Common.PagedResultDto`1[ECommerceManagement.Application.DTOs.Catalog.ProductDto]]] GetActiveProducts(ECommerceManagement.Application.Common.ProductFilterDto) on controller ECommerceManagement.Api.Controllers.CatalogController (ECommerceManagement.Api).
2026-08-14 10:31:49.030 +03:00 [INF] Executed DbCommand (4ms) [Parameters=[], CommandType='"Text"', CommandTimeout='30']
SELECT COUNT(*)
FROM [Products] AS [p]
WHERE [p].[IsActive] = CAST(1 AS bit)
2026-08-14 10:31:49.037 +03:00 [INF] Executed DbCommand (6ms) [Parameters=[@p='?' (DbType = Int32), @p1='?' (DbType = Int32)], CommandType='"Text"', CommandTimeout='30']
SELECT [p0].[Id], [p0].[CategoryId], [p0].[CreatedAt], [p0].[IsActive], [p0].[Name], [p0].[Price], [p0].[Quantity], [p0].[SellerId], [p0].[Sku], [p0].[SysmondStockId], [p0].[UpdatedAt], [p0].[WarehouseId], [c].[Id], [c].[CreatedAt], [c].[Name], [c].[ParentCategoryId], [s].[Id], [s].[CompanyName], [s].[ContactEmail], [s].[CreatedAt], [s].[TaxNumber], [s].[UserId], [w].[Id], [w].[CreatedAt], [w].[IsActive], [w].[Location], [w].[Name], [w].[SysmondId]
FROM (
    SELECT [p].[Id], [p].[CategoryId], [p].[CreatedAt], [p].[IsActive], [p].[Name], [p].[Price], [p].[Quantity], [p].[SellerId], [p].[Sku], [p].[SysmondStockId], [p].[UpdatedAt], [p].[WarehouseId]
    FROM [Products] AS [p]
    WHERE [p].[IsActive] = CAST(1 AS bit)
    ORDER BY [p].[CreatedAt] DESC
    OFFSET @p ROWS FETCH NEXT @p1 ROWS ONLY
) AS [p0]
INNER JOIN [Categories] AS [c] ON [p0].[CategoryId] = [c].[Id]
INNER JOIN [Sellers] AS [s] ON [p0].[SellerId] = [s].[Id]
INNER JOIN [Warehouses] AS [w] ON [p0].[WarehouseId] = [w].[Id]
ORDER BY [p0].[CreatedAt] DESC
2026-08-14 10:31:49.041 +03:00 [INF] Executing OkObjectResult, writing value of type 'ECommerceManagement.Application.Common.PagedResultDto`1[[ECommerceManagement.Application.DTOs.Catalog.ProductDto, ECommerceManagement.Application, Version=1.0.0.0, Culture=neutral, PublicKeyToken=null]]'.
2026-08-14 10:31:49.042 +03:00 [INF] Executed action ECommerceManagement.Api.Controllers.CatalogController.GetActiveProducts (ECommerceManagement.Api) in 26.5249ms
2026-08-14 10:31:49.042 +03:00 [INF] Executed endpoint 'ECommerceManagement.Api.Controllers.CatalogController.GetActiveProducts (ECommerceManagement.Api)'
2026-08-14 10:31:49.043 +03:00 [INF] HTTP GET /api/Catalog/products responded 200 in 30.9173 ms
2026-08-14 10:31:49.044 +03:00 [INF] Request finished HTTP/1.1 GET http://localhost:5275/api/Catalog/products - 200 null application/json; charset=utf-8 32.5076ms
2026-08-14 10:31:59.569 +03:00 [INF] Request starting HTTP/1.1 PUT http://localhost:5275/api/Seller/products - application/json 67
2026-08-14 10:31:59.569 +03:00 [INF] Failed to validate the token.
Microsoft.IdentityModel.Tokens.SecurityTokenExpiredException: IDX10223: Lifetime validation failed. The token is expired. ValidTo (UTC): '14.08.2026 07:18:22', Current time (UTC): '14.08.2026 07:31:59'.
   at Microsoft.IdentityModel.Tokens.ValidatorUtilities.ValidateLifetime(Nullable`1 notBefore, Nullable`1 expires, SecurityToken securityToken, TokenValidationParameters validationParameters)
   at Microsoft.IdentityModel.Tokens.Validators.ValidateLifetime(Nullable`1 notBefore, Nullable`1 expires, SecurityToken securityToken, TokenValidationParameters validationParameters)
   at Microsoft.IdentityModel.JsonWebTokens.JsonWebTokenHandler.ValidateTokenPayloadAsync(JsonWebToken jsonWebToken, TokenValidationParameters validationParameters, BaseConfiguration configuration)
   at Microsoft.IdentityModel.JsonWebTokens.JsonWebTokenHandler.ValidateJWSAsync(JsonWebToken jsonWebToken, TokenValidationParameters validationParameters, BaseConfiguration configuration)
2026-08-14 10:31:59.570 +03:00 [INF] Bearer was not authenticated. Failure message: IDX10223: Lifetime validation failed. The token is expired. ValidTo (UTC): '14.08.2026 07:18:22', Current time (UTC): '14.08.2026 07:31:59'.
2026-08-14 10:31:59.575 +03:00 [INF] Authorization failed. These requirements were not met:
RolesAuthorizationRequirement:User.IsInRole must be true for one of the following roles: (Seller)
2026-08-14 10:31:59.579 +03:00 [INF] AuthenticationScheme: Bearer was challenged.
2026-08-14 10:31:59.579 +03:00 [INF] HTTP PUT /api/Seller/products responded 401 in 9.9410 ms
2026-08-14 10:31:59.579 +03:00 [INF] Request finished HTTP/1.1 PUT http://localhost:5275/api/Seller/products - 401 0 null 10.472ms
2026-08-14 10:32:15.303 +03:00 [INF] Request starting HTTP/1.1 PUT http://localhost:5275/api/Seller/products - application/json 67
2026-08-14 10:32:15.303 +03:00 [INF] Failed to validate the token.
Microsoft.IdentityModel.Tokens.SecurityTokenExpiredException: IDX10223: Lifetime validation failed. The token is expired. ValidTo (UTC): '14.08.2026 07:18:22', Current time (UTC): '14.08.2026 07:32:15'.
   at Microsoft.IdentityModel.Tokens.ValidatorUtilities.ValidateLifetime(Nullable`1 notBefore, Nullable`1 expires, SecurityToken securityToken, TokenValidationParameters validationParameters)
   at Microsoft.IdentityModel.Tokens.Validators.ValidateLifetime(Nullable`1 notBefore, Nullable`1 expires, SecurityToken securityToken, TokenValidationParameters validationParameters)
   at Microsoft.IdentityModel.JsonWebTokens.JsonWebTokenHandler.ValidateTokenPayloadAsync(JsonWebToken jsonWebToken, TokenValidationParameters validationParameters, BaseConfiguration configuration)
   at Microsoft.IdentityModel.JsonWebTokens.JsonWebTokenHandler.ValidateJWSAsync(JsonWebToken jsonWebToken, TokenValidationParameters validationParameters, BaseConfiguration configuration)
2026-08-14 10:32:15.304 +03:00 [INF] Bearer was not authenticated. Failure message: IDX10223: Lifetime validation failed. The token is expired. ValidTo (UTC): '14.08.2026 07:18:22', Current time (UTC): '14.08.2026 07:32:15'.
2026-08-14 10:32:15.305 +03:00 [INF] Authorization failed. These requirements were not met:
RolesAuthorizationRequirement:User.IsInRole must be true for one of the following roles: (Seller)
2026-08-14 10:32:15.306 +03:00 [INF] AuthenticationScheme: Bearer was challenged.
2026-08-14 10:32:15.306 +03:00 [INF] HTTP PUT /api/Seller/products responded 401 in 2.4911 ms
2026-08-14 10:32:15.306 +03:00 [INF] Request finished HTTP/1.1 PUT http://localhost:5275/api/Seller/products - 401 0 null 3.0019ms
2026-08-14 10:32:23.566 +03:00 [INF] Request starting HTTP/1.1 POST http://localhost:5275/api/Auth/login - application/json 62
2026-08-14 10:32:23.566 +03:00 [INF] Failed to validate the token.
Microsoft.IdentityModel.Tokens.SecurityTokenExpiredException: IDX10223: Lifetime validation failed. The token is expired. ValidTo (UTC): '14.08.2026 07:18:22', Current time (UTC): '14.08.2026 07:32:23'.
   at Microsoft.IdentityModel.Tokens.ValidatorUtilities.ValidateLifetime(Nullable`1 notBefore, Nullable`1 expires, SecurityToken securityToken, TokenValidationParameters validationParameters)
   at Microsoft.IdentityModel.Tokens.Validators.ValidateLifetime(Nullable`1 notBefore, Nullable`1 expires, SecurityToken securityToken, TokenValidationParameters validationParameters)
   at Microsoft.IdentityModel.JsonWebTokens.JsonWebTokenHandler.ValidateTokenPayloadAsync(JsonWebToken jsonWebToken, TokenValidationParameters validationParameters, BaseConfiguration configuration)
   at Microsoft.IdentityModel.JsonWebTokens.JsonWebTokenHandler.ValidateJWSAsync(JsonWebToken jsonWebToken, TokenValidationParameters validationParameters, BaseConfiguration configuration)
2026-08-14 10:32:23.567 +03:00 [INF] Bearer was not authenticated. Failure message: IDX10223: Lifetime validation failed. The token is expired. ValidTo (UTC): '14.08.2026 07:18:22', Current time (UTC): '14.08.2026 07:32:23'.
2026-08-14 10:32:23.567 +03:00 [INF] Executing endpoint 'ECommerceManagement.Api.Controllers.AuthController.Login (ECommerceManagement.Api)'
2026-08-14 10:32:23.574 +03:00 [INF] Route matched with {action = "Login", controller = "Auth"}. Executing controller action with signature System.Threading.Tasks.Task`1[Microsoft.AspNetCore.Mvc.IActionResult] Login(ECommerceManagement.Application.DTOs.Auth.LoginDto) on controller ECommerceManagement.Api.Controllers.AuthController (ECommerceManagement.Api).
2026-08-14 10:32:23.607 +03:00 [INF] Executed DbCommand (4ms) [Parameters=[@dto_Email='?' (Size = 450)], CommandType='"Text"', CommandTimeout='30']
SELECT TOP(1) [u].[Id], [u].[CreatedAt], [u].[Email], [u].[IsActive], [u].[PasswordHash], [u].[RefreshToken], [u].[RefreshTokenExpiresAt], [u].[Username]
FROM [Users] AS [u]
WHERE [u].[Email] = @dto_Email
2026-08-14 10:32:23.667 +03:00 [INF] Executed DbCommand (4ms) [Parameters=[@user_Id='?' (DbType = Int32)], CommandType='"Text"', CommandTimeout='30']
SELECT [u].[UserId], [u].[RoleId]
FROM [UserRoles] AS [u]
WHERE [u].[UserId] = @user_Id
2026-08-14 10:32:23.682 +03:00 [INF] Executed DbCommand (3ms) [Parameters=[@roleIds1='?' (DbType = Int32)], CommandType='"Text"', CommandTimeout='30']
SELECT [r].[Id], [r].[CreatedAt], [r].[Name]
FROM [Roles] AS [r]
WHERE [r].[Id] = @roleIds1
2026-08-14 10:32:23.698 +03:00 [INF] Executed DbCommand (7ms) [Parameters=[@p7='?' (DbType = Int32), @p0='?' (DbType = DateTime2), @p1='?' (Size = 450), @p2='?' (DbType = Boolean), @p3='?' (Size = 4000), @p4='?' (Size = 4000), @p5='?' (DbType = DateTime2), @p6='?' (Size = 4000)], CommandType='"Text"', CommandTimeout='30']
SET IMPLICIT_TRANSACTIONS OFF;
SET NOCOUNT ON;
UPDATE [Users] SET [CreatedAt] = @p0, [Email] = @p1, [IsActive] = @p2, [PasswordHash] = @p3, [RefreshToken] = @p4, [RefreshTokenExpiresAt] = @p5, [Username] = @p6
OUTPUT 1
WHERE [Id] = @p7;
2026-08-14 10:32:23.698 +03:00 [INF] Executing OkObjectResult, writing value of type 'ECommerceManagement.Application.DTOs.Auth.TokenResponseDto'.
2026-08-14 10:32:23.699 +03:00 [INF] Executed action ECommerceManagement.Api.Controllers.AuthController.Login (ECommerceManagement.Api) in 125.1092ms
2026-08-14 10:32:23.699 +03:00 [INF] Executed endpoint 'ECommerceManagement.Api.Controllers.AuthController.Login (ECommerceManagement.Api)'
2026-08-14 10:32:23.699 +03:00 [INF] HTTP POST /api/Auth/login responded 200 in 133.5648 ms
2026-08-14 10:32:23.700 +03:00 [INF] Request finished HTTP/1.1 POST http://localhost:5275/api/Auth/login - 200 null application/json; charset=utf-8 133.8755ms
2026-08-14 10:32:44.867 +03:00 [INF] Request starting HTTP/1.1 PUT http://localhost:5275/api/Seller/products - application/json 67
2026-08-14 10:32:44.883 +03:00 [INF] Executing endpoint 'ECommerceManagement.Api.Controllers.SellerController.UpdateProduct (ECommerceManagement.Api)'
2026-08-14 10:32:44.889 +03:00 [INF] Route matched with {action = "UpdateProduct", controller = "Seller"}. Executing controller action with signature System.Threading.Tasks.Task`1[Microsoft.AspNetCore.Mvc.IActionResult] UpdateProduct(ECommerceManagement.Application.DTOs.Catalog.UpdateProductDto) on controller ECommerceManagement.Api.Controllers.SellerController (ECommerceManagement.Api).
2026-08-14 10:32:44.910 +03:00 [INF] Executed DbCommand (5ms) [Parameters=[@p='?' (DbType = Int32)], CommandType='"Text"', CommandTimeout='30']
SELECT TOP(1) [p].[Id], [p].[CategoryId], [p].[CreatedAt], [p].[IsActive], [p].[Name], [p].[Price], [p].[Quantity], [p].[SellerId], [p].[Sku], [p].[SysmondStockId], [p].[UpdatedAt], [p].[WarehouseId]
FROM [Products] AS [p]
WHERE [p].[Id] = @p
2026-08-14 10:32:45.175 +03:00 [INF] Executed DbCommand (12ms) [Parameters=[@p11='?' (DbType = Int32), @p0='?' (DbType = Int32), @p1='?' (DbType = DateTime2), @p2='?' (DbType = Boolean), @p3='?' (Size = 4000), @p4='?' (Precision = 18) (Scale = 2) (DbType = Decimal), @p5='?' (DbType = Int32), @p6='?' (DbType = Int32), @p7='?' (Size = 4000), @p8='?' (DbType = Guid), @p9='?' (DbType = DateTime2), @p10='?' (DbType = Int32)], CommandType='"Text"', CommandTimeout='30']
SET IMPLICIT_TRANSACTIONS OFF;
SET NOCOUNT ON;
UPDATE [Products] SET [CategoryId] = @p0, [CreatedAt] = @p1, [IsActive] = @p2, [Name] = @p3, [Price] = @p4, [Quantity] = @p5, [SellerId] = @p6, [Sku] = @p7, [SysmondStockId] = @p8, [UpdatedAt] = @p9, [WarehouseId] = @p10
OUTPUT 1
WHERE [Id] = @p11;
2026-08-14 10:32:45.176 +03:00 [INF] Executing OkObjectResult, writing value of type '<>f__AnonymousType0`1[[System.String, System.Private.CoreLib, Version=10.0.0.0, Culture=neutral, PublicKeyToken=7cec85d7bea7798e]]'.
2026-08-14 10:32:45.177 +03:00 [INF] Executed action ECommerceManagement.Api.Controllers.SellerController.UpdateProduct (ECommerceManagement.Api) in 288.3884ms
2026-08-14 10:32:45.177 +03:00 [INF] Executed endpoint 'ECommerceManagement.Api.Controllers.SellerController.UpdateProduct (ECommerceManagement.Api)'
2026-08-14 10:32:45.178 +03:00 [INF] HTTP PUT /api/Seller/products responded 200 in 307.6335 ms
2026-08-14 10:32:45.178 +03:00 [INF] Request finished HTTP/1.1 PUT http://localhost:5275/api/Seller/products - 200 null application/json; charset=utf-8 310.5459ms
2026-08-14 10:37:12.600 +03:00 [INF] Application is shutting down...
2026-08-14 10:37:15.804 +03:00 [INF] Executed DbCommand (14ms) [Parameters=[], CommandType='"Text"', CommandTimeout='30']
SELECT CASE
    WHEN EXISTS (
        SELECT 1
        FROM [Users] AS [u]
        WHERE [u].[Email] = N'superadmin@sistem.com') THEN CAST(1 AS bit)
    ELSE CAST(0 AS bit)
END
2026-08-14 10:37:15.824 +03:00 [INF] Executed DbCommand (1ms) [Parameters=[], CommandType='"Text"', CommandTimeout='30']
SELECT CASE
    WHEN EXISTS (
        SELECT 1
        FROM [Users] AS [u]
        WHERE [u].[Email] = N'admin@sistem.com') THEN CAST(1 AS bit)
    ELSE CAST(0 AS bit)
END
2026-08-14 10:37:15.827 +03:00 [INF] User profile is available. Using '/Users/yigit/.aspnet/DataProtection-Keys' as key repository; keys will not be encrypted at rest.
2026-08-14 10:37:15.846 +03:00 [INF] Now listening on: http://localhost:5275
2026-08-14 10:37:15.847 +03:00 [INF] Application started. Press Ctrl+C to shut down.
2026-08-14 10:37:15.847 +03:00 [INF] Hosting environment: Development
2026-08-14 10:37:15.847 +03:00 [INF] Content root path: /Users/yigit/RiderProjects/ECommerceManagement/src/ECommerceManagement.Api
2026-08-14 10:37:24.079 +03:00 [INF] Request starting HTTP/1.1 POST http://localhost:5275/api/Catalog/sync - null 0
2026-08-14 10:37:24.097 +03:00 [WRN] Failed to determine the https port for redirect.
2026-08-14 10:37:24.129 +03:00 [INF] Executing endpoint 'ECommerceManagement.Api.Controllers.CatalogController.SyncProducts (ECommerceManagement.Api)'
2026-08-14 10:37:24.134 +03:00 [INF] Route matched with {action = "SyncProducts", controller = "Catalog"}. Executing controller action with signature System.Threading.Tasks.Task`1[Microsoft.AspNetCore.Mvc.IActionResult] SyncProducts() on controller ECommerceManagement.Api.Controllers.CatalogController (ECommerceManagement.Api).
2026-08-14 10:37:24.158 +03:00 [WRN] You do not have a valid license key for the Lucky Penny software AutoMapper. This is allowed for development and testing scenarios. If you are running in production you are required to have a licensed version. Please visit https://luckypennysoftware.com to obtain a valid license.
2026-08-14 10:37:24.765 +03:00 [INF] Executing BadRequestObjectResult, writing value of type '<>f__AnonymousType2`2[[System.String, System.Private.CoreLib, Version=10.0.0.0, Culture=neutral, PublicKeyToken=7cec85d7bea7798e],[System.String, System.Private.CoreLib, Version=10.0.0.0, Culture=neutral, PublicKeyToken=7cec85d7bea7798e]]'.
2026-08-14 10:37:24.779 +03:00 [INF] Executed action ECommerceManagement.Api.Controllers.CatalogController.SyncProducts (ECommerceManagement.Api) in 642.7369ms
2026-08-14 10:37:24.779 +03:00 [INF] Executed endpoint 'ECommerceManagement.Api.Controllers.CatalogController.SyncProducts (ECommerceManagement.Api)'
2026-08-14 10:37:24.782 +03:00 [INF] HTTP POST /api/Catalog/sync responded 400 in 690.7223 ms
2026-08-14 10:37:24.786 +03:00 [INF] Request finished HTTP/1.1 POST http://localhost:5275/api/Catalog/sync - 400 null application/json; charset=utf-8 707.3034ms
2026-08-14 10:40:24.630 +03:00 [INF] Application is shutting down...
2026-08-14 10:40:28.223 +03:00 [INF] Executed DbCommand (12ms) [Parameters=[], CommandType='"Text"', CommandTimeout='30']
SELECT CASE
    WHEN EXISTS (
        SELECT 1
        FROM [Users] AS [u]
        WHERE [u].[Email] = N'superadmin@sistem.com') THEN CAST(1 AS bit)
    ELSE CAST(0 AS bit)
END
2026-08-14 10:40:28.246 +03:00 [INF] Executed DbCommand (2ms) [Parameters=[], CommandType='"Text"', CommandTimeout='30']
SELECT CASE
    WHEN EXISTS (
        SELECT 1
        FROM [Users] AS [u]
        WHERE [u].[Email] = N'admin@sistem.com') THEN CAST(1 AS bit)
    ELSE CAST(0 AS bit)
END
2026-08-14 10:40:28.252 +03:00 [INF] User profile is available. Using '/Users/yigit/.aspnet/DataProtection-Keys' as key repository; keys will not be encrypted at rest.
2026-08-14 10:40:28.275 +03:00 [INF] Now listening on: http://localhost:5275
2026-08-14 10:40:28.276 +03:00 [INF] Application started. Press Ctrl+C to shut down.
2026-08-14 10:40:28.276 +03:00 [INF] Hosting environment: Development
2026-08-14 10:40:28.276 +03:00 [INF] Content root path: /Users/yigit/RiderProjects/ECommerceManagement/src/ECommerceManagement.Api
2026-08-14 10:40:31.976 +03:00 [INF] Request starting HTTP/1.1 POST http://localhost:5275/api/Catalog/sync - null 0
2026-08-14 10:40:31.994 +03:00 [WRN] Failed to determine the https port for redirect.
2026-08-14 10:40:32.022 +03:00 [INF] Executing endpoint 'ECommerceManagement.Api.Controllers.CatalogController.SyncProducts (ECommerceManagement.Api)'
2026-08-14 10:40:32.027 +03:00 [INF] Route matched with {action = "SyncProducts", controller = "Catalog"}. Executing controller action with signature System.Threading.Tasks.Task`1[Microsoft.AspNetCore.Mvc.IActionResult] SyncProducts() on controller ECommerceManagement.Api.Controllers.CatalogController (ECommerceManagement.Api).
2026-08-14 10:40:32.051 +03:00 [WRN] You do not have a valid license key for the Lucky Penny software AutoMapper. This is allowed for development and testing scenarios. If you are running in production you are required to have a licensed version. Please visit https://luckypennysoftware.com to obtain a valid license.
2026-08-14 10:40:32.872 +03:00 [INF] Executed DbCommand (9ms) [Parameters=[], CommandType='"Text"', CommandTimeout='30']
SELECT [p].[Id], [p].[CategoryId], [p].[CreatedAt], [p].[IsActive], [p].[Name], [p].[Price], [p].[Quantity], [p].[SellerId], [p].[Sku], [p].[SysmondStockId], [p].[UpdatedAt], [p].[WarehouseId]
FROM [Products] AS [p]
2026-08-14 10:40:32.906 +03:00 [INF] Executed DbCommand (3ms) [Parameters=[], CommandType='"Text"', CommandTimeout='30']
SELECT [w].[Id], [w].[CreatedAt], [w].[IsActive], [w].[Location], [w].[Name], [w].[SysmondId]
FROM [Warehouses] AS [w]
2026-08-14 10:40:32.966 +03:00 [INF] Executed DbCommand (13ms) [Parameters=[@p11='?' (DbType = Int32), @p0='?' (DbType = Int32), @p1='?' (DbType = DateTime2), @p2='?' (DbType = Boolean), @p3='?' (Size = 4000), @p4='?' (Precision = 18) (Scale = 2) (DbType = Decimal), @p5='?' (DbType = Int32), @p6='?' (DbType = Int32), @p7='?' (Size = 4000), @p8='?' (DbType = Guid), @p9='?' (DbType = DateTime2), @p10='?' (DbType = Int32), @p23='?' (DbType = Int32), @p12='?' (DbType = Int32), @p13='?' (DbType = DateTime2), @p14='?' (DbType = Boolean), @p15='?' (Size = 4000), @p16='?' (Precision = 18) (Scale = 2) (DbType = Decimal), @p17='?' (DbType = Int32), @p18='?' (DbType = Int32), @p19='?' (Size = 4000), @p20='?' (DbType = Guid), @p21='?' (DbType = DateTime2), @p22='?' (DbType = Int32), @p35='?' (DbType = Int32), @p24='?' (DbType = Int32), @p25='?' (DbType = DateTime2), @p26='?' (DbType = Boolean), @p27='?' (Size = 4000), @p28='?' (Precision = 18) (Scale = 2) (DbType = Decimal), @p29='?' (DbType = Int32), @p30='?' (DbType = Int32), @p31='?' (Size = 4000), @p32='?' (DbType = Guid), @p33='?' (DbType = DateTime2), @p34='?' (DbType = Int32), @p47='?' (DbType = Int32), @p36='?' (DbType = Int32), @p37='?' (DbType = DateTime2), @p38='?' (DbType = Boolean), @p39='?' (Size = 4000), @p40='?' (Precision = 18) (Scale = 2) (DbType = Decimal), @p41='?' (DbType = Int32), @p42='?' (DbType = Int32), @p43='?' (Size = 4000), @p44='?' (DbType = Guid), @p45='?' (DbType = DateTime2), @p46='?' (DbType = Int32), @p59='?' (DbType = Int32), @p48='?' (DbType = Int32), @p49='?' (DbType = DateTime2), @p50='?' (DbType = Boolean), @p51='?' (Size = 4000), @p52='?' (Precision = 18) (Scale = 2) (DbType = Decimal), @p53='?' (DbType = Int32), @p54='?' (DbType = Int32), @p55='?' (Size = 4000), @p56='?' (DbType = Guid), @p57='?' (DbType = DateTime2), @p58='?' (DbType = Int32), @p71='?' (DbType = Int32), @p60='?' (DbType = Int32), @p61='?' (DbType = DateTime2), @p62='?' (DbType = Boolean), @p63='?' (Size = 4000), @p64='?' (Precision = 18) (Scale = 2) (DbType = Decimal), @p65='?' (DbType = Int32), @p66='?' (DbType = Int32), @p67='?' (Size = 4000), @p68='?' (DbType = Guid), @p69='?' (DbType = DateTime2), @p70='?' (DbType = Int32)], CommandType='"Text"', CommandTimeout='30']
SET NOCOUNT ON;
UPDATE [Products] SET [CategoryId] = @p0, [CreatedAt] = @p1, [IsActive] = @p2, [Name] = @p3, [Price] = @p4, [Quantity] = @p5, [SellerId] = @p6, [Sku] = @p7, [SysmondStockId] = @p8, [UpdatedAt] = @p9, [WarehouseId] = @p10
OUTPUT 1
WHERE [Id] = @p11;
UPDATE [Products] SET [CategoryId] = @p12, [CreatedAt] = @p13, [IsActive] = @p14, [Name] = @p15, [Price] = @p16, [Quantity] = @p17, [SellerId] = @p18, [Sku] = @p19, [SysmondStockId] = @p20, [UpdatedAt] = @p21, [WarehouseId] = @p22
OUTPUT 1
WHERE [Id] = @p23;
UPDATE [Products] SET [CategoryId] = @p24, [CreatedAt] = @p25, [IsActive] = @p26, [Name] = @p27, [Price] = @p28, [Quantity] = @p29, [SellerId] = @p30, [Sku] = @p31, [SysmondStockId] = @p32, [UpdatedAt] = @p33, [WarehouseId] = @p34
OUTPUT 1
WHERE [Id] = @p35;
UPDATE [Products] SET [CategoryId] = @p36, [CreatedAt] = @p37, [IsActive] = @p38, [Name] = @p39, [Price] = @p40, [Quantity] = @p41, [SellerId] = @p42, [Sku] = @p43, [SysmondStockId] = @p44, [UpdatedAt] = @p45, [WarehouseId] = @p46
OUTPUT 1
WHERE [Id] = @p47;
UPDATE [Products] SET [CategoryId] = @p48, [CreatedAt] = @p49, [IsActive] = @p50, [Name] = @p51, [Price] = @p52, [Quantity] = @p53, [SellerId] = @p54, [Sku] = @p55, [SysmondStockId] = @p56, [UpdatedAt] = @p57, [WarehouseId] = @p58
OUTPUT 1
WHERE [Id] = @p59;
UPDATE [Products] SET [CategoryId] = @p60, [CreatedAt] = @p61, [IsActive] = @p62, [Name] = @p63, [Price] = @p64, [Quantity] = @p65, [SellerId] = @p66, [Sku] = @p67, [SysmondStockId] = @p68, [UpdatedAt] = @p69, [WarehouseId] = @p70
OUTPUT 1
WHERE [Id] = @p71;
2026-08-14 10:40:32.975 +03:00 [INF] Executing OkObjectResult, writing value of type '<>f__AnonymousType1`1[[System.String, System.Private.CoreLib, Version=10.0.0.0, Culture=neutral, PublicKeyToken=7cec85d7bea7798e]]'.
2026-08-14 10:40:32.978 +03:00 [INF] Executed action ECommerceManagement.Api.Controllers.CatalogController.SyncProducts (ECommerceManagement.Api) in 950.5666ms
2026-08-14 10:40:32.978 +03:00 [INF] Executed endpoint 'ECommerceManagement.Api.Controllers.CatalogController.SyncProducts (ECommerceManagement.Api)'
2026-08-14 10:40:32.979 +03:00 [INF] HTTP POST /api/Catalog/sync responded 200 in 991.8005 ms
2026-08-14 10:40:32.980 +03:00 [INF] Request finished HTTP/1.1 POST http://localhost:5275/api/Catalog/sync - 200 null application/json; charset=utf-8 1005.2445ms
2026-08-14 10:40:37.264 +03:00 [INF] Request starting HTTP/1.1 GET http://localhost:5275/api/Catalog/products - null null
2026-08-14 10:40:37.269 +03:00 [INF] Executing endpoint 'ECommerceManagement.Api.Controllers.CatalogController.GetActiveProducts (ECommerceManagement.Api)'
2026-08-14 10:40:37.281 +03:00 [INF] Route matched with {action = "GetActiveProducts", controller = "Catalog"}. Executing controller action with signature System.Threading.Tasks.Task`1[Microsoft.AspNetCore.Mvc.ActionResult`1[ECommerceManagement.Application.Common.PagedResultDto`1[ECommerceManagement.Application.DTOs.Catalog.ProductDto]]] GetActiveProducts(ECommerceManagement.Application.Common.ProductFilterDto) on controller ECommerceManagement.Api.Controllers.CatalogController (ECommerceManagement.Api).
2026-08-14 10:40:37.349 +03:00 [INF] Executed DbCommand (4ms) [Parameters=[], CommandType='"Text"', CommandTimeout='30']
SELECT COUNT(*)
FROM [Products] AS [p]
WHERE [p].[IsActive] = CAST(1 AS bit)
2026-08-14 10:40:37.376 +03:00 [INF] Executed DbCommand (5ms) [Parameters=[@p='?' (DbType = Int32), @p1='?' (DbType = Int32)], CommandType='"Text"', CommandTimeout='30']
SELECT [p0].[Id], [p0].[CategoryId], [p0].[CreatedAt], [p0].[IsActive], [p0].[Name], [p0].[Price], [p0].[Quantity], [p0].[SellerId], [p0].[Sku], [p0].[SysmondStockId], [p0].[UpdatedAt], [p0].[WarehouseId], [c].[Id], [c].[CreatedAt], [c].[Name], [c].[ParentCategoryId], [s].[Id], [s].[CompanyName], [s].[ContactEmail], [s].[CreatedAt], [s].[TaxNumber], [s].[UserId], [w].[Id], [w].[CreatedAt], [w].[IsActive], [w].[Location], [w].[Name], [w].[SysmondId]
FROM (
    SELECT [p].[Id], [p].[CategoryId], [p].[CreatedAt], [p].[IsActive], [p].[Name], [p].[Price], [p].[Quantity], [p].[SellerId], [p].[Sku], [p].[SysmondStockId], [p].[UpdatedAt], [p].[WarehouseId]
    FROM [Products] AS [p]
    WHERE [p].[IsActive] = CAST(1 AS bit)
    ORDER BY [p].[CreatedAt] DESC
    OFFSET @p ROWS FETCH NEXT @p1 ROWS ONLY
) AS [p0]
INNER JOIN [Categories] AS [c] ON [p0].[CategoryId] = [c].[Id]
INNER JOIN [Sellers] AS [s] ON [p0].[SellerId] = [s].[Id]
INNER JOIN [Warehouses] AS [w] ON [p0].[WarehouseId] = [w].[Id]
ORDER BY [p0].[CreatedAt] DESC
2026-08-14 10:40:37.388 +03:00 [INF] Executing OkObjectResult, writing value of type 'ECommerceManagement.Application.Common.PagedResultDto`1[[ECommerceManagement.Application.DTOs.Catalog.ProductDto, ECommerceManagement.Application, Version=1.0.0.0, Culture=neutral, PublicKeyToken=null]]'.
2026-08-14 10:40:37.390 +03:00 [INF] Executed action ECommerceManagement.Api.Controllers.CatalogController.GetActiveProducts (ECommerceManagement.Api) in 109.021ms
2026-08-14 10:40:37.390 +03:00 [INF] Executed endpoint 'ECommerceManagement.Api.Controllers.CatalogController.GetActiveProducts (ECommerceManagement.Api)'
2026-08-14 10:40:37.391 +03:00 [INF] HTTP GET /api/Catalog/products responded 200 in 124.9876 ms
2026-08-14 10:40:37.391 +03:00 [INF] Request finished HTTP/1.1 GET http://localhost:5275/api/Catalog/products - 200 null application/json; charset=utf-8 126.8086ms
2026-08-14 10:40:56.438 +03:00 [INF] Request starting HTTP/1.1 GET http://localhost:5275/api/Seller/products?sellerId=1 - null null
2026-08-14 10:40:56.447 +03:00 [INF] Executing endpoint 'ECommerceManagement.Api.Controllers.SellerController.GetMyProducts (ECommerceManagement.Api)'
2026-08-14 10:40:56.451 +03:00 [INF] Route matched with {action = "GetMyProducts", controller = "Seller"}. Executing controller action with signature System.Threading.Tasks.Task`1[Microsoft.AspNetCore.Mvc.IActionResult] GetMyProducts(Int32) on controller ECommerceManagement.Api.Controllers.SellerController (ECommerceManagement.Api).
2026-08-14 10:40:56.468 +03:00 [INF] Executed DbCommand (5ms) [Parameters=[@sellerId='?' (DbType = Int32)], CommandType='"Text"', CommandTimeout='30']
SELECT [p].[Id], [p].[CategoryId], [p].[CreatedAt], [p].[IsActive], [p].[Name], [p].[Price], [p].[Quantity], [p].[SellerId], [p].[Sku], [p].[SysmondStockId], [p].[UpdatedAt], [p].[WarehouseId]
FROM [Products] AS [p]
WHERE [p].[SellerId] = @sellerId
2026-08-14 10:40:56.471 +03:00 [INF] Executing OkObjectResult, writing value of type 'System.Collections.Generic.List`1[[ECommerceManagement.Application.DTOs.Catalog.SellerProductDto, ECommerceManagement.Application, Version=1.0.0.0, Culture=neutral, PublicKeyToken=null]]'.
2026-08-14 10:40:56.472 +03:00 [INF] Executed action ECommerceManagement.Api.Controllers.SellerController.GetMyProducts (ECommerceManagement.Api) in 20.4111ms
2026-08-14 10:40:56.472 +03:00 [INF] Executed endpoint 'ECommerceManagement.Api.Controllers.SellerController.GetMyProducts (ECommerceManagement.Api)'
2026-08-14 10:40:56.472 +03:00 [INF] HTTP GET /api/Seller/products responded 200 in 33.7295 ms
2026-08-14 10:40:56.472 +03:00 [INF] Request finished HTTP/1.1 GET http://localhost:5275/api/Seller/products?sellerId=1 - 200 null application/json; charset=utf-8 34.2378ms
2026-08-14 10:41:19.595 +03:00 [INF] Request starting HTTP/1.1 PUT http://localhost:5275/api/Seller/products - application/json 67
2026-08-14 10:41:19.600 +03:00 [INF] Executing endpoint 'ECommerceManagement.Api.Controllers.SellerController.UpdateProduct (ECommerceManagement.Api)'
2026-08-14 10:41:19.607 +03:00 [INF] Route matched with {action = "UpdateProduct", controller = "Seller"}. Executing controller action with signature System.Threading.Tasks.Task`1[Microsoft.AspNetCore.Mvc.IActionResult] UpdateProduct(ECommerceManagement.Application.DTOs.Catalog.UpdateProductDto) on controller ECommerceManagement.Api.Controllers.SellerController (ECommerceManagement.Api).
2026-08-14 10:41:19.637 +03:00 [INF] Executed DbCommand (5ms) [Parameters=[@p='?' (DbType = Int32)], CommandType='"Text"', CommandTimeout='30']
SELECT TOP(1) [p].[Id], [p].[CategoryId], [p].[CreatedAt], [p].[IsActive], [p].[Name], [p].[Price], [p].[Quantity], [p].[SellerId], [p].[Sku], [p].[SysmondStockId], [p].[UpdatedAt], [p].[WarehouseId]
FROM [Products] AS [p]
WHERE [p].[Id] = @p
2026-08-14 10:41:19.645 +03:00 [INF] Executed DbCommand (3ms) [Parameters=[@p='?' (DbType = Int32)], CommandType='"Text"', CommandTimeout='30']
SELECT TOP(1) [w].[Id], [w].[CreatedAt], [w].[IsActive], [w].[Location], [w].[Name], [w].[SysmondId]
FROM [Warehouses] AS [w]
WHERE [w].[Id] = @p
2026-08-14 10:41:20.105 +03:00 [INF] Executed DbCommand (13ms) [Parameters=[@p11='?' (DbType = Int32), @p0='?' (DbType = Int32), @p1='?' (DbType = DateTime2), @p2='?' (DbType = Boolean), @p3='?' (Size = 4000), @p4='?' (Precision = 18) (Scale = 2) (DbType = Decimal), @p5='?' (DbType = Int32), @p6='?' (DbType = Int32), @p7='?' (Size = 4000), @p8='?' (DbType = Guid), @p9='?' (DbType = DateTime2), @p10='?' (DbType = Int32)], CommandType='"Text"', CommandTimeout='30']
SET IMPLICIT_TRANSACTIONS OFF;
SET NOCOUNT ON;
UPDATE [Products] SET [CategoryId] = @p0, [CreatedAt] = @p1, [IsActive] = @p2, [Name] = @p3, [Price] = @p4, [Quantity] = @p5, [SellerId] = @p6, [Sku] = @p7, [SysmondStockId] = @p8, [UpdatedAt] = @p9, [WarehouseId] = @p10
OUTPUT 1
WHERE [Id] = @p11;
2026-08-14 10:41:20.106 +03:00 [INF] Executing OkObjectResult, writing value of type '<>f__AnonymousType0`1[[System.String, System.Private.CoreLib, Version=10.0.0.0, Culture=neutral, PublicKeyToken=7cec85d7bea7798e]]'.
2026-08-14 10:41:20.108 +03:00 [INF] Executed action ECommerceManagement.Api.Controllers.SellerController.UpdateProduct (ECommerceManagement.Api) in 500.7926ms
2026-08-14 10:41:20.108 +03:00 [INF] Executed endpoint 'ECommerceManagement.Api.Controllers.SellerController.UpdateProduct (ECommerceManagement.Api)'
2026-08-14 10:41:20.108 +03:00 [INF] HTTP PUT /api/Seller/products responded 200 in 510.5718 ms
2026-08-14 10:41:20.109 +03:00 [INF] Request finished HTTP/1.1 PUT http://localhost:5275/api/Seller/products - 200 null application/json; charset=utf-8 513.5489ms
2026-08-14 10:42:04.040 +03:00 [INF] Request starting HTTP/1.1 PUT http://localhost:5275/api/Seller/products - application/json 65
2026-08-14 10:42:04.042 +03:00 [INF] Executing endpoint 'ECommerceManagement.Api.Controllers.SellerController.UpdateProduct (ECommerceManagement.Api)'
2026-08-14 10:42:04.042 +03:00 [INF] Route matched with {action = "UpdateProduct", controller = "Seller"}. Executing controller action with signature System.Threading.Tasks.Task`1[Microsoft.AspNetCore.Mvc.IActionResult] UpdateProduct(ECommerceManagement.Application.DTOs.Catalog.UpdateProductDto) on controller ECommerceManagement.Api.Controllers.SellerController (ECommerceManagement.Api).
2026-08-14 10:42:04.060 +03:00 [INF] Executed DbCommand (4ms) [Parameters=[@p='?' (DbType = Int32)], CommandType='"Text"', CommandTimeout='30']
SELECT TOP(1) [p].[Id], [p].[CategoryId], [p].[CreatedAt], [p].[IsActive], [p].[Name], [p].[Price], [p].[Quantity], [p].[SellerId], [p].[Sku], [p].[SysmondStockId], [p].[UpdatedAt], [p].[WarehouseId]
FROM [Products] AS [p]
WHERE [p].[Id] = @p
2026-08-14 10:42:04.064 +03:00 [INF] Executed DbCommand (2ms) [Parameters=[@p='?' (DbType = Int32)], CommandType='"Text"', CommandTimeout='30']
SELECT TOP(1) [w].[Id], [w].[CreatedAt], [w].[IsActive], [w].[Location], [w].[Name], [w].[SysmondId]
FROM [Warehouses] AS [w]
WHERE [w].[Id] = @p
2026-08-14 10:42:04.477 +03:00 [INF] Executed DbCommand (8ms) [Parameters=[@p11='?' (DbType = Int32), @p0='?' (DbType = Int32), @p1='?' (DbType = DateTime2), @p2='?' (DbType = Boolean), @p3='?' (Size = 4000), @p4='?' (Precision = 18) (Scale = 2) (DbType = Decimal), @p5='?' (DbType = Int32), @p6='?' (DbType = Int32), @p7='?' (Size = 4000), @p8='?' (DbType = Guid), @p9='?' (DbType = DateTime2), @p10='?' (DbType = Int32)], CommandType='"Text"', CommandTimeout='30']
SET IMPLICIT_TRANSACTIONS OFF;
SET NOCOUNT ON;
UPDATE [Products] SET [CategoryId] = @p0, [CreatedAt] = @p1, [IsActive] = @p2, [Name] = @p3, [Price] = @p4, [Quantity] = @p5, [SellerId] = @p6, [Sku] = @p7, [SysmondStockId] = @p8, [UpdatedAt] = @p9, [WarehouseId] = @p10
OUTPUT 1
WHERE [Id] = @p11;
2026-08-14 10:42:04.478 +03:00 [INF] Executing OkObjectResult, writing value of type '<>f__AnonymousType0`1[[System.String, System.Private.CoreLib, Version=10.0.0.0, Culture=neutral, PublicKeyToken=7cec85d7bea7798e]]'.
2026-08-14 10:42:04.478 +03:00 [INF] Executed action ECommerceManagement.Api.Controllers.SellerController.UpdateProduct (ECommerceManagement.Api) in 435.6911ms
2026-08-14 10:42:04.478 +03:00 [INF] Executed endpoint 'ECommerceManagement.Api.Controllers.SellerController.UpdateProduct (ECommerceManagement.Api)'
2026-08-14 10:42:04.478 +03:00 [INF] HTTP PUT /api/Seller/products responded 200 in 437.8404 ms
2026-08-14 10:42:04.478 +03:00 [INF] Request finished HTTP/1.1 PUT http://localhost:5275/api/Seller/products - 200 null application/json; charset=utf-8 438.4435ms
2026-08-14 10:42:11.769 +03:00 [INF] Request starting HTTP/1.1 DELETE http://localhost:5275/api/Seller/products?id=1 - null 0
2026-08-14 10:42:11.770 +03:00 [INF] Executing endpoint 'ECommerceManagement.Api.Controllers.SellerController.DeleteProduct (ECommerceManagement.Api)'
2026-08-14 10:42:11.779 +03:00 [INF] Route matched with {action = "DeleteProduct", controller = "Seller"}. Executing controller action with signature System.Threading.Tasks.Task`1[Microsoft.AspNetCore.Mvc.IActionResult] DeleteProduct(Int32) on controller ECommerceManagement.Api.Controllers.SellerController (ECommerceManagement.Api).
2026-08-14 10:42:11.786 +03:00 [INF] Executed DbCommand (2ms) [Parameters=[@p='?' (DbType = Int32)], CommandType='"Text"', CommandTimeout='30']
SELECT TOP(1) [p].[Id], [p].[CategoryId], [p].[CreatedAt], [p].[IsActive], [p].[Name], [p].[Price], [p].[Quantity], [p].[SellerId], [p].[Sku], [p].[SysmondStockId], [p].[UpdatedAt], [p].[WarehouseId]
FROM [Products] AS [p]
WHERE [p].[Id] = @p
2026-08-14 10:42:11.854 +03:00 [INF] Executed action ECommerceManagement.Api.Controllers.SellerController.DeleteProduct (ECommerceManagement.Api) in 74.9992ms
2026-08-14 10:42:11.855 +03:00 [INF] Executed endpoint 'ECommerceManagement.Api.Controllers.SellerController.DeleteProduct (ECommerceManagement.Api)'
2026-08-14 10:42:11.855 +03:00 [ERR] HTTP DELETE /api/Seller/products responded 500 in 85.7094 ms
System.Exception: Sysmond üzerinden stok silinemedi (ID: 1062f165-77aa-3974-6bc0-3a230d3c0b00). Hata: {"error":{"code":"Sysmond.Error:110074","message":"Hareketi bulunan stok için ölçü birimi değiştirilemez","details":null,"data":{},"validationErrors":null}}
   at SysmondAx.Integration.Services.Stock.SysmondStockService.DeleteStockAsync(Guid sysmondStockId) in /Users/yigit/RiderProjects/ECommerceManagement/integrations/SysmondAx.Integration/Services/Stock/SysmondStockService.cs:line 228
   at ECommerceManagement.Application.Services.ProductService.DeleteProductAsync(Int32 id) in /Users/yigit/RiderProjects/ECommerceManagement/src/ECommerceManagement.Application/Services/ProductService.cs:line 177
   at ECommerceManagement.Api.Controllers.SellerController.DeleteProduct(Int32 id) in /Users/yigit/RiderProjects/ECommerceManagement/src/ECommerceManagement.Api/Controllers/SellerController.cs:line 49
   at Microsoft.AspNetCore.Mvc.Infrastructure.ActionMethodExecutor.TaskOfIActionResultExecutor.Execute(ActionContext actionContext, IActionResultTypeMapper mapper, ObjectMethodExecutor executor, Object controller, Object[] arguments)
   at Microsoft.AspNetCore.Mvc.Infrastructure.ControllerActionInvoker.<InvokeActionMethodAsync>g__Awaited|12_0(ControllerActionInvoker invoker, ValueTask`1 actionResultValueTask)
   at Microsoft.AspNetCore.Mvc.Infrastructure.ControllerActionInvoker.<InvokeNextActionFilterAsync>g__Awaited|10_0(ControllerActionInvoker invoker, Task lastTask, State next, Scope scope, Object state, Boolean isCompleted)
   at Microsoft.AspNetCore.Mvc.Infrastructure.ControllerActionInvoker.Rethrow(ActionExecutedContextSealed context)
   at Microsoft.AspNetCore.Mvc.Infrastructure.ControllerActionInvoker.Next(State& next, Scope& scope, Object& state, Boolean& isCompleted)
   at Microsoft.AspNetCore.Mvc.Infrastructure.ControllerActionInvoker.<InvokeInnerFilterAsync>g__Awaited|13_0(ControllerActionInvoker invoker, Task lastTask, State next, Scope scope, Object state, Boolean isCompleted)
   at Microsoft.AspNetCore.Mvc.Infrastructure.ResourceInvoker.<InvokeFilterPipelineAsync>g__Awaited|20_0(ResourceInvoker invoker, Task lastTask, State next, Scope scope, Object state, Boolean isCompleted)
   at Microsoft.AspNetCore.Mvc.Infrastructure.ResourceInvoker.<InvokeAsync>g__Logged|17_1(ResourceInvoker invoker)
   at Microsoft.AspNetCore.Mvc.Infrastructure.ResourceInvoker.<InvokeAsync>g__Logged|17_1(ResourceInvoker invoker)
   at Microsoft.AspNetCore.Routing.EndpointMiddleware.<Invoke>g__AwaitRequestTask|7_0(Endpoint endpoint, Task requestTask, ILogger logger)
   at Microsoft.AspNetCore.Authorization.AuthorizationMiddleware.Invoke(HttpContext context)
   at Microsoft.AspNetCore.Authentication.AuthenticationMiddleware.Invoke(HttpContext context)
   at Swashbuckle.AspNetCore.SwaggerUI.SwaggerUIMiddleware.Invoke(HttpContext httpContext)
   at Swashbuckle.AspNetCore.Swagger.SwaggerMiddleware.Invoke(HttpContext httpContext, ISwaggerProvider swaggerProvider)
   at Serilog.AspNetCore.RequestLoggingMiddleware.Invoke(HttpContext httpContext)
2026-08-14 10:42:11.873 +03:00 [ERR] An unhandled exception has occurred while executing the request.
System.Exception: Sysmond üzerinden stok silinemedi (ID: 1062f165-77aa-3974-6bc0-3a230d3c0b00). Hata: {"error":{"code":"Sysmond.Error:110074","message":"Hareketi bulunan stok için ölçü birimi değiştirilemez","details":null,"data":{},"validationErrors":null}}
   at SysmondAx.Integration.Services.Stock.SysmondStockService.DeleteStockAsync(Guid sysmondStockId) in /Users/yigit/RiderProjects/ECommerceManagement/integrations/SysmondAx.Integration/Services/Stock/SysmondStockService.cs:line 228
   at ECommerceManagement.Application.Services.ProductService.DeleteProductAsync(Int32 id) in /Users/yigit/RiderProjects/ECommerceManagement/src/ECommerceManagement.Application/Services/ProductService.cs:line 177
   at ECommerceManagement.Api.Controllers.SellerController.DeleteProduct(Int32 id) in /Users/yigit/RiderProjects/ECommerceManagement/src/ECommerceManagement.Api/Controllers/SellerController.cs:line 49
   at Microsoft.AspNetCore.Mvc.Infrastructure.ActionMethodExecutor.TaskOfIActionResultExecutor.Execute(ActionContext actionContext, IActionResultTypeMapper mapper, ObjectMethodExecutor executor, Object controller, Object[] arguments)
   at Microsoft.AspNetCore.Mvc.Infrastructure.ControllerActionInvoker.<InvokeActionMethodAsync>g__Awaited|12_0(ControllerActionInvoker invoker, ValueTask`1 actionResultValueTask)
   at Microsoft.AspNetCore.Mvc.Infrastructure.ControllerActionInvoker.<InvokeNextActionFilterAsync>g__Awaited|10_0(ControllerActionInvoker invoker, Task lastTask, State next, Scope scope, Object state, Boolean isCompleted)
   at Microsoft.AspNetCore.Mvc.Infrastructure.ControllerActionInvoker.Rethrow(ActionExecutedContextSealed context)
   at Microsoft.AspNetCore.Mvc.Infrastructure.ControllerActionInvoker.Next(State& next, Scope& scope, Object& state, Boolean& isCompleted)
   at Microsoft.AspNetCore.Mvc.Infrastructure.ControllerActionInvoker.<InvokeInnerFilterAsync>g__Awaited|13_0(ControllerActionInvoker invoker, Task lastTask, State next, Scope scope, Object state, Boolean isCompleted)
   at Microsoft.AspNetCore.Mvc.Infrastructure.ResourceInvoker.<InvokeFilterPipelineAsync>g__Awaited|20_0(ResourceInvoker invoker, Task lastTask, State next, Scope scope, Object state, Boolean isCompleted)
   at Microsoft.AspNetCore.Mvc.Infrastructure.ResourceInvoker.<InvokeAsync>g__Logged|17_1(ResourceInvoker invoker)
   at Microsoft.AspNetCore.Mvc.Infrastructure.ResourceInvoker.<InvokeAsync>g__Logged|17_1(ResourceInvoker invoker)
   at Microsoft.AspNetCore.Routing.EndpointMiddleware.<Invoke>g__AwaitRequestTask|7_0(Endpoint endpoint, Task requestTask, ILogger logger)
   at Microsoft.AspNetCore.Authorization.AuthorizationMiddleware.Invoke(HttpContext context)
   at Microsoft.AspNetCore.Authentication.AuthenticationMiddleware.Invoke(HttpContext context)
   at Swashbuckle.AspNetCore.SwaggerUI.SwaggerUIMiddleware.Invoke(HttpContext httpContext)
   at Swashbuckle.AspNetCore.Swagger.SwaggerMiddleware.Invoke(HttpContext httpContext, ISwaggerProvider swaggerProvider)
   at Serilog.AspNetCore.RequestLoggingMiddleware.Invoke(HttpContext httpContext)
   at Microsoft.AspNetCore.Diagnostics.DeveloperExceptionPageMiddlewareImpl.Invoke(HttpContext context)
2026-08-14 10:42:11.877 +03:00 [INF] Request finished HTTP/1.1 DELETE http://localhost:5275/api/Seller/products?id=1 - 500 null text/plain; charset=utf-8 108.361ms
2026-08-14 11:13:37.560 +03:00 [INF] Application is shutting down...
2026-08-14 11:17:40.981 +03:00 [INF] Executed DbCommand (9ms) [Parameters=[], CommandType='"Text"', CommandTimeout='30']
SELECT 1
2026-08-14 11:17:40.994 +03:00 [INF] Acquiring an exclusive lock for migration application. See https://aka.ms/efcore-docs-migrations-lock for more information if this takes too long.
2026-08-14 11:17:41.020 +03:00 [INF] Executed DbCommand (25ms) [Parameters=[], CommandType='"Text"', CommandTimeout='30']
DECLARE @result int;
EXEC @result = sp_getapplock @Resource = '__EFMigrationsLock', @LockOwner = 'Session', @LockMode = 'Exclusive';
SELECT @result
2026-08-14 11:17:41.041 +03:00 [INF] Executed DbCommand (2ms) [Parameters=[], CommandType='"Text"', CommandTimeout='30']
IF OBJECT_ID(N'[__EFMigrationsHistory]') IS NULL
BEGIN
    CREATE TABLE [__EFMigrationsHistory] (
        [MigrationId] nvarchar(150) NOT NULL,
        [ProductVersion] nvarchar(32) NOT NULL,
        CONSTRAINT [PK___EFMigrationsHistory] PRIMARY KEY ([MigrationId])
    );
END;
2026-08-14 11:17:41.045 +03:00 [INF] Executed DbCommand (1ms) [Parameters=[], CommandType='"Text"', CommandTimeout='30']
SELECT 1
2026-08-14 11:17:41.045 +03:00 [INF] Executed DbCommand (1ms) [Parameters=[], CommandType='"Text"', CommandTimeout='30']
SELECT OBJECT_ID(N'[__EFMigrationsHistory]');
2026-08-14 11:17:41.057 +03:00 [INF] Executed DbCommand (11ms) [Parameters=[], CommandType='"Text"', CommandTimeout='30']
SELECT [MigrationId], [ProductVersion]
FROM [__EFMigrationsHistory]
ORDER BY [MigrationId];
2026-08-14 11:17:41.060 +03:00 [INF] Applying migration '20260814081730_AddSysmondOrderIdToOrders'.
2026-08-14 11:17:41.075 +03:00 [INF] Executed DbCommand (7ms) [Parameters=[], CommandType='"Text"', CommandTimeout='30']
ALTER TABLE [Orders] ADD [SysmondOrderId] uniqueidentifier NULL;
2026-08-14 11:17:41.077 +03:00 [INF] Executed DbCommand (1ms) [Parameters=[], CommandType='"Text"', CommandTimeout='30']
ALTER TABLE [OrderItems] ADD [SysmondOrderItemId] uniqueidentifier NULL;
2026-08-14 11:17:41.085 +03:00 [INF] Executed DbCommand (8ms) [Parameters=[], CommandType='"Text"', CommandTimeout='30']
INSERT INTO [__EFMigrationsHistory] ([MigrationId], [ProductVersion])
VALUES (N'20260814081730_AddSysmondOrderIdToOrders', N'10.0.10');
2026-08-14 11:17:41.088 +03:00 [INF] Executed DbCommand (2ms) [Parameters=[], CommandType='"Text"', CommandTimeout='30']
DECLARE @result int;
EXEC @result = sp_releaseapplock @Resource = '__EFMigrationsLock', @LockOwner = 'Session';
SELECT @result
2026-08-14 11:17:48.910 +03:00 [INF] Executed DbCommand (13ms) [Parameters=[], CommandType='"Text"', CommandTimeout='30']
SELECT CASE
    WHEN EXISTS (
        SELECT 1
        FROM [Users] AS [u]
        WHERE [u].[Email] = N'superadmin@sistem.com') THEN CAST(1 AS bit)
    ELSE CAST(0 AS bit)
END
2026-08-14 11:17:48.931 +03:00 [INF] Executed DbCommand (2ms) [Parameters=[], CommandType='"Text"', CommandTimeout='30']
SELECT CASE
    WHEN EXISTS (
        SELECT 1
        FROM [Users] AS [u]
        WHERE [u].[Email] = N'admin@sistem.com') THEN CAST(1 AS bit)
    ELSE CAST(0 AS bit)
END
2026-08-14 11:17:48.935 +03:00 [INF] User profile is available. Using '/Users/yigit/.aspnet/DataProtection-Keys' as key repository; keys will not be encrypted at rest.
2026-08-14 11:17:48.954 +03:00 [INF] Now listening on: http://localhost:5275
2026-08-14 11:17:48.954 +03:00 [INF] Application started. Press Ctrl+C to shut down.
2026-08-14 11:17:48.954 +03:00 [INF] Hosting environment: Development
2026-08-14 11:17:48.954 +03:00 [INF] Content root path: /Users/yigit/RiderProjects/ECommerceManagement/src/ECommerceManagement.Api
2026-08-14 11:18:00.460 +03:00 [INF] Request starting HTTP/1.1 GET http://localhost:5275/api/Catalog/products - null null
2026-08-14 11:18:00.476 +03:00 [WRN] Failed to determine the https port for redirect.
2026-08-14 11:18:00.507 +03:00 [INF] Executing endpoint 'ECommerceManagement.Api.Controllers.CatalogController.GetActiveProducts (ECommerceManagement.Api)'
2026-08-14 11:18:00.515 +03:00 [INF] Route matched with {action = "GetActiveProducts", controller = "Catalog"}. Executing controller action with signature System.Threading.Tasks.Task`1[Microsoft.AspNetCore.Mvc.ActionResult`1[ECommerceManagement.Application.Common.PagedResultDto`1[ECommerceManagement.Application.DTOs.Catalog.ProductDto]]] GetActiveProducts(ECommerceManagement.Application.Common.ProductFilterDto) on controller ECommerceManagement.Api.Controllers.CatalogController (ECommerceManagement.Api).
2026-08-14 11:18:00.541 +03:00 [WRN] You do not have a valid license key for the Lucky Penny software AutoMapper. This is allowed for development and testing scenarios. If you are running in production you are required to have a licensed version. Please visit https://luckypennysoftware.com to obtain a valid license.
2026-08-14 11:18:00.573 +03:00 [INF] Executed DbCommand (7ms) [Parameters=[], CommandType='"Text"', CommandTimeout='30']
SELECT COUNT(*)
FROM [Products] AS [p]
WHERE [p].[IsActive] = CAST(1 AS bit)
2026-08-14 11:18:00.615 +03:00 [INF] Executed DbCommand (9ms) [Parameters=[@p='?' (DbType = Int32), @p1='?' (DbType = Int32)], CommandType='"Text"', CommandTimeout='30']
SELECT [p0].[Id], [p0].[CategoryId], [p0].[CreatedAt], [p0].[IsActive], [p0].[Name], [p0].[Price], [p0].[Quantity], [p0].[SellerId], [p0].[Sku], [p0].[SysmondStockId], [p0].[UpdatedAt], [p0].[WarehouseId], [c].[Id], [c].[CreatedAt], [c].[Name], [c].[ParentCategoryId], [s].[Id], [s].[CompanyName], [s].[ContactEmail], [s].[CreatedAt], [s].[TaxNumber], [s].[UserId], [w].[Id], [w].[CreatedAt], [w].[IsActive], [w].[Location], [w].[Name], [w].[SysmondId]
FROM (
    SELECT [p].[Id], [p].[CategoryId], [p].[CreatedAt], [p].[IsActive], [p].[Name], [p].[Price], [p].[Quantity], [p].[SellerId], [p].[Sku], [p].[SysmondStockId], [p].[UpdatedAt], [p].[WarehouseId]
    FROM [Products] AS [p]
    WHERE [p].[IsActive] = CAST(1 AS bit)
    ORDER BY [p].[CreatedAt] DESC
    OFFSET @p ROWS FETCH NEXT @p1 ROWS ONLY
) AS [p0]
INNER JOIN [Categories] AS [c] ON [p0].[CategoryId] = [c].[Id]
INNER JOIN [Sellers] AS [s] ON [p0].[SellerId] = [s].[Id]
INNER JOIN [Warehouses] AS [w] ON [p0].[WarehouseId] = [w].[Id]
ORDER BY [p0].[CreatedAt] DESC
2026-08-14 11:18:00.652 +03:00 [INF] Executing OkObjectResult, writing value of type 'ECommerceManagement.Application.Common.PagedResultDto`1[[ECommerceManagement.Application.DTOs.Catalog.ProductDto, ECommerceManagement.Application, Version=1.0.0.0, Culture=neutral, PublicKeyToken=null]]'.
2026-08-14 11:18:00.661 +03:00 [INF] Executed action ECommerceManagement.Api.Controllers.CatalogController.GetActiveProducts (ECommerceManagement.Api) in 144.8402ms
2026-08-14 11:18:00.661 +03:00 [INF] Executed endpoint 'ECommerceManagement.Api.Controllers.CatalogController.GetActiveProducts (ECommerceManagement.Api)'
2026-08-14 11:18:00.662 +03:00 [INF] HTTP GET /api/Catalog/products responded 200 in 193.2986 ms
2026-08-14 11:18:00.665 +03:00 [INF] Request finished HTTP/1.1 GET http://localhost:5275/api/Catalog/products - 200 null application/json; charset=utf-8 206.4239ms
2026-08-14 11:18:49.165 +03:00 [INF] Request starting HTTP/1.1 POST http://localhost:5275/api/Auth/register-customer - application/json 137
2026-08-14 11:18:49.173 +03:00 [INF] Executing endpoint 'ECommerceManagement.Api.Controllers.AuthController.RegisterCustomer (ECommerceManagement.Api)'
2026-08-14 11:18:49.184 +03:00 [INF] Route matched with {action = "RegisterCustomer", controller = "Auth"}. Executing controller action with signature System.Threading.Tasks.Task`1[Microsoft.AspNetCore.Mvc.IActionResult] RegisterCustomer(ECommerceManagement.Application.DTOs.Auth.CustomerRegisterDto) on controller ECommerceManagement.Api.Controllers.AuthController (ECommerceManagement.Api).
2026-08-14 11:18:49.289 +03:00 [INF] Executed DbCommand (10ms) [Parameters=[@dto_Email='?' (Size = 450)], CommandType='"Text"', CommandTimeout='30']
SELECT TOP(1) [u].[Id], [u].[CreatedAt], [u].[Email], [u].[IsActive], [u].[PasswordHash], [u].[RefreshToken], [u].[RefreshTokenExpiresAt], [u].[Username]
FROM [Users] AS [u]
WHERE [u].[Email] = @dto_Email
2026-08-14 11:18:49.390 +03:00 [INF] Executed DbCommand (27ms) [Parameters=[@p0='?' (DbType = DateTime2), @p1='?' (Size = 450), @p2='?' (DbType = Boolean), @p3='?' (Size = 4000), @p4='?' (Size = 4000), @p5='?' (DbType = DateTime2), @p6='?' (Size = 4000)], CommandType='"Text"', CommandTimeout='30']
SET IMPLICIT_TRANSACTIONS OFF;
SET NOCOUNT ON;
INSERT INTO [Users] ([CreatedAt], [Email], [IsActive], [PasswordHash], [RefreshToken], [RefreshTokenExpiresAt], [Username])
OUTPUT INSERTED.[Id]
VALUES (@p0, @p1, @p2, @p3, @p4, @p5, @p6);
2026-08-14 11:18:49.426 +03:00 [INF] Executed DbCommand (15ms) [Parameters=[@p0='?' (DbType = DateTime2), @p1='?' (Size = 4000), @p2='?' (Size = 4000), @p3='?' (Size = 4000), @p4='?' (DbType = Int32), @p5='?' (DbType = Int32), @p6='?' (DbType = Int32)], CommandType='"Text"', CommandTimeout='30']
SET NOCOUNT ON;
INSERT INTO [Customers] ([CreatedAt], [FirstName], [LastName], [Phone], [UserId])
OUTPUT INSERTED.[Id]
VALUES (@p0, @p1, @p2, @p3, @p4);
INSERT INTO [UserRoles] ([RoleId], [UserId])
VALUES (@p5, @p6);
2026-08-14 11:18:49.441 +03:00 [INF] Executed DbCommand (3ms) [Parameters=[@p7='?' (DbType = Int32), @p0='?' (DbType = DateTime2), @p1='?' (Size = 450), @p2='?' (DbType = Boolean), @p3='?' (Size = 4000), @p4='?' (Size = 4000), @p5='?' (DbType = DateTime2), @p6='?' (Size = 4000)], CommandType='"Text"', CommandTimeout='30']
SET IMPLICIT_TRANSACTIONS OFF;
SET NOCOUNT ON;
UPDATE [Users] SET [CreatedAt] = @p0, [Email] = @p1, [IsActive] = @p2, [PasswordHash] = @p3, [RefreshToken] = @p4, [RefreshTokenExpiresAt] = @p5, [Username] = @p6
OUTPUT 1
WHERE [Id] = @p7;
2026-08-14 11:18:49.443 +03:00 [INF] Executing OkObjectResult, writing value of type 'ECommerceManagement.Application.DTOs.Auth.TokenResponseDto'.
2026-08-14 11:18:49.446 +03:00 [INF] Executed action ECommerceManagement.Api.Controllers.AuthController.RegisterCustomer (ECommerceManagement.Api) in 262.1475ms
2026-08-14 11:18:49.446 +03:00 [INF] Executed endpoint 'ECommerceManagement.Api.Controllers.AuthController.RegisterCustomer (ECommerceManagement.Api)'
2026-08-14 11:18:49.446 +03:00 [INF] HTTP POST /api/Auth/register-customer responded 200 in 277.7548 ms
2026-08-14 11:18:49.447 +03:00 [INF] Request finished HTTP/1.1 POST http://localhost:5275/api/Auth/register-customer - 200 null application/json; charset=utf-8 281.8099ms
2026-08-14 11:19:14.983 +03:00 [INF] Request starting HTTP/1.1 GET http://localhost:5275/api/CustomerOrder/orders?customerId=1 - null null
2026-08-14 11:19:14.991 +03:00 [INF] Executing endpoint 'ECommerceManagement.Api.Controllers.CustomerOrderController.GetMyOrders (ECommerceManagement.Api)'
2026-08-14 11:19:14.998 +03:00 [INF] Route matched with {action = "GetMyOrders", controller = "CustomerOrder"}. Executing controller action with signature System.Threading.Tasks.Task`1[Microsoft.AspNetCore.Mvc.IActionResult] GetMyOrders(Int32) on controller ECommerceManagement.Api.Controllers.CustomerOrderController (ECommerceManagement.Api).
2026-08-14 11:19:15.000 +03:00 [INF] Executed action ECommerceManagement.Api.Controllers.CustomerOrderController.GetMyOrders (ECommerceManagement.Api) in 1.7218ms
2026-08-14 11:19:15.000 +03:00 [INF] Executed endpoint 'ECommerceManagement.Api.Controllers.CustomerOrderController.GetMyOrders (ECommerceManagement.Api)'
2026-08-14 11:19:15.000 +03:00 [ERR] HTTP GET /api/CustomerOrder/orders responded 500 in 17.2351 ms
System.ArgumentNullException: Value cannot be null. (Parameter 'uriString')
   at System.ArgumentNullException.Throw(String paramName)
   at System.ArgumentNullException.ThrowIfNull(Object argument, String paramName)
   at System.Uri..ctor(String uriString)
   at Program.<>c__DisplayClass0_0.<<Main>$>b__11(HttpClient client) in /Users/yigit/RiderProjects/ECommerceManagement/src/ECommerceManagement.Api/Program.cs:line 185
   at Microsoft.Extensions.Http.DefaultHttpClientFactory.CreateClient(String name)
   at Microsoft.Extensions.DependencyInjection.HttpClientBuilderExtensions.AddTransientHelper[TClient,TImplementation](IServiceProvider s, IHttpClientBuilder builder)
   at Microsoft.Extensions.DependencyInjection.ServiceLookup.CallSiteVisitor`2.VisitCallSite(ServiceCallSite callSite, TArgument argument)
   at Microsoft.Extensions.DependencyInjection.ServiceLookup.CallSiteRuntimeResolver.VisitConstructor(ConstructorCallSite constructorCallSite, RuntimeResolverContext context)
   at Microsoft.Extensions.DependencyInjection.ServiceLookup.CallSiteVisitor`2.VisitCallSite(ServiceCallSite callSite, TArgument argument)
   at Microsoft.Extensions.DependencyInjection.ServiceLookup.DynamicServiceProviderEngine.<>c__DisplayClass2_0.<RealizeService>b__0(ServiceProviderEngineScope scope)
   at Microsoft.Extensions.DependencyInjection.ServiceLookup.ServiceProviderEngineScope.GetService(Type serviceType)
   at lambda_method634(Closure, IServiceProvider, Object[])
   at Microsoft.AspNetCore.Mvc.Controllers.ControllerFactoryProvider.<>c__DisplayClass6_0.<CreateControllerFactory>g__CreateController|0(ControllerContext controllerContext)
   at Microsoft.AspNetCore.Mvc.Infrastructure.ControllerActionInvoker.Next(State& next, Scope& scope, Object& state, Boolean& isCompleted)
   at Microsoft.AspNetCore.Mvc.Infrastructure.ControllerActionInvoker.InvokeInnerFilterAsync()
--- End of stack trace from previous location ---
   at Microsoft.AspNetCore.Mvc.Infrastructure.ResourceInvoker.<InvokeFilterPipelineAsync>g__Awaited|20_0(ResourceInvoker invoker, Task lastTask, State next, Scope scope, Object state, Boolean isCompleted)
   at Microsoft.AspNetCore.Mvc.Infrastructure.ResourceInvoker.<InvokeAsync>g__Logged|17_1(ResourceInvoker invoker)
   at Microsoft.AspNetCore.Mvc.Infrastructure.ResourceInvoker.<InvokeAsync>g__Logged|17_1(ResourceInvoker invoker)
   at Microsoft.AspNetCore.Routing.EndpointMiddleware.<Invoke>g__AwaitRequestTask|7_0(Endpoint endpoint, Task requestTask, ILogger logger)
   at Microsoft.AspNetCore.Authorization.AuthorizationMiddleware.Invoke(HttpContext context)
   at Microsoft.AspNetCore.Authentication.AuthenticationMiddleware.Invoke(HttpContext context)
   at Swashbuckle.AspNetCore.SwaggerUI.SwaggerUIMiddleware.Invoke(HttpContext httpContext)
   at Swashbuckle.AspNetCore.Swagger.SwaggerMiddleware.Invoke(HttpContext httpContext, ISwaggerProvider swaggerProvider)
   at Serilog.AspNetCore.RequestLoggingMiddleware.Invoke(HttpContext httpContext)
2026-08-14 11:19:15.014 +03:00 [ERR] An unhandled exception has occurred while executing the request.
System.ArgumentNullException: Value cannot be null. (Parameter 'uriString')
   at System.ArgumentNullException.Throw(String paramName)
   at System.ArgumentNullException.ThrowIfNull(Object argument, String paramName)
   at System.Uri..ctor(String uriString)
   at Program.<>c__DisplayClass0_0.<<Main>$>b__11(HttpClient client) in /Users/yigit/RiderProjects/ECommerceManagement/src/ECommerceManagement.Api/Program.cs:line 185
   at Microsoft.Extensions.Http.DefaultHttpClientFactory.CreateClient(String name)
   at Microsoft.Extensions.DependencyInjection.HttpClientBuilderExtensions.AddTransientHelper[TClient,TImplementation](IServiceProvider s, IHttpClientBuilder builder)
   at Microsoft.Extensions.DependencyInjection.ServiceLookup.CallSiteVisitor`2.VisitCallSite(ServiceCallSite callSite, TArgument argument)
   at Microsoft.Extensions.DependencyInjection.ServiceLookup.CallSiteRuntimeResolver.VisitConstructor(ConstructorCallSite constructorCallSite, RuntimeResolverContext context)
   at Microsoft.Extensions.DependencyInjection.ServiceLookup.CallSiteVisitor`2.VisitCallSite(ServiceCallSite callSite, TArgument argument)
   at Microsoft.Extensions.DependencyInjection.ServiceLookup.DynamicServiceProviderEngine.<>c__DisplayClass2_0.<RealizeService>b__0(ServiceProviderEngineScope scope)
   at Microsoft.Extensions.DependencyInjection.ServiceLookup.ServiceProviderEngineScope.GetService(Type serviceType)
   at lambda_method634(Closure, IServiceProvider, Object[])
   at Microsoft.AspNetCore.Mvc.Controllers.ControllerFactoryProvider.<>c__DisplayClass6_0.<CreateControllerFactory>g__CreateController|0(ControllerContext controllerContext)
   at Microsoft.AspNetCore.Mvc.Infrastructure.ControllerActionInvoker.Next(State& next, Scope& scope, Object& state, Boolean& isCompleted)
   at Microsoft.AspNetCore.Mvc.Infrastructure.ControllerActionInvoker.InvokeInnerFilterAsync()
--- End of stack trace from previous location ---
   at Microsoft.AspNetCore.Mvc.Infrastructure.ResourceInvoker.<InvokeFilterPipelineAsync>g__Awaited|20_0(ResourceInvoker invoker, Task lastTask, State next, Scope scope, Object state, Boolean isCompleted)
   at Microsoft.AspNetCore.Mvc.Infrastructure.ResourceInvoker.<InvokeAsync>g__Logged|17_1(ResourceInvoker invoker)
   at Microsoft.AspNetCore.Mvc.Infrastructure.ResourceInvoker.<InvokeAsync>g__Logged|17_1(ResourceInvoker invoker)
   at Microsoft.AspNetCore.Routing.EndpointMiddleware.<Invoke>g__AwaitRequestTask|7_0(Endpoint endpoint, Task requestTask, ILogger logger)
   at Microsoft.AspNetCore.Authorization.AuthorizationMiddleware.Invoke(HttpContext context)
   at Microsoft.AspNetCore.Authentication.AuthenticationMiddleware.Invoke(HttpContext context)
   at Swashbuckle.AspNetCore.SwaggerUI.SwaggerUIMiddleware.Invoke(HttpContext httpContext)
   at Swashbuckle.AspNetCore.Swagger.SwaggerMiddleware.Invoke(HttpContext httpContext, ISwaggerProvider swaggerProvider)
   at Serilog.AspNetCore.RequestLoggingMiddleware.Invoke(HttpContext httpContext)
   at Microsoft.AspNetCore.Diagnostics.DeveloperExceptionPageMiddlewareImpl.Invoke(HttpContext context)
2026-08-14 11:19:15.016 +03:00 [INF] Request finished HTTP/1.1 GET http://localhost:5275/api/CustomerOrder/orders?customerId=1 - 500 null text/plain; charset=utf-8 33.4897ms
2026-08-14 11:19:59.119 +03:00 [INF] Request starting HTTP/1.1 POST http://localhost:5275/api/CustomerOrder - application/json 144
2026-08-14 11:19:59.125 +03:00 [INF] Executing endpoint 'ECommerceManagement.Api.Controllers.CustomerOrderController.CreateOrder (ECommerceManagement.Api)'
2026-08-14 11:19:59.134 +03:00 [INF] Route matched with {action = "CreateOrder", controller = "CustomerOrder"}. Executing controller action with signature System.Threading.Tasks.Task`1[Microsoft.AspNetCore.Mvc.IActionResult] CreateOrder(ECommerceManagement.Application.DTOs.Orders.CreateOrderDto) on controller ECommerceManagement.Api.Controllers.CustomerOrderController (ECommerceManagement.Api).
2026-08-14 11:19:59.140 +03:00 [INF] Executed action ECommerceManagement.Api.Controllers.CustomerOrderController.CreateOrder (ECommerceManagement.Api) in 5.3205ms
2026-08-14 11:19:59.141 +03:00 [INF] Executed endpoint 'ECommerceManagement.Api.Controllers.CustomerOrderController.CreateOrder (ECommerceManagement.Api)'
2026-08-14 11:19:59.141 +03:00 [ERR] HTTP POST /api/CustomerOrder responded 500 in 20.6720 ms
System.ArgumentNullException: Value cannot be null. (Parameter 'uriString')
   at System.ArgumentNullException.Throw(String paramName)
   at System.ArgumentNullException.ThrowIfNull(Object argument, String paramName)
   at System.Uri..ctor(String uriString)
   at Program.<>c__DisplayClass0_0.<<Main>$>b__11(HttpClient client) in /Users/yigit/RiderProjects/ECommerceManagement/src/ECommerceManagement.Api/Program.cs:line 185
   at Microsoft.Extensions.Http.DefaultHttpClientFactory.CreateClient(String name)
   at Microsoft.Extensions.DependencyInjection.HttpClientBuilderExtensions.AddTransientHelper[TClient,TImplementation](IServiceProvider s, IHttpClientBuilder builder)
   at Microsoft.Extensions.DependencyInjection.ServiceLookup.CallSiteVisitor`2.VisitCallSite(ServiceCallSite callSite, TArgument argument)
   at Microsoft.Extensions.DependencyInjection.ServiceLookup.CallSiteVisitor`2.VisitCallSiteMain(ServiceCallSite callSite, TArgument argument)
   at Microsoft.Extensions.DependencyInjection.ServiceLookup.CallSiteVisitor`2.VisitCallSite(ServiceCallSite callSite, TArgument argument)
   at Microsoft.Extensions.DependencyInjection.ServiceLookup.DynamicServiceProviderEngine.<>c__DisplayClass2_0.<RealizeService>b__0(ServiceProviderEngineScope scope)
   at Microsoft.Extensions.DependencyInjection.ServiceLookup.ServiceProviderEngineScope.GetService(Type serviceType)
   at lambda_method642(Closure, IServiceProvider, Object[])
   at Microsoft.AspNetCore.Mvc.Controllers.ControllerFactoryProvider.<>c__DisplayClass6_0.<CreateControllerFactory>g__CreateController|0(ControllerContext controllerContext)
   at Microsoft.AspNetCore.Mvc.Infrastructure.ControllerActionInvoker.Next(State& next, Scope& scope, Object& state, Boolean& isCompleted)
   at Microsoft.AspNetCore.Mvc.Infrastructure.ControllerActionInvoker.InvokeInnerFilterAsync()
--- End of stack trace from previous location ---
   at Microsoft.AspNetCore.Mvc.Infrastructure.ResourceInvoker.<InvokeFilterPipelineAsync>g__Awaited|20_0(ResourceInvoker invoker, Task lastTask, State next, Scope scope, Object state, Boolean isCompleted)
   at Microsoft.AspNetCore.Mvc.Infrastructure.ResourceInvoker.<InvokeAsync>g__Logged|17_1(ResourceInvoker invoker)
   at Microsoft.AspNetCore.Mvc.Infrastructure.ResourceInvoker.<InvokeAsync>g__Logged|17_1(ResourceInvoker invoker)
   at Microsoft.AspNetCore.Routing.EndpointMiddleware.<Invoke>g__AwaitRequestTask|7_0(Endpoint endpoint, Task requestTask, ILogger logger)
   at Microsoft.AspNetCore.Authorization.AuthorizationMiddleware.Invoke(HttpContext context)
   at Microsoft.AspNetCore.Authentication.AuthenticationMiddleware.Invoke(HttpContext context)
   at Swashbuckle.AspNetCore.SwaggerUI.SwaggerUIMiddleware.Invoke(HttpContext httpContext)
   at Swashbuckle.AspNetCore.Swagger.SwaggerMiddleware.Invoke(HttpContext httpContext, ISwaggerProvider swaggerProvider)
   at Serilog.AspNetCore.RequestLoggingMiddleware.Invoke(HttpContext httpContext)
2026-08-14 11:19:59.143 +03:00 [ERR] An unhandled exception has occurred while executing the request.
System.ArgumentNullException: Value cannot be null. (Parameter 'uriString')
   at System.ArgumentNullException.Throw(String paramName)
   at System.ArgumentNullException.ThrowIfNull(Object argument, String paramName)
   at System.Uri..ctor(String uriString)
   at Program.<>c__DisplayClass0_0.<<Main>$>b__11(HttpClient client) in /Users/yigit/RiderProjects/ECommerceManagement/src/ECommerceManagement.Api/Program.cs:line 185
   at Microsoft.Extensions.Http.DefaultHttpClientFactory.CreateClient(String name)
   at Microsoft.Extensions.DependencyInjection.HttpClientBuilderExtensions.AddTransientHelper[TClient,TImplementation](IServiceProvider s, IHttpClientBuilder builder)
   at Microsoft.Extensions.DependencyInjection.ServiceLookup.CallSiteVisitor`2.VisitCallSite(ServiceCallSite callSite, TArgument argument)
   at Microsoft.Extensions.DependencyInjection.ServiceLookup.CallSiteVisitor`2.VisitCallSiteMain(ServiceCallSite callSite, TArgument argument)
   at Microsoft.Extensions.DependencyInjection.ServiceLookup.CallSiteVisitor`2.VisitCallSite(ServiceCallSite callSite, TArgument argument)
   at Microsoft.Extensions.DependencyInjection.ServiceLookup.DynamicServiceProviderEngine.<>c__DisplayClass2_0.<RealizeService>b__0(ServiceProviderEngineScope scope)
   at Microsoft.Extensions.DependencyInjection.ServiceLookup.ServiceProviderEngineScope.GetService(Type serviceType)
   at lambda_method642(Closure, IServiceProvider, Object[])
   at Microsoft.AspNetCore.Mvc.Controllers.ControllerFactoryProvider.<>c__DisplayClass6_0.<CreateControllerFactory>g__CreateController|0(ControllerContext controllerContext)
   at Microsoft.AspNetCore.Mvc.Infrastructure.ControllerActionInvoker.Next(State& next, Scope& scope, Object& state, Boolean& isCompleted)
   at Microsoft.AspNetCore.Mvc.Infrastructure.ControllerActionInvoker.InvokeInnerFilterAsync()
--- End of stack trace from previous location ---
   at Microsoft.AspNetCore.Mvc.Infrastructure.ResourceInvoker.<InvokeFilterPipelineAsync>g__Awaited|20_0(ResourceInvoker invoker, Task lastTask, State next, Scope scope, Object state, Boolean isCompleted)
   at Microsoft.AspNetCore.Mvc.Infrastructure.ResourceInvoker.<InvokeAsync>g__Logged|17_1(ResourceInvoker invoker)
   at Microsoft.AspNetCore.Mvc.Infrastructure.ResourceInvoker.<InvokeAsync>g__Logged|17_1(ResourceInvoker invoker)
   at Microsoft.AspNetCore.Routing.EndpointMiddleware.<Invoke>g__AwaitRequestTask|7_0(Endpoint endpoint, Task requestTask, ILogger logger)
   at Microsoft.AspNetCore.Authorization.AuthorizationMiddleware.Invoke(HttpContext context)
   at Microsoft.AspNetCore.Authentication.AuthenticationMiddleware.Invoke(HttpContext context)
   at Swashbuckle.AspNetCore.SwaggerUI.SwaggerUIMiddleware.Invoke(HttpContext httpContext)
   at Swashbuckle.AspNetCore.Swagger.SwaggerMiddleware.Invoke(HttpContext httpContext, ISwaggerProvider swaggerProvider)
   at Serilog.AspNetCore.RequestLoggingMiddleware.Invoke(HttpContext httpContext)
   at Microsoft.AspNetCore.Diagnostics.DeveloperExceptionPageMiddlewareImpl.Invoke(HttpContext context)
2026-08-14 11:19:59.146 +03:00 [INF] Request finished HTTP/1.1 POST http://localhost:5275/api/CustomerOrder - 500 null text/plain; charset=utf-8 27.5027ms
2026-08-14 11:21:50.213 +03:00 [INF] Application is shutting down...
2026-08-14 11:21:53.741 +03:00 [INF] Executed DbCommand (12ms) [Parameters=[], CommandType='"Text"', CommandTimeout='30']
SELECT CASE
    WHEN EXISTS (
        SELECT 1
        FROM [Users] AS [u]
        WHERE [u].[Email] = N'superadmin@sistem.com') THEN CAST(1 AS bit)
    ELSE CAST(0 AS bit)
END
2026-08-14 11:21:53.762 +03:00 [INF] Executed DbCommand (3ms) [Parameters=[], CommandType='"Text"', CommandTimeout='30']
SELECT CASE
    WHEN EXISTS (
        SELECT 1
        FROM [Users] AS [u]
        WHERE [u].[Email] = N'admin@sistem.com') THEN CAST(1 AS bit)
    ELSE CAST(0 AS bit)
END
2026-08-14 11:21:53.766 +03:00 [INF] User profile is available. Using '/Users/yigit/.aspnet/DataProtection-Keys' as key repository; keys will not be encrypted at rest.
2026-08-14 11:21:53.782 +03:00 [INF] Now listening on: http://localhost:5275
2026-08-14 11:21:53.783 +03:00 [INF] Application started. Press Ctrl+C to shut down.
2026-08-14 11:21:53.783 +03:00 [INF] Hosting environment: Development
2026-08-14 11:21:53.783 +03:00 [INF] Content root path: /Users/yigit/RiderProjects/ECommerceManagement/src/ECommerceManagement.Api
2026-08-14 11:21:58.193 +03:00 [INF] Request starting HTTP/1.1 GET http://localhost:5275/api/CustomerOrder/orders?customerId=1 - null null
2026-08-14 11:21:58.211 +03:00 [WRN] Failed to determine the https port for redirect.
2026-08-14 11:21:58.253 +03:00 [INF] Executing endpoint 'ECommerceManagement.Api.Controllers.CustomerOrderController.GetMyOrders (ECommerceManagement.Api)'
2026-08-14 11:21:58.259 +03:00 [INF] Route matched with {action = "GetMyOrders", controller = "CustomerOrder"}. Executing controller action with signature System.Threading.Tasks.Task`1[Microsoft.AspNetCore.Mvc.IActionResult] GetMyOrders(Int32) on controller ECommerceManagement.Api.Controllers.CustomerOrderController (ECommerceManagement.Api).
2026-08-14 11:21:58.356 +03:00 [INF] Executed DbCommand (42ms) [Parameters=[@customerId='?' (DbType = Int32)], CommandType='"Text"', CommandTimeout='30']
SELECT [o].[Id], [o].[BillingAddressId], [o].[CreatedAt], [o].[CustomerId], [o].[SellerId], [o].[ShippingAddressId], [o].[Status], [o].[SysmondOrderId], [o].[TotalAmount], [o].[UpdatedAt], [c].[Id], [c].[CreatedAt], [c].[FirstName], [c].[LastName], [c].[Phone], [c].[UserId], [o0].[Id], [o0].[CreatedAt], [o0].[LineTotal], [o0].[OrderId], [o0].[ProductId], [o0].[Quantity], [o0].[SysmondOrderItemId], [o0].[UnitPrice]
FROM [Orders] AS [o]
INNER JOIN [Customers] AS [c] ON [o].[CustomerId] = [c].[Id]
LEFT JOIN [OrderItems] AS [o0] ON [o].[Id] = [o0].[OrderId]
WHERE [o].[CustomerId] = @customerId
ORDER BY [o].[Id], [c].[Id]
2026-08-14 11:21:58.371 +03:00 [INF] Executed DbCommand (3ms) [Parameters=[], CommandType='"Text"', CommandTimeout='30']
SELECT [p].[Id], [p].[CategoryId], [p].[CreatedAt], [p].[IsActive], [p].[Name], [p].[Price], [p].[Quantity], [p].[SellerId], [p].[Sku], [p].[SysmondStockId], [p].[UpdatedAt], [p].[WarehouseId]
FROM [Products] AS [p]
WHERE 0 = 1
2026-08-14 11:21:58.373 +03:00 [INF] Executing OkObjectResult, writing value of type 'System.Linq.Enumerable+ListSelectIterator`2[[ECommerceManagement.Domain.Entities.Order, ECommerceManagement.Domain, Version=1.0.0.0, Culture=neutral, PublicKeyToken=null],[ECommerceManagement.Application.DTOs.Orders.OrderDto, ECommerceManagement.Application, Version=1.0.0.0, Culture=neutral, PublicKeyToken=null]]'.
2026-08-14 11:21:58.384 +03:00 [INF] Executed action ECommerceManagement.Api.Controllers.CustomerOrderController.GetMyOrders (ECommerceManagement.Api) in 123.4308ms
2026-08-14 11:21:58.384 +03:00 [INF] Executed endpoint 'ECommerceManagement.Api.Controllers.CustomerOrderController.GetMyOrders (ECommerceManagement.Api)'
2026-08-14 11:21:58.385 +03:00 [INF] HTTP GET /api/CustomerOrder/orders responded 200 in 182.6449 ms
2026-08-14 11:21:58.386 +03:00 [INF] Request finished HTTP/1.1 GET http://localhost:5275/api/CustomerOrder/orders?customerId=1 - 200 null application/json; charset=utf-8 194.5309ms
2026-08-14 11:22:02.800 +03:00 [INF] Request starting HTTP/1.1 POST http://localhost:5275/api/CustomerOrder - application/json 144
2026-08-14 11:22:02.805 +03:00 [INF] Executing endpoint 'ECommerceManagement.Api.Controllers.CustomerOrderController.CreateOrder (ECommerceManagement.Api)'
2026-08-14 11:22:02.813 +03:00 [INF] Route matched with {action = "CreateOrder", controller = "CustomerOrder"}. Executing controller action with signature System.Threading.Tasks.Task`1[Microsoft.AspNetCore.Mvc.IActionResult] CreateOrder(ECommerceManagement.Application.DTOs.Orders.CreateOrderDto) on controller ECommerceManagement.Api.Controllers.CustomerOrderController (ECommerceManagement.Api).
2026-08-14 11:22:02.876 +03:00 [INF] Executed DbCommand (8ms) [Parameters=[@p='?' (DbType = Int32)], CommandType='"Text"', CommandTimeout='30']
SELECT TOP(1) [a].[Id], [a].[City], [a].[CreatedAt], [a].[CustomerId], [a].[District], [a].[FullAddress], [a].[IsBilling], [a].[IsShipping], [a].[Title]
FROM [Addresses] AS [a]
WHERE [a].[Id] = @p
2026-08-14 11:22:02.877 +03:00 [INF] Executed action ECommerceManagement.Api.Controllers.CustomerOrderController.CreateOrder (ECommerceManagement.Api) in 63.1279ms
2026-08-14 11:22:02.877 +03:00 [INF] Executed endpoint 'ECommerceManagement.Api.Controllers.CustomerOrderController.CreateOrder (ECommerceManagement.Api)'
2026-08-14 11:22:02.877 +03:00 [ERR] HTTP POST /api/CustomerOrder responded 500 in 74.6370 ms
System.InvalidOperationException: Geçersiz, size ait olmayan veya teslimat için uygun olmayan bir adres seçildi.
   at ECommerceManagement.Application.Services.CustomerOrderService.CreateOrderAsync(CreateOrderDto dto) in /Users/yigit/RiderProjects/ECommerceManagement/src/ECommerceManagement.Application/Services/CustomerOrderService.cs:line 78
   at ECommerceManagement.Api.Controllers.CustomerOrderController.CreateOrder(CreateOrderDto dto) in /Users/yigit/RiderProjects/ECommerceManagement/src/ECommerceManagement.Api/Controllers/CustomerOrderController.cs:line 31
   at Microsoft.AspNetCore.Mvc.Infrastructure.ActionMethodExecutor.TaskOfIActionResultExecutor.Execute(ActionContext actionContext, IActionResultTypeMapper mapper, ObjectMethodExecutor executor, Object controller, Object[] arguments)
   at Microsoft.AspNetCore.Mvc.Infrastructure.ControllerActionInvoker.<InvokeActionMethodAsync>g__Awaited|12_0(ControllerActionInvoker invoker, ValueTask`1 actionResultValueTask)
   at Microsoft.AspNetCore.Mvc.Infrastructure.ControllerActionInvoker.<InvokeNextActionFilterAsync>g__Awaited|10_0(ControllerActionInvoker invoker, Task lastTask, State next, Scope scope, Object state, Boolean isCompleted)
   at Microsoft.AspNetCore.Mvc.Infrastructure.ControllerActionInvoker.Rethrow(ActionExecutedContextSealed context)
   at Microsoft.AspNetCore.Mvc.Infrastructure.ControllerActionInvoker.Next(State& next, Scope& scope, Object& state, Boolean& isCompleted)
   at Microsoft.AspNetCore.Mvc.Infrastructure.ControllerActionInvoker.<InvokeInnerFilterAsync>g__Awaited|13_0(ControllerActionInvoker invoker, Task lastTask, State next, Scope scope, Object state, Boolean isCompleted)
   at Microsoft.AspNetCore.Mvc.Infrastructure.ResourceInvoker.<InvokeFilterPipelineAsync>g__Awaited|20_0(ResourceInvoker invoker, Task lastTask, State next, Scope scope, Object state, Boolean isCompleted)
   at Microsoft.AspNetCore.Mvc.Infrastructure.ResourceInvoker.<InvokeAsync>g__Logged|17_1(ResourceInvoker invoker)
   at Microsoft.AspNetCore.Mvc.Infrastructure.ResourceInvoker.<InvokeAsync>g__Logged|17_1(ResourceInvoker invoker)
   at Microsoft.AspNetCore.Routing.EndpointMiddleware.<Invoke>g__AwaitRequestTask|7_0(Endpoint endpoint, Task requestTask, ILogger logger)
   at Microsoft.AspNetCore.Authorization.AuthorizationMiddleware.Invoke(HttpContext context)
   at Microsoft.AspNetCore.Authentication.AuthenticationMiddleware.Invoke(HttpContext context)
   at Swashbuckle.AspNetCore.SwaggerUI.SwaggerUIMiddleware.Invoke(HttpContext httpContext)
   at Swashbuckle.AspNetCore.Swagger.SwaggerMiddleware.Invoke(HttpContext httpContext, ISwaggerProvider swaggerProvider)
   at Serilog.AspNetCore.RequestLoggingMiddleware.Invoke(HttpContext httpContext)
2026-08-14 11:22:02.884 +03:00 [ERR] An unhandled exception has occurred while executing the request.
System.InvalidOperationException: Geçersiz, size ait olmayan veya teslimat için uygun olmayan bir adres seçildi.
   at ECommerceManagement.Application.Services.CustomerOrderService.CreateOrderAsync(CreateOrderDto dto) in /Users/yigit/RiderProjects/ECommerceManagement/src/ECommerceManagement.Application/Services/CustomerOrderService.cs:line 78
   at ECommerceManagement.Api.Controllers.CustomerOrderController.CreateOrder(CreateOrderDto dto) in /Users/yigit/RiderProjects/ECommerceManagement/src/ECommerceManagement.Api/Controllers/CustomerOrderController.cs:line 31
   at Microsoft.AspNetCore.Mvc.Infrastructure.ActionMethodExecutor.TaskOfIActionResultExecutor.Execute(ActionContext actionContext, IActionResultTypeMapper mapper, ObjectMethodExecutor executor, Object controller, Object[] arguments)
   at Microsoft.AspNetCore.Mvc.Infrastructure.ControllerActionInvoker.<InvokeActionMethodAsync>g__Awaited|12_0(ControllerActionInvoker invoker, ValueTask`1 actionResultValueTask)
   at Microsoft.AspNetCore.Mvc.Infrastructure.ControllerActionInvoker.<InvokeNextActionFilterAsync>g__Awaited|10_0(ControllerActionInvoker invoker, Task lastTask, State next, Scope scope, Object state, Boolean isCompleted)
   at Microsoft.AspNetCore.Mvc.Infrastructure.ControllerActionInvoker.Rethrow(ActionExecutedContextSealed context)
   at Microsoft.AspNetCore.Mvc.Infrastructure.ControllerActionInvoker.Next(State& next, Scope& scope, Object& state, Boolean& isCompleted)
   at Microsoft.AspNetCore.Mvc.Infrastructure.ControllerActionInvoker.<InvokeInnerFilterAsync>g__Awaited|13_0(ControllerActionInvoker invoker, Task lastTask, State next, Scope scope, Object state, Boolean isCompleted)
   at Microsoft.AspNetCore.Mvc.Infrastructure.ResourceInvoker.<InvokeFilterPipelineAsync>g__Awaited|20_0(ResourceInvoker invoker, Task lastTask, State next, Scope scope, Object state, Boolean isCompleted)
   at Microsoft.AspNetCore.Mvc.Infrastructure.ResourceInvoker.<InvokeAsync>g__Logged|17_1(ResourceInvoker invoker)
   at Microsoft.AspNetCore.Mvc.Infrastructure.ResourceInvoker.<InvokeAsync>g__Logged|17_1(ResourceInvoker invoker)
   at Microsoft.AspNetCore.Routing.EndpointMiddleware.<Invoke>g__AwaitRequestTask|7_0(Endpoint endpoint, Task requestTask, ILogger logger)
   at Microsoft.AspNetCore.Authorization.AuthorizationMiddleware.Invoke(HttpContext context)
   at Microsoft.AspNetCore.Authentication.AuthenticationMiddleware.Invoke(HttpContext context)
   at Swashbuckle.AspNetCore.SwaggerUI.SwaggerUIMiddleware.Invoke(HttpContext httpContext)
   at Swashbuckle.AspNetCore.Swagger.SwaggerMiddleware.Invoke(HttpContext httpContext, ISwaggerProvider swaggerProvider)
   at Serilog.AspNetCore.RequestLoggingMiddleware.Invoke(HttpContext httpContext)
   at Microsoft.AspNetCore.Diagnostics.DeveloperExceptionPageMiddlewareImpl.Invoke(HttpContext context)
2026-08-14 11:22:02.886 +03:00 [INF] Request finished HTTP/1.1 POST http://localhost:5275/api/CustomerOrder - 500 null text/plain; charset=utf-8 85.9184ms
2026-08-14 11:27:56.472 +03:00 [INF] Request starting HTTP/1.1 POST http://localhost:5275/api/CustomerOrder - application/json 144
2026-08-14 11:27:56.482 +03:00 [INF] Executing endpoint 'ECommerceManagement.Api.Controllers.CustomerOrderController.CreateOrder (ECommerceManagement.Api)'
2026-08-14 11:27:56.483 +03:00 [INF] Route matched with {action = "CreateOrder", controller = "CustomerOrder"}. Executing controller action with signature System.Threading.Tasks.Task`1[Microsoft.AspNetCore.Mvc.IActionResult] CreateOrder(ECommerceManagement.Application.DTOs.Orders.CreateOrderDto) on controller ECommerceManagement.Api.Controllers.CustomerOrderController (ECommerceManagement.Api).
2026-08-14 11:27:56.503 +03:00 [INF] Executed DbCommand (4ms) [Parameters=[@p='?' (DbType = Int32)], CommandType='"Text"', CommandTimeout='30']
SELECT TOP(1) [a].[Id], [a].[City], [a].[CreatedAt], [a].[CustomerId], [a].[District], [a].[FullAddress], [a].[IsBilling], [a].[IsShipping], [a].[Title]
FROM [Addresses] AS [a]
WHERE [a].[Id] = @p
2026-08-14 11:27:56.534 +03:00 [INF] Executed DbCommand (7ms) [Parameters=[@productIds1='?' (DbType = Int32)], CommandType='"Text"', CommandTimeout='30']
SELECT [p].[Id], [p].[CategoryId], [p].[CreatedAt], [p].[IsActive], [p].[Name], [p].[Price], [p].[Quantity], [p].[SellerId], [p].[Sku], [p].[SysmondStockId], [p].[UpdatedAt], [p].[WarehouseId]
FROM [Products] AS [p]
WHERE [p].[Id] = @productIds1
2026-08-14 11:27:56.547 +03:00 [INF] Executed action ECommerceManagement.Api.Controllers.CustomerOrderController.CreateOrder (ECommerceManagement.Api) in 63.8737ms
2026-08-14 11:27:56.547 +03:00 [INF] Executed endpoint 'ECommerceManagement.Api.Controllers.CustomerOrderController.CreateOrder (ECommerceManagement.Api)'
2026-08-14 11:27:56.547 +03:00 [ERR] HTTP POST /api/CustomerOrder responded 500 in 73.7319 ms
System.Exception: 'ccc' ürünü için yeterli stok yok. Mevcut: 0
   at ECommerceManagement.Application.Services.CustomerOrderService.CreateOrderAsync(CreateOrderDto dto) in /Users/yigit/RiderProjects/ECommerceManagement/src/ECommerceManagement.Application/Services/CustomerOrderService.cs:line 96
   at ECommerceManagement.Api.Controllers.CustomerOrderController.CreateOrder(CreateOrderDto dto) in /Users/yigit/RiderProjects/ECommerceManagement/src/ECommerceManagement.Api/Controllers/CustomerOrderController.cs:line 31
   at Microsoft.AspNetCore.Mvc.Infrastructure.ActionMethodExecutor.TaskOfIActionResultExecutor.Execute(ActionContext actionContext, IActionResultTypeMapper mapper, ObjectMethodExecutor executor, Object controller, Object[] arguments)
   at Microsoft.AspNetCore.Mvc.Infrastructure.ControllerActionInvoker.<InvokeActionMethodAsync>g__Awaited|12_0(ControllerActionInvoker invoker, ValueTask`1 actionResultValueTask)
   at Microsoft.AspNetCore.Mvc.Infrastructure.ControllerActionInvoker.<InvokeNextActionFilterAsync>g__Awaited|10_0(ControllerActionInvoker invoker, Task lastTask, State next, Scope scope, Object state, Boolean isCompleted)
   at Microsoft.AspNetCore.Mvc.Infrastructure.ControllerActionInvoker.Rethrow(ActionExecutedContextSealed context)
   at Microsoft.AspNetCore.Mvc.Infrastructure.ControllerActionInvoker.Next(State& next, Scope& scope, Object& state, Boolean& isCompleted)
   at Microsoft.AspNetCore.Mvc.Infrastructure.ControllerActionInvoker.<InvokeInnerFilterAsync>g__Awaited|13_0(ControllerActionInvoker invoker, Task lastTask, State next, Scope scope, Object state, Boolean isCompleted)
   at Microsoft.AspNetCore.Mvc.Infrastructure.ResourceInvoker.<InvokeFilterPipelineAsync>g__Awaited|20_0(ResourceInvoker invoker, Task lastTask, State next, Scope scope, Object state, Boolean isCompleted)
   at Microsoft.AspNetCore.Mvc.Infrastructure.ResourceInvoker.<InvokeAsync>g__Logged|17_1(ResourceInvoker invoker)
   at Microsoft.AspNetCore.Mvc.Infrastructure.ResourceInvoker.<InvokeAsync>g__Logged|17_1(ResourceInvoker invoker)
   at Microsoft.AspNetCore.Routing.EndpointMiddleware.<Invoke>g__AwaitRequestTask|7_0(Endpoint endpoint, Task requestTask, ILogger logger)
   at Microsoft.AspNetCore.Authorization.AuthorizationMiddleware.Invoke(HttpContext context)
   at Microsoft.AspNetCore.Authentication.AuthenticationMiddleware.Invoke(HttpContext context)
   at Swashbuckle.AspNetCore.SwaggerUI.SwaggerUIMiddleware.Invoke(HttpContext httpContext)
   at Swashbuckle.AspNetCore.Swagger.SwaggerMiddleware.Invoke(HttpContext httpContext, ISwaggerProvider swaggerProvider)
   at Serilog.AspNetCore.RequestLoggingMiddleware.Invoke(HttpContext httpContext)
2026-08-14 11:27:56.548 +03:00 [ERR] An unhandled exception has occurred while executing the request.
System.Exception: 'ccc' ürünü için yeterli stok yok. Mevcut: 0
   at ECommerceManagement.Application.Services.CustomerOrderService.CreateOrderAsync(CreateOrderDto dto) in /Users/yigit/RiderProjects/ECommerceManagement/src/ECommerceManagement.Application/Services/CustomerOrderService.cs:line 96
   at ECommerceManagement.Api.Controllers.CustomerOrderController.CreateOrder(CreateOrderDto dto) in /Users/yigit/RiderProjects/ECommerceManagement/src/ECommerceManagement.Api/Controllers/CustomerOrderController.cs:line 31
   at Microsoft.AspNetCore.Mvc.Infrastructure.ActionMethodExecutor.TaskOfIActionResultExecutor.Execute(ActionContext actionContext, IActionResultTypeMapper mapper, ObjectMethodExecutor executor, Object controller, Object[] arguments)
   at Microsoft.AspNetCore.Mvc.Infrastructure.ControllerActionInvoker.<InvokeActionMethodAsync>g__Awaited|12_0(ControllerActionInvoker invoker, ValueTask`1 actionResultValueTask)
   at Microsoft.AspNetCore.Mvc.Infrastructure.ControllerActionInvoker.<InvokeNextActionFilterAsync>g__Awaited|10_0(ControllerActionInvoker invoker, Task lastTask, State next, Scope scope, Object state, Boolean isCompleted)
   at Microsoft.AspNetCore.Mvc.Infrastructure.ControllerActionInvoker.Rethrow(ActionExecutedContextSealed context)
   at Microsoft.AspNetCore.Mvc.Infrastructure.ControllerActionInvoker.Next(State& next, Scope& scope, Object& state, Boolean& isCompleted)
   at Microsoft.AspNetCore.Mvc.Infrastructure.ControllerActionInvoker.<InvokeInnerFilterAsync>g__Awaited|13_0(ControllerActionInvoker invoker, Task lastTask, State next, Scope scope, Object state, Boolean isCompleted)
   at Microsoft.AspNetCore.Mvc.Infrastructure.ResourceInvoker.<InvokeFilterPipelineAsync>g__Awaited|20_0(ResourceInvoker invoker, Task lastTask, State next, Scope scope, Object state, Boolean isCompleted)
   at Microsoft.AspNetCore.Mvc.Infrastructure.ResourceInvoker.<InvokeAsync>g__Logged|17_1(ResourceInvoker invoker)
   at Microsoft.AspNetCore.Mvc.Infrastructure.ResourceInvoker.<InvokeAsync>g__Logged|17_1(ResourceInvoker invoker)
   at Microsoft.AspNetCore.Routing.EndpointMiddleware.<Invoke>g__AwaitRequestTask|7_0(Endpoint endpoint, Task requestTask, ILogger logger)
   at Microsoft.AspNetCore.Authorization.AuthorizationMiddleware.Invoke(HttpContext context)
   at Microsoft.AspNetCore.Authentication.AuthenticationMiddleware.Invoke(HttpContext context)
   at Swashbuckle.AspNetCore.SwaggerUI.SwaggerUIMiddleware.Invoke(HttpContext httpContext)
   at Swashbuckle.AspNetCore.Swagger.SwaggerMiddleware.Invoke(HttpContext httpContext, ISwaggerProvider swaggerProvider)
   at Serilog.AspNetCore.RequestLoggingMiddleware.Invoke(HttpContext httpContext)
   at Microsoft.AspNetCore.Diagnostics.DeveloperExceptionPageMiddlewareImpl.Invoke(HttpContext context)
2026-08-14 11:27:56.549 +03:00 [INF] Request finished HTTP/1.1 POST http://localhost:5275/api/CustomerOrder - 500 null text/plain; charset=utf-8 77.6991ms
2026-08-14 11:28:05.616 +03:00 [INF] Request starting HTTP/1.1 POST http://localhost:5275/api/Catalog/sync - null 0
2026-08-14 11:28:05.623 +03:00 [INF] Executing endpoint 'ECommerceManagement.Api.Controllers.CatalogController.SyncProducts (ECommerceManagement.Api)'
2026-08-14 11:28:05.628 +03:00 [INF] Route matched with {action = "SyncProducts", controller = "Catalog"}. Executing controller action with signature System.Threading.Tasks.Task`1[Microsoft.AspNetCore.Mvc.IActionResult] SyncProducts() on controller ECommerceManagement.Api.Controllers.CatalogController (ECommerceManagement.Api).
2026-08-14 11:28:05.672 +03:00 [WRN] You do not have a valid license key for the Lucky Penny software AutoMapper. This is allowed for development and testing scenarios. If you are running in production you are required to have a licensed version. Please visit https://luckypennysoftware.com to obtain a valid license.
2026-08-14 11:28:07.189 +03:00 [INF] Executed DbCommand (4ms) [Parameters=[], CommandType='"Text"', CommandTimeout='30']
SELECT [p].[Id], [p].[CategoryId], [p].[CreatedAt], [p].[IsActive], [p].[Name], [p].[Price], [p].[Quantity], [p].[SellerId], [p].[Sku], [p].[SysmondStockId], [p].[UpdatedAt], [p].[WarehouseId]
FROM [Products] AS [p]
2026-08-14 11:28:07.193 +03:00 [INF] Executed DbCommand (1ms) [Parameters=[], CommandType='"Text"', CommandTimeout='30']
SELECT [w].[Id], [w].[CreatedAt], [w].[IsActive], [w].[Location], [w].[Name], [w].[SysmondId]
FROM [Warehouses] AS [w]
2026-08-14 11:28:07.247 +03:00 [INF] Executed DbCommand (7ms) [Parameters=[@p11='?' (DbType = Int32), @p0='?' (DbType = Int32), @p1='?' (DbType = DateTime2), @p2='?' (DbType = Boolean), @p3='?' (Size = 4000), @p4='?' (Precision = 18) (Scale = 2) (DbType = Decimal), @p5='?' (DbType = Int32), @p6='?' (DbType = Int32), @p7='?' (Size = 4000), @p8='?' (DbType = Guid), @p9='?' (DbType = DateTime2), @p10='?' (DbType = Int32), @p23='?' (DbType = Int32), @p12='?' (DbType = Int32), @p13='?' (DbType = DateTime2), @p14='?' (DbType = Boolean), @p15='?' (Size = 4000), @p16='?' (Precision = 18) (Scale = 2) (DbType = Decimal), @p17='?' (DbType = Int32), @p18='?' (DbType = Int32), @p19='?' (Size = 4000), @p20='?' (DbType = Guid), @p21='?' (DbType = DateTime2), @p22='?' (DbType = Int32), @p35='?' (DbType = Int32), @p24='?' (DbType = Int32), @p25='?' (DbType = DateTime2), @p26='?' (DbType = Boolean), @p27='?' (Size = 4000), @p28='?' (Precision = 18) (Scale = 2) (DbType = Decimal), @p29='?' (DbType = Int32), @p30='?' (DbType = Int32), @p31='?' (Size = 4000), @p32='?' (DbType = Guid), @p33='?' (DbType = DateTime2), @p34='?' (DbType = Int32), @p47='?' (DbType = Int32), @p36='?' (DbType = Int32), @p37='?' (DbType = DateTime2), @p38='?' (DbType = Boolean), @p39='?' (Size = 4000), @p40='?' (Precision = 18) (Scale = 2) (DbType = Decimal), @p41='?' (DbType = Int32), @p42='?' (DbType = Int32), @p43='?' (Size = 4000), @p44='?' (DbType = Guid), @p45='?' (DbType = DateTime2), @p46='?' (DbType = Int32), @p59='?' (DbType = Int32), @p48='?' (DbType = Int32), @p49='?' (DbType = DateTime2), @p50='?' (DbType = Boolean), @p51='?' (Size = 4000), @p52='?' (Precision = 18) (Scale = 2) (DbType = Decimal), @p53='?' (DbType = Int32), @p54='?' (DbType = Int32), @p55='?' (Size = 4000), @p56='?' (DbType = Guid), @p57='?' (DbType = DateTime2), @p58='?' (DbType = Int32), @p71='?' (DbType = Int32), @p60='?' (DbType = Int32), @p61='?' (DbType = DateTime2), @p62='?' (DbType = Boolean), @p63='?' (Size = 4000), @p64='?' (Precision = 18) (Scale = 2) (DbType = Decimal), @p65='?' (DbType = Int32), @p66='?' (DbType = Int32), @p67='?' (Size = 4000), @p68='?' (DbType = Guid), @p69='?' (DbType = DateTime2), @p70='?' (DbType = Int32)], CommandType='"Text"', CommandTimeout='30']
SET NOCOUNT ON;
UPDATE [Products] SET [CategoryId] = @p0, [CreatedAt] = @p1, [IsActive] = @p2, [Name] = @p3, [Price] = @p4, [Quantity] = @p5, [SellerId] = @p6, [Sku] = @p7, [SysmondStockId] = @p8, [UpdatedAt] = @p9, [WarehouseId] = @p10
OUTPUT 1
WHERE [Id] = @p11;
UPDATE [Products] SET [CategoryId] = @p12, [CreatedAt] = @p13, [IsActive] = @p14, [Name] = @p15, [Price] = @p16, [Quantity] = @p17, [SellerId] = @p18, [Sku] = @p19, [SysmondStockId] = @p20, [UpdatedAt] = @p21, [WarehouseId] = @p22
OUTPUT 1
WHERE [Id] = @p23;
UPDATE [Products] SET [CategoryId] = @p24, [CreatedAt] = @p25, [IsActive] = @p26, [Name] = @p27, [Price] = @p28, [Quantity] = @p29, [SellerId] = @p30, [Sku] = @p31, [SysmondStockId] = @p32, [UpdatedAt] = @p33, [WarehouseId] = @p34
OUTPUT 1
WHERE [Id] = @p35;
UPDATE [Products] SET [CategoryId] = @p36, [CreatedAt] = @p37, [IsActive] = @p38, [Name] = @p39, [Price] = @p40, [Quantity] = @p41, [SellerId] = @p42, [Sku] = @p43, [SysmondStockId] = @p44, [UpdatedAt] = @p45, [WarehouseId] = @p46
OUTPUT 1
WHERE [Id] = @p47;
UPDATE [Products] SET [CategoryId] = @p48, [CreatedAt] = @p49, [IsActive] = @p50, [Name] = @p51, [Price] = @p52, [Quantity] = @p53, [SellerId] = @p54, [Sku] = @p55, [SysmondStockId] = @p56, [UpdatedAt] = @p57, [WarehouseId] = @p58
OUTPUT 1
WHERE [Id] = @p59;
UPDATE [Products] SET [CategoryId] = @p60, [CreatedAt] = @p61, [IsActive] = @p62, [Name] = @p63, [Price] = @p64, [Quantity] = @p65, [SellerId] = @p66, [Sku] = @p67, [SysmondStockId] = @p68, [UpdatedAt] = @p69, [WarehouseId] = @p70
OUTPUT 1
WHERE [Id] = @p71;
2026-08-14 11:28:07.254 +03:00 [INF] Executing OkObjectResult, writing value of type '<>f__AnonymousType1`1[[System.String, System.Private.CoreLib, Version=10.0.0.0, Culture=neutral, PublicKeyToken=7cec85d7bea7798e]]'.
2026-08-14 11:28:07.255 +03:00 [INF] Executed action ECommerceManagement.Api.Controllers.CatalogController.SyncProducts (ECommerceManagement.Api) in 1626.8132ms
2026-08-14 11:28:07.256 +03:00 [INF] Executed endpoint 'ECommerceManagement.Api.Controllers.CatalogController.SyncProducts (ECommerceManagement.Api)'
2026-08-14 11:28:07.256 +03:00 [INF] HTTP POST /api/Catalog/sync responded 200 in 1639.4435 ms
2026-08-14 11:28:07.256 +03:00 [INF] Request finished HTTP/1.1 POST http://localhost:5275/api/Catalog/sync - 200 null application/json; charset=utf-8 1640.0459ms
2026-08-14 11:28:10.897 +03:00 [INF] Request starting HTTP/1.1 GET http://localhost:5275/api/Catalog/products - null null
2026-08-14 11:28:10.900 +03:00 [INF] Executing endpoint 'ECommerceManagement.Api.Controllers.CatalogController.GetActiveProducts (ECommerceManagement.Api)'
2026-08-14 11:28:10.908 +03:00 [INF] Route matched with {action = "GetActiveProducts", controller = "Catalog"}. Executing controller action with signature System.Threading.Tasks.Task`1[Microsoft.AspNetCore.Mvc.ActionResult`1[ECommerceManagement.Application.Common.PagedResultDto`1[ECommerceManagement.Application.DTOs.Catalog.ProductDto]]] GetActiveProducts(ECommerceManagement.Application.Common.ProductFilterDto) on controller ECommerceManagement.Api.Controllers.CatalogController (ECommerceManagement.Api).
2026-08-14 11:28:10.936 +03:00 [INF] Executed DbCommand (3ms) [Parameters=[], CommandType='"Text"', CommandTimeout='30']
SELECT COUNT(*)
FROM [Products] AS [p]
WHERE [p].[IsActive] = CAST(1 AS bit)
2026-08-14 11:28:10.956 +03:00 [INF] Executed DbCommand (4ms) [Parameters=[@p='?' (DbType = Int32), @p1='?' (DbType = Int32)], CommandType='"Text"', CommandTimeout='30']
SELECT [p0].[Id], [p0].[CategoryId], [p0].[CreatedAt], [p0].[IsActive], [p0].[Name], [p0].[Price], [p0].[Quantity], [p0].[SellerId], [p0].[Sku], [p0].[SysmondStockId], [p0].[UpdatedAt], [p0].[WarehouseId], [c].[Id], [c].[CreatedAt], [c].[Name], [c].[ParentCategoryId], [s].[Id], [s].[CompanyName], [s].[ContactEmail], [s].[CreatedAt], [s].[TaxNumber], [s].[UserId], [w].[Id], [w].[CreatedAt], [w].[IsActive], [w].[Location], [w].[Name], [w].[SysmondId]
FROM (
    SELECT [p].[Id], [p].[CategoryId], [p].[CreatedAt], [p].[IsActive], [p].[Name], [p].[Price], [p].[Quantity], [p].[SellerId], [p].[Sku], [p].[SysmondStockId], [p].[UpdatedAt], [p].[WarehouseId]
    FROM [Products] AS [p]
    WHERE [p].[IsActive] = CAST(1 AS bit)
    ORDER BY [p].[CreatedAt] DESC
    OFFSET @p ROWS FETCH NEXT @p1 ROWS ONLY
) AS [p0]
INNER JOIN [Categories] AS [c] ON [p0].[CategoryId] = [c].[Id]
INNER JOIN [Sellers] AS [s] ON [p0].[SellerId] = [s].[Id]
INNER JOIN [Warehouses] AS [w] ON [p0].[WarehouseId] = [w].[Id]
ORDER BY [p0].[CreatedAt] DESC
2026-08-14 11:28:10.973 +03:00 [INF] Executing OkObjectResult, writing value of type 'ECommerceManagement.Application.Common.PagedResultDto`1[[ECommerceManagement.Application.DTOs.Catalog.ProductDto, ECommerceManagement.Application, Version=1.0.0.0, Culture=neutral, PublicKeyToken=null]]'.
2026-08-14 11:28:10.975 +03:00 [INF] Executed action ECommerceManagement.Api.Controllers.CatalogController.GetActiveProducts (ECommerceManagement.Api) in 66.7575ms
2026-08-14 11:28:10.976 +03:00 [INF] Executed endpoint 'ECommerceManagement.Api.Controllers.CatalogController.GetActiveProducts (ECommerceManagement.Api)'
2026-08-14 11:28:10.976 +03:00 [INF] HTTP GET /api/Catalog/products responded 200 in 77.4478 ms
2026-08-14 11:28:10.976 +03:00 [INF] Request finished HTTP/1.1 GET http://localhost:5275/api/Catalog/products - 200 null application/json; charset=utf-8 78.9297ms
2026-08-14 11:28:38.923 +03:00 [INF] Request starting HTTP/1.1 POST http://localhost:5275/api/CustomerOrder - application/json 145
2026-08-14 11:28:38.924 +03:00 [INF] Executing endpoint 'ECommerceManagement.Api.Controllers.CustomerOrderController.CreateOrder (ECommerceManagement.Api)'
2026-08-14 11:28:38.924 +03:00 [INF] Route matched with {action = "CreateOrder", controller = "CustomerOrder"}. Executing controller action with signature System.Threading.Tasks.Task`1[Microsoft.AspNetCore.Mvc.IActionResult] CreateOrder(ECommerceManagement.Application.DTOs.Orders.CreateOrderDto) on controller ECommerceManagement.Api.Controllers.CustomerOrderController (ECommerceManagement.Api).
2026-08-14 11:28:38.928 +03:00 [INF] Executed DbCommand (3ms) [Parameters=[@p='?' (DbType = Int32)], CommandType='"Text"', CommandTimeout='30']
SELECT TOP(1) [a].[Id], [a].[City], [a].[CreatedAt], [a].[CustomerId], [a].[District], [a].[FullAddress], [a].[IsBilling], [a].[IsShipping], [a].[Title]
FROM [Addresses] AS [a]
WHERE [a].[Id] = @p
2026-08-14 11:28:38.930 +03:00 [INF] Executed DbCommand (2ms) [Parameters=[@productIds1='?' (DbType = Int32)], CommandType='"Text"', CommandTimeout='30']
SELECT [p].[Id], [p].[CategoryId], [p].[CreatedAt], [p].[IsActive], [p].[Name], [p].[Price], [p].[Quantity], [p].[SellerId], [p].[Sku], [p].[SysmondStockId], [p].[UpdatedAt], [p].[WarehouseId]
FROM [Products] AS [p]
WHERE [p].[Id] = @productIds1
2026-08-14 11:28:38.973 +03:00 [INF] Executed DbCommand (18ms) [Parameters=[@p0='?' (DbType = Int32), @p1='?' (DbType = DateTime2), @p2='?' (DbType = Int32), @p3='?' (DbType = Int32), @p4='?' (DbType = Int32), @p5='?' (DbType = Int32), @p6='?' (DbType = Guid), @p7='?' (Precision = 18) (Scale = 2) (DbType = Decimal), @p8='?' (DbType = DateTime2)], CommandType='"Text"', CommandTimeout='30']
SET IMPLICIT_TRANSACTIONS OFF;
SET NOCOUNT ON;
INSERT INTO [Orders] ([BillingAddressId], [CreatedAt], [CustomerId], [SellerId], [ShippingAddressId], [Status], [SysmondOrderId], [TotalAmount], [UpdatedAt])
OUTPUT INSERTED.[Id]
VALUES (@p0, @p1, @p2, @p3, @p4, @p5, @p6, @p7, @p8);
2026-08-14 11:28:39.203 +03:00 [INF] Executed action ECommerceManagement.Api.Controllers.CustomerOrderController.CreateOrder (ECommerceManagement.Api) in 279.4275ms
2026-08-14 11:28:39.203 +03:00 [INF] Executed endpoint 'ECommerceManagement.Api.Controllers.CustomerOrderController.CreateOrder (ECommerceManagement.Api)'
2026-08-14 11:28:39.204 +03:00 [ERR] HTTP POST /api/CustomerOrder responded 500 in 280.1947 ms
System.Text.Json.JsonReaderException: '<' is an invalid start of a value. LineNumber: 2 | BytePositionInLine: 0.
   at System.Text.Json.ThrowHelper.ThrowJsonReaderException(Utf8JsonReader& json, ExceptionResource resource, Byte nextByte, ReadOnlySpan`1 bytes)
   at System.Text.Json.Utf8JsonReader.ConsumeValue(Byte marker)
   at System.Text.Json.Utf8JsonReader.ReadFirstToken(Byte first)
   at System.Text.Json.Utf8JsonReader.ReadSingleSegment()
   at System.Text.Json.Utf8JsonReader.Read()
   at System.Text.Json.JsonDocument.Parse(ReadOnlySpan`1 utf8JsonSpan, JsonReaderOptions readerOptions, MetadataDb& database, StackRowStack& stack)
   at System.Text.Json.JsonDocument.ParseUnrented(ReadOnlyMemory`1 utf8Json, JsonReaderOptions readerOptions, JsonTokenType tokenType, Boolean allowDuplicateProperties)
   at System.Text.Json.JsonDocument.ParseValue(ReadOnlySpan`1 json, JsonDocumentOptions options)
   at System.Text.Json.Nodes.JsonNode.Parse(String json, Nullable`1 nodeOptions, JsonDocumentOptions documentOptions)
   at SysmondAx.Integration.Services.Order.SysmondOrderService.CreateDraftOrderAsync(SysmondOrderDraftCreateDto dto) in /Users/yigit/RiderProjects/ECommerceManagement/integrations/SysmondAx.Integration/Services/Order/SysmondOrderService.cs:line 26
   at ECommerceManagement.Application.Services.CustomerOrderService.CreateOrderAsync(CreateOrderDto dto) in /Users/yigit/RiderProjects/ECommerceManagement/src/ECommerceManagement.Application/Services/CustomerOrderService.cs:line 130
   at ECommerceManagement.Api.Controllers.CustomerOrderController.CreateOrder(CreateOrderDto dto) in /Users/yigit/RiderProjects/ECommerceManagement/src/ECommerceManagement.Api/Controllers/CustomerOrderController.cs:line 31
   at Microsoft.AspNetCore.Mvc.Infrastructure.ActionMethodExecutor.TaskOfIActionResultExecutor.Execute(ActionContext actionContext, IActionResultTypeMapper mapper, ObjectMethodExecutor executor, Object controller, Object[] arguments)
   at Microsoft.AspNetCore.Mvc.Infrastructure.ControllerActionInvoker.<InvokeActionMethodAsync>g__Awaited|12_0(ControllerActionInvoker invoker, ValueTask`1 actionResultValueTask)
   at Microsoft.AspNetCore.Mvc.Infrastructure.ControllerActionInvoker.<InvokeNextActionFilterAsync>g__Awaited|10_0(ControllerActionInvoker invoker, Task lastTask, State next, Scope scope, Object state, Boolean isCompleted)
   at Microsoft.AspNetCore.Mvc.Infrastructure.ControllerActionInvoker.Rethrow(ActionExecutedContextSealed context)
   at Microsoft.AspNetCore.Mvc.Infrastructure.ControllerActionInvoker.Next(State& next, Scope& scope, Object& state, Boolean& isCompleted)
   at Microsoft.AspNetCore.Mvc.Infrastructure.ControllerActionInvoker.<InvokeInnerFilterAsync>g__Awaited|13_0(ControllerActionInvoker invoker, Task lastTask, State next, Scope scope, Object state, Boolean isCompleted)
   at Microsoft.AspNetCore.Mvc.Infrastructure.ResourceInvoker.<InvokeFilterPipelineAsync>g__Awaited|20_0(ResourceInvoker invoker, Task lastTask, State next, Scope scope, Object state, Boolean isCompleted)
   at Microsoft.AspNetCore.Mvc.Infrastructure.ResourceInvoker.<InvokeAsync>g__Logged|17_1(ResourceInvoker invoker)
   at Microsoft.AspNetCore.Mvc.Infrastructure.ResourceInvoker.<InvokeAsync>g__Logged|17_1(ResourceInvoker invoker)
   at Microsoft.AspNetCore.Routing.EndpointMiddleware.<Invoke>g__AwaitRequestTask|7_0(Endpoint endpoint, Task requestTask, ILogger logger)
   at Microsoft.AspNetCore.Authorization.AuthorizationMiddleware.Invoke(HttpContext context)
   at Microsoft.AspNetCore.Authentication.AuthenticationMiddleware.Invoke(HttpContext context)
   at Swashbuckle.AspNetCore.SwaggerUI.SwaggerUIMiddleware.Invoke(HttpContext httpContext)
   at Swashbuckle.AspNetCore.Swagger.SwaggerMiddleware.Invoke(HttpContext httpContext, ISwaggerProvider swaggerProvider)
   at Serilog.AspNetCore.RequestLoggingMiddleware.Invoke(HttpContext httpContext)
2026-08-14 11:28:39.206 +03:00 [ERR] An unhandled exception has occurred while executing the request.
System.Text.Json.JsonReaderException: '<' is an invalid start of a value. LineNumber: 2 | BytePositionInLine: 0.
   at System.Text.Json.ThrowHelper.ThrowJsonReaderException(Utf8JsonReader& json, ExceptionResource resource, Byte nextByte, ReadOnlySpan`1 bytes)
   at System.Text.Json.Utf8JsonReader.ConsumeValue(Byte marker)
   at System.Text.Json.Utf8JsonReader.ReadFirstToken(Byte first)
   at System.Text.Json.Utf8JsonReader.ReadSingleSegment()
   at System.Text.Json.Utf8JsonReader.Read()
   at System.Text.Json.JsonDocument.Parse(ReadOnlySpan`1 utf8JsonSpan, JsonReaderOptions readerOptions, MetadataDb& database, StackRowStack& stack)
   at System.Text.Json.JsonDocument.ParseUnrented(ReadOnlyMemory`1 utf8Json, JsonReaderOptions readerOptions, JsonTokenType tokenType, Boolean allowDuplicateProperties)
   at System.Text.Json.JsonDocument.ParseValue(ReadOnlySpan`1 json, JsonDocumentOptions options)
   at System.Text.Json.Nodes.JsonNode.Parse(String json, Nullable`1 nodeOptions, JsonDocumentOptions documentOptions)
   at SysmondAx.Integration.Services.Order.SysmondOrderService.CreateDraftOrderAsync(SysmondOrderDraftCreateDto dto) in /Users/yigit/RiderProjects/ECommerceManagement/integrations/SysmondAx.Integration/Services/Order/SysmondOrderService.cs:line 26
   at ECommerceManagement.Application.Services.CustomerOrderService.CreateOrderAsync(CreateOrderDto dto) in /Users/yigit/RiderProjects/ECommerceManagement/src/ECommerceManagement.Application/Services/CustomerOrderService.cs:line 130
   at ECommerceManagement.Api.Controllers.CustomerOrderController.CreateOrder(CreateOrderDto dto) in /Users/yigit/RiderProjects/ECommerceManagement/src/ECommerceManagement.Api/Controllers/CustomerOrderController.cs:line 31
   at Microsoft.AspNetCore.Mvc.Infrastructure.ActionMethodExecutor.TaskOfIActionResultExecutor.Execute(ActionContext actionContext, IActionResultTypeMapper mapper, ObjectMethodExecutor executor, Object controller, Object[] arguments)
   at Microsoft.AspNetCore.Mvc.Infrastructure.ControllerActionInvoker.<InvokeActionMethodAsync>g__Awaited|12_0(ControllerActionInvoker invoker, ValueTask`1 actionResultValueTask)
   at Microsoft.AspNetCore.Mvc.Infrastructure.ControllerActionInvoker.<InvokeNextActionFilterAsync>g__Awaited|10_0(ControllerActionInvoker invoker, Task lastTask, State next, Scope scope, Object state, Boolean isCompleted)
   at Microsoft.AspNetCore.Mvc.Infrastructure.ControllerActionInvoker.Rethrow(ActionExecutedContextSealed context)
   at Microsoft.AspNetCore.Mvc.Infrastructure.ControllerActionInvoker.Next(State& next, Scope& scope, Object& state, Boolean& isCompleted)
   at Microsoft.AspNetCore.Mvc.Infrastructure.ControllerActionInvoker.<InvokeInnerFilterAsync>g__Awaited|13_0(ControllerActionInvoker invoker, Task lastTask, State next, Scope scope, Object state, Boolean isCompleted)
   at Microsoft.AspNetCore.Mvc.Infrastructure.ResourceInvoker.<InvokeFilterPipelineAsync>g__Awaited|20_0(ResourceInvoker invoker, Task lastTask, State next, Scope scope, Object state, Boolean isCompleted)
   at Microsoft.AspNetCore.Mvc.Infrastructure.ResourceInvoker.<InvokeAsync>g__Logged|17_1(ResourceInvoker invoker)
   at Microsoft.AspNetCore.Mvc.Infrastructure.ResourceInvoker.<InvokeAsync>g__Logged|17_1(ResourceInvoker invoker)
   at Microsoft.AspNetCore.Routing.EndpointMiddleware.<Invoke>g__AwaitRequestTask|7_0(Endpoint endpoint, Task requestTask, ILogger logger)
   at Microsoft.AspNetCore.Authorization.AuthorizationMiddleware.Invoke(HttpContext context)
   at Microsoft.AspNetCore.Authentication.AuthenticationMiddleware.Invoke(HttpContext context)
   at Swashbuckle.AspNetCore.SwaggerUI.SwaggerUIMiddleware.Invoke(HttpContext httpContext)
   at Swashbuckle.AspNetCore.Swagger.SwaggerMiddleware.Invoke(HttpContext httpContext, ISwaggerProvider swaggerProvider)
   at Serilog.AspNetCore.RequestLoggingMiddleware.Invoke(HttpContext httpContext)
   at Microsoft.AspNetCore.Diagnostics.DeveloperExceptionPageMiddlewareImpl.Invoke(HttpContext context)
2026-08-14 11:28:39.208 +03:00 [INF] Request finished HTTP/1.1 POST http://localhost:5275/api/CustomerOrder - 500 null text/plain; charset=utf-8 284.8182ms
2026-08-14 11:30:16.944 +03:00 [INF] Application is shutting down...
2026-08-14 11:30:20.424 +03:00 [INF] Executed DbCommand (12ms) [Parameters=[], CommandType='"Text"', CommandTimeout='30']
SELECT CASE
    WHEN EXISTS (
        SELECT 1
        FROM [Users] AS [u]
        WHERE [u].[Email] = N'superadmin@sistem.com') THEN CAST(1 AS bit)
    ELSE CAST(0 AS bit)
END
2026-08-14 11:30:20.444 +03:00 [INF] Executed DbCommand (2ms) [Parameters=[], CommandType='"Text"', CommandTimeout='30']
SELECT CASE
    WHEN EXISTS (
        SELECT 1
        FROM [Users] AS [u]
        WHERE [u].[Email] = N'admin@sistem.com') THEN CAST(1 AS bit)
    ELSE CAST(0 AS bit)
END
2026-08-14 11:30:20.447 +03:00 [INF] User profile is available. Using '/Users/yigit/.aspnet/DataProtection-Keys' as key repository; keys will not be encrypted at rest.
2026-08-14 11:30:20.465 +03:00 [INF] Now listening on: http://localhost:5275
2026-08-14 11:30:20.466 +03:00 [INF] Application started. Press Ctrl+C to shut down.
2026-08-14 11:30:20.466 +03:00 [INF] Hosting environment: Development
2026-08-14 11:30:20.466 +03:00 [INF] Content root path: /Users/yigit/RiderProjects/ECommerceManagement/src/ECommerceManagement.Api
2026-08-14 11:30:25.615 +03:00 [INF] Request starting HTTP/1.1 POST http://localhost:5275/api/CustomerOrder - application/json 145
2026-08-14 11:30:25.633 +03:00 [WRN] Failed to determine the https port for redirect.
2026-08-14 11:30:25.662 +03:00 [INF] Executing endpoint 'ECommerceManagement.Api.Controllers.CustomerOrderController.CreateOrder (ECommerceManagement.Api)'
2026-08-14 11:30:25.668 +03:00 [INF] Route matched with {action = "CreateOrder", controller = "CustomerOrder"}. Executing controller action with signature System.Threading.Tasks.Task`1[Microsoft.AspNetCore.Mvc.IActionResult] CreateOrder(ECommerceManagement.Application.DTOs.Orders.CreateOrderDto) on controller ECommerceManagement.Api.Controllers.CustomerOrderController (ECommerceManagement.Api).
2026-08-14 11:30:25.721 +03:00 [INF] Executed DbCommand (10ms) [Parameters=[@p='?' (DbType = Int32)], CommandType='"Text"', CommandTimeout='30']
SELECT TOP(1) [a].[Id], [a].[City], [a].[CreatedAt], [a].[CustomerId], [a].[District], [a].[FullAddress], [a].[IsBilling], [a].[IsShipping], [a].[Title]
FROM [Addresses] AS [a]
WHERE [a].[Id] = @p
2026-08-14 11:30:25.747 +03:00 [INF] Executed DbCommand (3ms) [Parameters=[@productIds1='?' (DbType = Int32)], CommandType='"Text"', CommandTimeout='30']
SELECT [p].[Id], [p].[CategoryId], [p].[CreatedAt], [p].[IsActive], [p].[Name], [p].[Price], [p].[Quantity], [p].[SellerId], [p].[Sku], [p].[SysmondStockId], [p].[UpdatedAt], [p].[WarehouseId]
FROM [Products] AS [p]
WHERE [p].[Id] = @productIds1
2026-08-14 11:30:25.811 +03:00 [INF] Executed DbCommand (14ms) [Parameters=[@p0='?' (DbType = Int32), @p1='?' (DbType = DateTime2), @p2='?' (DbType = Int32), @p3='?' (DbType = Int32), @p4='?' (DbType = Int32), @p5='?' (DbType = Int32), @p6='?' (DbType = Guid), @p7='?' (Precision = 18) (Scale = 2) (DbType = Decimal), @p8='?' (DbType = DateTime2)], CommandType='"Text"', CommandTimeout='30']
SET IMPLICIT_TRANSACTIONS OFF;
SET NOCOUNT ON;
INSERT INTO [Orders] ([BillingAddressId], [CreatedAt], [CustomerId], [SellerId], [ShippingAddressId], [Status], [SysmondOrderId], [TotalAmount], [UpdatedAt])
OUTPUT INSERTED.[Id]
VALUES (@p0, @p1, @p2, @p3, @p4, @p5, @p6, @p7, @p8);
2026-08-14 11:30:26.244 +03:00 [INF] Executed action ECommerceManagement.Api.Controllers.CustomerOrderController.CreateOrder (ECommerceManagement.Api) in 571.9276ms
2026-08-14 11:30:26.245 +03:00 [INF] Executed endpoint 'ECommerceManagement.Api.Controllers.CustomerOrderController.CreateOrder (ECommerceManagement.Api)'
2026-08-14 11:30:26.247 +03:00 [ERR] HTTP POST /api/CustomerOrder responded 500 in 620.2767 ms
System.Text.Json.JsonReaderException: '<' is an invalid start of a value. LineNumber: 2 | BytePositionInLine: 0.
   at System.Text.Json.ThrowHelper.ThrowJsonReaderException(Utf8JsonReader& json, ExceptionResource resource, Byte nextByte, ReadOnlySpan`1 bytes)
   at System.Text.Json.Utf8JsonReader.ConsumeValue(Byte marker)
   at System.Text.Json.Utf8JsonReader.ReadFirstToken(Byte first)
   at System.Text.Json.Utf8JsonReader.ReadSingleSegment()
   at System.Text.Json.Utf8JsonReader.Read()
   at System.Text.Json.JsonDocument.Parse(ReadOnlySpan`1 utf8JsonSpan, JsonReaderOptions readerOptions, MetadataDb& database, StackRowStack& stack)
   at System.Text.Json.JsonDocument.ParseUnrented(ReadOnlyMemory`1 utf8Json, JsonReaderOptions readerOptions, JsonTokenType tokenType, Boolean allowDuplicateProperties)
   at System.Text.Json.JsonDocument.ParseValue(ReadOnlySpan`1 json, JsonDocumentOptions options)
   at System.Text.Json.Nodes.JsonNode.Parse(String json, Nullable`1 nodeOptions, JsonDocumentOptions documentOptions)
   at SysmondAx.Integration.Services.Order.SysmondOrderService.CreateDraftOrderAsync(SysmondOrderDraftCreateDto dto) in /Users/yigit/RiderProjects/ECommerceManagement/integrations/SysmondAx.Integration/Services/Order/SysmondOrderService.cs:line 26
   at ECommerceManagement.Application.Services.CustomerOrderService.CreateOrderAsync(CreateOrderDto dto) in /Users/yigit/RiderProjects/ECommerceManagement/src/ECommerceManagement.Application/Services/CustomerOrderService.cs:line 130
   at ECommerceManagement.Api.Controllers.CustomerOrderController.CreateOrder(CreateOrderDto dto) in /Users/yigit/RiderProjects/ECommerceManagement/src/ECommerceManagement.Api/Controllers/CustomerOrderController.cs:line 31
   at Microsoft.AspNetCore.Mvc.Infrastructure.ActionMethodExecutor.TaskOfIActionResultExecutor.Execute(ActionContext actionContext, IActionResultTypeMapper mapper, ObjectMethodExecutor executor, Object controller, Object[] arguments)
   at Microsoft.AspNetCore.Mvc.Infrastructure.ControllerActionInvoker.<InvokeActionMethodAsync>g__Awaited|12_0(ControllerActionInvoker invoker, ValueTask`1 actionResultValueTask)
   at Microsoft.AspNetCore.Mvc.Infrastructure.ControllerActionInvoker.<InvokeNextActionFilterAsync>g__Awaited|10_0(ControllerActionInvoker invoker, Task lastTask, State next, Scope scope, Object state, Boolean isCompleted)
   at Microsoft.AspNetCore.Mvc.Infrastructure.ControllerActionInvoker.Rethrow(ActionExecutedContextSealed context)
   at Microsoft.AspNetCore.Mvc.Infrastructure.ControllerActionInvoker.Next(State& next, Scope& scope, Object& state, Boolean& isCompleted)
   at Microsoft.AspNetCore.Mvc.Infrastructure.ControllerActionInvoker.<InvokeInnerFilterAsync>g__Awaited|13_0(ControllerActionInvoker invoker, Task lastTask, State next, Scope scope, Object state, Boolean isCompleted)
   at Microsoft.AspNetCore.Mvc.Infrastructure.ResourceInvoker.<InvokeFilterPipelineAsync>g__Awaited|20_0(ResourceInvoker invoker, Task lastTask, State next, Scope scope, Object state, Boolean isCompleted)
   at Microsoft.AspNetCore.Mvc.Infrastructure.ResourceInvoker.<InvokeAsync>g__Logged|17_1(ResourceInvoker invoker)
   at Microsoft.AspNetCore.Mvc.Infrastructure.ResourceInvoker.<InvokeAsync>g__Logged|17_1(ResourceInvoker invoker)
   at Microsoft.AspNetCore.Routing.EndpointMiddleware.<Invoke>g__AwaitRequestTask|7_0(Endpoint endpoint, Task requestTask, ILogger logger)
   at Microsoft.AspNetCore.Authorization.AuthorizationMiddleware.Invoke(HttpContext context)
   at Microsoft.AspNetCore.Authentication.AuthenticationMiddleware.Invoke(HttpContext context)
   at Swashbuckle.AspNetCore.SwaggerUI.SwaggerUIMiddleware.Invoke(HttpContext httpContext)
   at Swashbuckle.AspNetCore.Swagger.SwaggerMiddleware.Invoke(HttpContext httpContext, ISwaggerProvider swaggerProvider)
   at Serilog.AspNetCore.RequestLoggingMiddleware.Invoke(HttpContext httpContext)
2026-08-14 11:30:26.258 +03:00 [ERR] An unhandled exception has occurred while executing the request.
System.Text.Json.JsonReaderException: '<' is an invalid start of a value. LineNumber: 2 | BytePositionInLine: 0.
   at System.Text.Json.ThrowHelper.ThrowJsonReaderException(Utf8JsonReader& json, ExceptionResource resource, Byte nextByte, ReadOnlySpan`1 bytes)
   at System.Text.Json.Utf8JsonReader.ConsumeValue(Byte marker)
   at System.Text.Json.Utf8JsonReader.ReadFirstToken(Byte first)
   at System.Text.Json.Utf8JsonReader.ReadSingleSegment()
   at System.Text.Json.Utf8JsonReader.Read()
   at System.Text.Json.JsonDocument.Parse(ReadOnlySpan`1 utf8JsonSpan, JsonReaderOptions readerOptions, MetadataDb& database, StackRowStack& stack)
   at System.Text.Json.JsonDocument.ParseUnrented(ReadOnlyMemory`1 utf8Json, JsonReaderOptions readerOptions, JsonTokenType tokenType, Boolean allowDuplicateProperties)
   at System.Text.Json.JsonDocument.ParseValue(ReadOnlySpan`1 json, JsonDocumentOptions options)
   at System.Text.Json.Nodes.JsonNode.Parse(String json, Nullable`1 nodeOptions, JsonDocumentOptions documentOptions)
   at SysmondAx.Integration.Services.Order.SysmondOrderService.CreateDraftOrderAsync(SysmondOrderDraftCreateDto dto) in /Users/yigit/RiderProjects/ECommerceManagement/integrations/SysmondAx.Integration/Services/Order/SysmondOrderService.cs:line 26
   at ECommerceManagement.Application.Services.CustomerOrderService.CreateOrderAsync(CreateOrderDto dto) in /Users/yigit/RiderProjects/ECommerceManagement/src/ECommerceManagement.Application/Services/CustomerOrderService.cs:line 130
   at ECommerceManagement.Api.Controllers.CustomerOrderController.CreateOrder(CreateOrderDto dto) in /Users/yigit/RiderProjects/ECommerceManagement/src/ECommerceManagement.Api/Controllers/CustomerOrderController.cs:line 31
   at Microsoft.AspNetCore.Mvc.Infrastructure.ActionMethodExecutor.TaskOfIActionResultExecutor.Execute(ActionContext actionContext, IActionResultTypeMapper mapper, ObjectMethodExecutor executor, Object controller, Object[] arguments)
   at Microsoft.AspNetCore.Mvc.Infrastructure.ControllerActionInvoker.<InvokeActionMethodAsync>g__Awaited|12_0(ControllerActionInvoker invoker, ValueTask`1 actionResultValueTask)
   at Microsoft.AspNetCore.Mvc.Infrastructure.ControllerActionInvoker.<InvokeNextActionFilterAsync>g__Awaited|10_0(ControllerActionInvoker invoker, Task lastTask, State next, Scope scope, Object state, Boolean isCompleted)
   at Microsoft.AspNetCore.Mvc.Infrastructure.ControllerActionInvoker.Rethrow(ActionExecutedContextSealed context)
   at Microsoft.AspNetCore.Mvc.Infrastructure.ControllerActionInvoker.Next(State& next, Scope& scope, Object& state, Boolean& isCompleted)
   at Microsoft.AspNetCore.Mvc.Infrastructure.ControllerActionInvoker.<InvokeInnerFilterAsync>g__Awaited|13_0(ControllerActionInvoker invoker, Task lastTask, State next, Scope scope, Object state, Boolean isCompleted)
   at Microsoft.AspNetCore.Mvc.Infrastructure.ResourceInvoker.<InvokeFilterPipelineAsync>g__Awaited|20_0(ResourceInvoker invoker, Task lastTask, State next, Scope scope, Object state, Boolean isCompleted)
   at Microsoft.AspNetCore.Mvc.Infrastructure.ResourceInvoker.<InvokeAsync>g__Logged|17_1(ResourceInvoker invoker)
   at Microsoft.AspNetCore.Mvc.Infrastructure.ResourceInvoker.<InvokeAsync>g__Logged|17_1(ResourceInvoker invoker)
   at Microsoft.AspNetCore.Routing.EndpointMiddleware.<Invoke>g__AwaitRequestTask|7_0(Endpoint endpoint, Task requestTask, ILogger logger)
   at Microsoft.AspNetCore.Authorization.AuthorizationMiddleware.Invoke(HttpContext context)
   at Microsoft.AspNetCore.Authentication.AuthenticationMiddleware.Invoke(HttpContext context)
   at Swashbuckle.AspNetCore.SwaggerUI.SwaggerUIMiddleware.Invoke(HttpContext httpContext)
   at Swashbuckle.AspNetCore.Swagger.SwaggerMiddleware.Invoke(HttpContext httpContext, ISwaggerProvider swaggerProvider)
   at Serilog.AspNetCore.RequestLoggingMiddleware.Invoke(HttpContext httpContext)
   at Microsoft.AspNetCore.Diagnostics.DeveloperExceptionPageMiddlewareImpl.Invoke(HttpContext context)
2026-08-14 11:30:26.267 +03:00 [INF] Request finished HTTP/1.1 POST http://localhost:5275/api/CustomerOrder - 500 null text/plain; charset=utf-8 652.3702ms
2026-08-14 11:31:33.456 +03:00 [INF] Application is shutting down...
2026-08-14 11:31:36.307 +03:00 [INF] Executed DbCommand (12ms) [Parameters=[], CommandType='"Text"', CommandTimeout='30']
SELECT CASE
    WHEN EXISTS (
        SELECT 1
        FROM [Users] AS [u]
        WHERE [u].[Email] = N'superadmin@sistem.com') THEN CAST(1 AS bit)
    ELSE CAST(0 AS bit)
END
2026-08-14 11:31:36.328 +03:00 [INF] Executed DbCommand (3ms) [Parameters=[], CommandType='"Text"', CommandTimeout='30']
SELECT CASE
    WHEN EXISTS (
        SELECT 1
        FROM [Users] AS [u]
        WHERE [u].[Email] = N'admin@sistem.com') THEN CAST(1 AS bit)
    ELSE CAST(0 AS bit)
END
2026-08-14 11:31:36.332 +03:00 [INF] User profile is available. Using '/Users/yigit/.aspnet/DataProtection-Keys' as key repository; keys will not be encrypted at rest.
2026-08-14 11:31:36.350 +03:00 [INF] Now listening on: http://localhost:5275
2026-08-14 11:31:36.351 +03:00 [INF] Application started. Press Ctrl+C to shut down.
2026-08-14 11:31:36.351 +03:00 [INF] Hosting environment: Development
2026-08-14 11:31:36.351 +03:00 [INF] Content root path: /Users/yigit/RiderProjects/ECommerceManagement/src/ECommerceManagement.Api
2026-08-14 11:31:41.677 +03:00 [INF] Request starting HTTP/1.1 POST http://localhost:5275/api/CustomerOrder - application/json 145
2026-08-14 11:31:41.701 +03:00 [WRN] Failed to determine the https port for redirect.
2026-08-14 11:31:41.731 +03:00 [INF] Executing endpoint 'ECommerceManagement.Api.Controllers.CustomerOrderController.CreateOrder (ECommerceManagement.Api)'
2026-08-14 11:31:41.738 +03:00 [INF] Route matched with {action = "CreateOrder", controller = "CustomerOrder"}. Executing controller action with signature System.Threading.Tasks.Task`1[Microsoft.AspNetCore.Mvc.IActionResult] CreateOrder(ECommerceManagement.Application.DTOs.Orders.CreateOrderDto) on controller ECommerceManagement.Api.Controllers.CustomerOrderController (ECommerceManagement.Api).
2026-08-14 11:31:41.790 +03:00 [INF] Executed DbCommand (9ms) [Parameters=[@p='?' (DbType = Int32)], CommandType='"Text"', CommandTimeout='30']
SELECT TOP(1) [a].[Id], [a].[City], [a].[CreatedAt], [a].[CustomerId], [a].[District], [a].[FullAddress], [a].[IsBilling], [a].[IsShipping], [a].[Title]
FROM [Addresses] AS [a]
WHERE [a].[Id] = @p
2026-08-14 11:31:41.816 +03:00 [INF] Executed DbCommand (2ms) [Parameters=[@productIds1='?' (DbType = Int32)], CommandType='"Text"', CommandTimeout='30']
SELECT [p].[Id], [p].[CategoryId], [p].[CreatedAt], [p].[IsActive], [p].[Name], [p].[Price], [p].[Quantity], [p].[SellerId], [p].[Sku], [p].[SysmondStockId], [p].[UpdatedAt], [p].[WarehouseId]
FROM [Products] AS [p]
WHERE [p].[Id] = @productIds1
2026-08-14 11:31:41.880 +03:00 [INF] Executed DbCommand (12ms) [Parameters=[@p0='?' (DbType = Int32), @p1='?' (DbType = DateTime2), @p2='?' (DbType = Int32), @p3='?' (DbType = Int32), @p4='?' (DbType = Int32), @p5='?' (DbType = Int32), @p6='?' (DbType = Guid), @p7='?' (Precision = 18) (Scale = 2) (DbType = Decimal), @p8='?' (DbType = DateTime2)], CommandType='"Text"', CommandTimeout='30']
SET IMPLICIT_TRANSACTIONS OFF;
SET NOCOUNT ON;
INSERT INTO [Orders] ([BillingAddressId], [CreatedAt], [CustomerId], [SellerId], [ShippingAddressId], [Status], [SysmondOrderId], [TotalAmount], [UpdatedAt])
OUTPUT INSERTED.[Id]
VALUES (@p0, @p1, @p2, @p3, @p4, @p5, @p6, @p7, @p8);
2026-08-14 11:31:43.108 +03:00 [INF] Executed DbCommand (37ms) [Parameters=[@p0='?' (DbType = DateTime2), @p1='?' (Precision = 18) (Scale = 2) (DbType = Decimal), @p2='?' (DbType = Int32), @p3='?' (DbType = Int32), @p4='?' (DbType = Int32), @p5='?' (DbType = Guid), @p6='?' (Precision = 18) (Scale = 2) (DbType = Decimal), @p16='?' (DbType = Int32), @p7='?' (DbType = Int32), @p8='?' (DbType = DateTime2), @p9='?' (DbType = Int32), @p10='?' (DbType = Int32), @p11='?' (DbType = Int32), @p12='?' (DbType = Int32), @p13='?' (DbType = Guid), @p14='?' (Precision = 18) (Scale = 2) (DbType = Decimal), @p15='?' (DbType = DateTime2), @p17='?' (DbType = DateTime2), @p18='?' (DbType = Int32), @p19='?' (DbType = Int32), @p20='?' (DbType = Int32), @p21='?' (DbType = Int32), @p33='?' (DbType = Int32), @p22='?' (DbType = Int32), @p23='?' (DbType = DateTime2), @p24='?' (DbType = Boolean), @p25='?' (Size = 4000), @p26='?' (Precision = 18) (Scale = 2) (DbType = Decimal), @p27='?' (DbType = Int32), @p28='?' (DbType = Int32), @p29='?' (Size = 4000), @p30='?' (DbType = Guid), @p31='?' (DbType = DateTime2), @p32='?' (DbType = Int32)], CommandType='"Text"', CommandTimeout='30']
SET NOCOUNT ON;
INSERT INTO [OrderItems] ([CreatedAt], [LineTotal], [OrderId], [ProductId], [Quantity], [SysmondOrderItemId], [UnitPrice])
OUTPUT INSERTED.[Id]
VALUES (@p0, @p1, @p2, @p3, @p4, @p5, @p6);
UPDATE [Orders] SET [BillingAddressId] = @p7, [CreatedAt] = @p8, [CustomerId] = @p9, [SellerId] = @p10, [ShippingAddressId] = @p11, [Status] = @p12, [SysmondOrderId] = @p13, [TotalAmount] = @p14, [UpdatedAt] = @p15
OUTPUT 1
WHERE [Id] = @p16;
INSERT INTO [ProductMovements] ([CreatedAt], [MovementType], [ProductId], [Quantity], [ReferenceId])
OUTPUT INSERTED.[Id]
VALUES (@p17, @p18, @p19, @p20, @p21);
UPDATE [Products] SET [CategoryId] = @p22, [CreatedAt] = @p23, [IsActive] = @p24, [Name] = @p25, [Price] = @p26, [Quantity] = @p27, [SellerId] = @p28, [Sku] = @p29, [SysmondStockId] = @p30, [UpdatedAt] = @p31, [WarehouseId] = @p32
OUTPUT 1
WHERE [Id] = @p33;
2026-08-14 11:31:43.117 +03:00 [INF] Executing OkObjectResult, writing value of type '<>f__AnonymousType0`1[[System.String, System.Private.CoreLib, Version=10.0.0.0, Culture=neutral, PublicKeyToken=7cec85d7bea7798e]]'.
2026-08-14 11:31:43.120 +03:00 [INF] Executed action ECommerceManagement.Api.Controllers.CustomerOrderController.CreateOrder (ECommerceManagement.Api) in 1380.9028ms
2026-08-14 11:31:43.120 +03:00 [INF] Executed endpoint 'ECommerceManagement.Api.Controllers.CustomerOrderController.CreateOrder (ECommerceManagement.Api)'
2026-08-14 11:31:43.121 +03:00 [INF] HTTP POST /api/CustomerOrder responded 200 in 1427.4203 ms
2026-08-14 11:31:43.122 +03:00 [INF] Request finished HTTP/1.1 POST http://localhost:5275/api/CustomerOrder - 200 null application/json; charset=utf-8 1446.8839ms
2026-08-14 11:33:58.331 +03:00 [INF] Application is shutting down...
2026-08-14 11:34:00.761 +03:00 [INF] Executed DbCommand (13ms) [Parameters=[], CommandType='"Text"', CommandTimeout='30']
SELECT CASE
    WHEN EXISTS (
        SELECT 1
        FROM [Users] AS [u]
        WHERE [u].[Email] = N'superadmin@sistem.com') THEN CAST(1 AS bit)
    ELSE CAST(0 AS bit)
END
2026-08-14 11:34:00.781 +03:00 [INF] Executed DbCommand (2ms) [Parameters=[], CommandType='"Text"', CommandTimeout='30']
SELECT CASE
    WHEN EXISTS (
        SELECT 1
        FROM [Users] AS [u]
        WHERE [u].[Email] = N'admin@sistem.com') THEN CAST(1 AS bit)
    ELSE CAST(0 AS bit)
END
2026-08-14 11:34:00.785 +03:00 [INF] User profile is available. Using '/Users/yigit/.aspnet/DataProtection-Keys' as key repository; keys will not be encrypted at rest.
2026-08-14 11:34:00.799 +03:00 [INF] Now listening on: http://localhost:5275
2026-08-14 11:34:00.800 +03:00 [INF] Application started. Press Ctrl+C to shut down.
2026-08-14 11:34:00.800 +03:00 [INF] Hosting environment: Development
2026-08-14 11:34:00.800 +03:00 [INF] Content root path: /Users/yigit/RiderProjects/ECommerceManagement/src/ECommerceManagement.Api
2026-08-14 11:34:46.922 +03:00 [INF] Request starting HTTP/1.1 POST http://localhost:5275/api/CustomerOrder - application/json 145
2026-08-14 11:34:46.940 +03:00 [WRN] Failed to determine the https port for redirect.
2026-08-14 11:34:46.979 +03:00 [INF] Executing endpoint 'ECommerceManagement.Api.Controllers.CustomerOrderController.CreateOrder (ECommerceManagement.Api)'
2026-08-14 11:34:46.994 +03:00 [INF] Route matched with {action = "CreateOrder", controller = "CustomerOrder"}. Executing controller action with signature System.Threading.Tasks.Task`1[Microsoft.AspNetCore.Mvc.IActionResult] CreateOrder(ECommerceManagement.Application.DTOs.Orders.CreateOrderDto) on controller ECommerceManagement.Api.Controllers.CustomerOrderController (ECommerceManagement.Api).
2026-08-14 11:34:47.053 +03:00 [INF] Executed DbCommand (15ms) [Parameters=[@p='?' (DbType = Int32)], CommandType='"Text"', CommandTimeout='30']
SELECT TOP(1) [a].[Id], [a].[City], [a].[CreatedAt], [a].[CustomerId], [a].[District], [a].[FullAddress], [a].[IsBilling], [a].[IsShipping], [a].[Title]
FROM [Addresses] AS [a]
WHERE [a].[Id] = @p
2026-08-14 11:34:47.080 +03:00 [INF] Executed DbCommand (4ms) [Parameters=[@productIds1='?' (DbType = Int32)], CommandType='"Text"', CommandTimeout='30']
SELECT [p].[Id], [p].[CategoryId], [p].[CreatedAt], [p].[IsActive], [p].[Name], [p].[Price], [p].[Quantity], [p].[SellerId], [p].[Sku], [p].[SysmondStockId], [p].[UpdatedAt], [p].[WarehouseId]
FROM [Products] AS [p]
WHERE [p].[Id] = @productIds1
2026-08-14 11:34:47.142 +03:00 [INF] Executed DbCommand (13ms) [Parameters=[@p0='?' (DbType = Int32), @p1='?' (DbType = DateTime2), @p2='?' (DbType = Int32), @p3='?' (DbType = Int32), @p4='?' (DbType = Int32), @p5='?' (DbType = Int32), @p6='?' (DbType = Guid), @p7='?' (Precision = 18) (Scale = 2) (DbType = Decimal), @p8='?' (DbType = DateTime2)], CommandType='"Text"', CommandTimeout='30']
SET IMPLICIT_TRANSACTIONS OFF;
SET NOCOUNT ON;
INSERT INTO [Orders] ([BillingAddressId], [CreatedAt], [CustomerId], [SellerId], [ShippingAddressId], [Status], [SysmondOrderId], [TotalAmount], [UpdatedAt])
OUTPUT INSERTED.[Id]
VALUES (@p0, @p1, @p2, @p3, @p4, @p5, @p6, @p7, @p8);
2026-08-14 11:34:48.159 +03:00 [INF] Executed DbCommand (9ms) [Parameters=[@p0='?' (DbType = DateTime2), @p1='?' (Precision = 18) (Scale = 2) (DbType = Decimal), @p2='?' (DbType = Int32), @p3='?' (DbType = Int32), @p4='?' (DbType = Int32), @p5='?' (DbType = Guid), @p6='?' (Precision = 18) (Scale = 2) (DbType = Decimal), @p16='?' (DbType = Int32), @p7='?' (DbType = Int32), @p8='?' (DbType = DateTime2), @p9='?' (DbType = Int32), @p10='?' (DbType = Int32), @p11='?' (DbType = Int32), @p12='?' (DbType = Int32), @p13='?' (DbType = Guid), @p14='?' (Precision = 18) (Scale = 2) (DbType = Decimal), @p15='?' (DbType = DateTime2), @p17='?' (DbType = DateTime2), @p18='?' (DbType = Int32), @p19='?' (DbType = Int32), @p20='?' (DbType = Int32), @p21='?' (DbType = Int32), @p33='?' (DbType = Int32), @p22='?' (DbType = Int32), @p23='?' (DbType = DateTime2), @p24='?' (DbType = Boolean), @p25='?' (Size = 4000), @p26='?' (Precision = 18) (Scale = 2) (DbType = Decimal), @p27='?' (DbType = Int32), @p28='?' (DbType = Int32), @p29='?' (Size = 4000), @p30='?' (DbType = Guid), @p31='?' (DbType = DateTime2), @p32='?' (DbType = Int32)], CommandType='"Text"', CommandTimeout='30']
SET NOCOUNT ON;
INSERT INTO [OrderItems] ([CreatedAt], [LineTotal], [OrderId], [ProductId], [Quantity], [SysmondOrderItemId], [UnitPrice])
OUTPUT INSERTED.[Id]
VALUES (@p0, @p1, @p2, @p3, @p4, @p5, @p6);
UPDATE [Orders] SET [BillingAddressId] = @p7, [CreatedAt] = @p8, [CustomerId] = @p9, [SellerId] = @p10, [ShippingAddressId] = @p11, [Status] = @p12, [SysmondOrderId] = @p13, [TotalAmount] = @p14, [UpdatedAt] = @p15
OUTPUT 1
WHERE [Id] = @p16;
INSERT INTO [ProductMovements] ([CreatedAt], [MovementType], [ProductId], [Quantity], [ReferenceId])
OUTPUT INSERTED.[Id]
VALUES (@p17, @p18, @p19, @p20, @p21);
UPDATE [Products] SET [CategoryId] = @p22, [CreatedAt] = @p23, [IsActive] = @p24, [Name] = @p25, [Price] = @p26, [Quantity] = @p27, [SellerId] = @p28, [Sku] = @p29, [SysmondStockId] = @p30, [UpdatedAt] = @p31, [WarehouseId] = @p32
OUTPUT 1
WHERE [Id] = @p33;
2026-08-14 11:34:48.176 +03:00 [INF] Executing OkObjectResult, writing value of type '<>f__AnonymousType0`1[[System.String, System.Private.CoreLib, Version=10.0.0.0, Culture=neutral, PublicKeyToken=7cec85d7bea7798e]]'.
2026-08-14 11:34:48.182 +03:00 [INF] Executed action ECommerceManagement.Api.Controllers.CustomerOrderController.CreateOrder (ECommerceManagement.Api) in 1185.511ms
2026-08-14 11:34:48.182 +03:00 [INF] Executed endpoint 'ECommerceManagement.Api.Controllers.CustomerOrderController.CreateOrder (ECommerceManagement.Api)'
2026-08-14 11:34:48.184 +03:00 [INF] HTTP POST /api/CustomerOrder responded 200 in 1249.3063 ms
2026-08-14 11:34:48.186 +03:00 [INF] Request finished HTTP/1.1 POST http://localhost:5275/api/CustomerOrder - 200 null application/json; charset=utf-8 1265.569ms
2026-08-14 11:38:58.654 +03:00 [INF] Application is shutting down...
2026-08-14 11:39:01.534 +03:00 [INF] Executed DbCommand (13ms) [Parameters=[], CommandType='"Text"', CommandTimeout='30']
SELECT CASE
    WHEN EXISTS (
        SELECT 1
        FROM [Users] AS [u]
        WHERE [u].[Email] = N'superadmin@sistem.com') THEN CAST(1 AS bit)
    ELSE CAST(0 AS bit)
END
2026-08-14 11:39:01.555 +03:00 [INF] Executed DbCommand (2ms) [Parameters=[], CommandType='"Text"', CommandTimeout='30']
SELECT CASE
    WHEN EXISTS (
        SELECT 1
        FROM [Users] AS [u]
        WHERE [u].[Email] = N'admin@sistem.com') THEN CAST(1 AS bit)
    ELSE CAST(0 AS bit)
END
2026-08-14 11:39:01.559 +03:00 [INF] User profile is available. Using '/Users/yigit/.aspnet/DataProtection-Keys' as key repository; keys will not be encrypted at rest.
2026-08-14 11:39:01.578 +03:00 [INF] Now listening on: http://localhost:5275
2026-08-14 11:39:01.579 +03:00 [INF] Application started. Press Ctrl+C to shut down.
2026-08-14 11:39:01.579 +03:00 [INF] Hosting environment: Development
2026-08-14 11:39:01.579 +03:00 [INF] Content root path: /Users/yigit/RiderProjects/ECommerceManagement/src/ECommerceManagement.Api
2026-08-14 11:39:11.184 +03:00 [INF] Request starting HTTP/1.1 GET http://localhost:5275/api/CustomerOrder/orders?customerId=1 - null null
2026-08-14 11:39:11.204 +03:00 [WRN] Failed to determine the https port for redirect.
2026-08-14 11:39:11.232 +03:00 [INF] Executing endpoint 'ECommerceManagement.Api.Controllers.CustomerOrderController.GetMyOrders (ECommerceManagement.Api)'
2026-08-14 11:39:11.237 +03:00 [INF] Route matched with {action = "GetMyOrders", controller = "CustomerOrder"}. Executing controller action with signature System.Threading.Tasks.Task`1[Microsoft.AspNetCore.Mvc.IActionResult] GetMyOrders(Int32) on controller ECommerceManagement.Api.Controllers.CustomerOrderController (ECommerceManagement.Api).
2026-08-14 11:39:11.340 +03:00 [INF] Executed DbCommand (48ms) [Parameters=[@customerId='?' (DbType = Int32)], CommandType='"Text"', CommandTimeout='30']
SELECT [o].[Id], [o].[BillingAddressId], [o].[CreatedAt], [o].[CustomerId], [o].[SellerId], [o].[ShippingAddressId], [o].[Status], [o].[SysmondOrderId], [o].[TotalAmount], [o].[UpdatedAt], [c].[Id], [c].[CreatedAt], [c].[FirstName], [c].[LastName], [c].[Phone], [c].[UserId], [o0].[Id], [o0].[CreatedAt], [o0].[LineTotal], [o0].[OrderId], [o0].[ProductId], [o0].[Quantity], [o0].[SysmondOrderItemId], [o0].[UnitPrice]
FROM [Orders] AS [o]
INNER JOIN [Customers] AS [c] ON [o].[CustomerId] = [c].[Id]
LEFT JOIN [OrderItems] AS [o0] ON [o].[Id] = [o0].[OrderId]
WHERE [o].[CustomerId] = @customerId
ORDER BY [o].[Id], [c].[Id]
2026-08-14 11:39:11.384 +03:00 [INF] Executed DbCommand (4ms) [Parameters=[@productIds1='?' (DbType = Int32), @productIds2='?' (DbType = Int32)], CommandType='"Text"', CommandTimeout='30']
SELECT [p].[Id], [p].[CategoryId], [p].[CreatedAt], [p].[IsActive], [p].[Name], [p].[Price], [p].[Quantity], [p].[SellerId], [p].[Sku], [p].[SysmondStockId], [p].[UpdatedAt], [p].[WarehouseId]
FROM [Products] AS [p]
WHERE [p].[Id] IN (@productIds1, @productIds2)
2026-08-14 11:39:11.394 +03:00 [INF] Executing OkObjectResult, writing value of type 'System.Linq.Enumerable+ListSelectIterator`2[[ECommerceManagement.Domain.Entities.Order, ECommerceManagement.Domain, Version=1.0.0.0, Culture=neutral, PublicKeyToken=null],[ECommerceManagement.Application.DTOs.Orders.OrderDto, ECommerceManagement.Application, Version=1.0.0.0, Culture=neutral, PublicKeyToken=null]]'.
2026-08-14 11:39:11.406 +03:00 [INF] Executed action ECommerceManagement.Api.Controllers.CustomerOrderController.GetMyOrders (ECommerceManagement.Api) in 167.2985ms
2026-08-14 11:39:11.406 +03:00 [INF] Executed endpoint 'ECommerceManagement.Api.Controllers.CustomerOrderController.GetMyOrders (ECommerceManagement.Api)'
2026-08-14 11:39:11.407 +03:00 [INF] HTTP GET /api/CustomerOrder/orders responded 200 in 210.8242 ms
2026-08-14 11:39:11.408 +03:00 [INF] Request finished HTTP/1.1 GET http://localhost:5275/api/CustomerOrder/orders?customerId=1 - 200 null application/json; charset=utf-8 225.3757ms
2026-08-14 11:40:22.782 +03:00 [INF] Request starting HTTP/1.1 PUT http://localhost:5275/api/CustomerOrder/cancel - application/json 37
2026-08-14 11:40:22.790 +03:00 [INF] Executing endpoint 'ECommerceManagement.Api.Controllers.CustomerOrderController.CancelOrder (ECommerceManagement.Api)'
2026-08-14 11:40:22.799 +03:00 [INF] Route matched with {action = "CancelOrder", controller = "CustomerOrder"}. Executing controller action with signature System.Threading.Tasks.Task`1[Microsoft.AspNetCore.Mvc.IActionResult] CancelOrder(ECommerceManagement.Application.DTOs.Orders.CancelOrderDto) on controller ECommerceManagement.Api.Controllers.CustomerOrderController (ECommerceManagement.Api).
2026-08-14 11:40:22.870 +03:00 [INF] Executed DbCommand (10ms) [Parameters=[@id='?' (DbType = Int32)], CommandType='"Text"', CommandTimeout='30']
SELECT [o1].[Id], [o1].[BillingAddressId], [o1].[CreatedAt], [o1].[CustomerId], [o1].[SellerId], [o1].[ShippingAddressId], [o1].[Status], [o1].[SysmondOrderId], [o1].[TotalAmount], [o1].[UpdatedAt], [o0].[Id], [o0].[CreatedAt], [o0].[LineTotal], [o0].[OrderId], [o0].[ProductId], [o0].[Quantity], [o0].[SysmondOrderItemId], [o0].[UnitPrice]
FROM (
    SELECT TOP(1) [o].[Id], [o].[BillingAddressId], [o].[CreatedAt], [o].[CustomerId], [o].[SellerId], [o].[ShippingAddressId], [o].[Status], [o].[SysmondOrderId], [o].[TotalAmount], [o].[UpdatedAt]
    FROM [Orders] AS [o]
    WHERE [o].[Id] = @id
) AS [o1]
LEFT JOIN [OrderItems] AS [o0] ON [o1].[Id] = [o0].[OrderId]
ORDER BY [o1].[Id]
2026-08-14 11:40:23.248 +03:00 [INF] Executed DbCommand (3ms) [Parameters=[@p='?' (DbType = Int32)], CommandType='"Text"', CommandTimeout='30']
SELECT TOP(1) [p].[Id], [p].[CategoryId], [p].[CreatedAt], [p].[IsActive], [p].[Name], [p].[Price], [p].[Quantity], [p].[SellerId], [p].[Sku], [p].[SysmondStockId], [p].[UpdatedAt], [p].[WarehouseId]
FROM [Products] AS [p]
WHERE [p].[Id] = @p
2026-08-14 11:40:23.346 +03:00 [INF] Executed DbCommand (24ms) [Parameters=[@p9='?' (DbType = Int32), @p0='?' (DbType = Int32), @p1='?' (DbType = DateTime2), @p2='?' (DbType = Int32), @p3='?' (DbType = Int32), @p4='?' (DbType = Int32), @p5='?' (DbType = Int32), @p6='?' (DbType = Guid), @p7='?' (Precision = 18) (Scale = 2) (DbType = Decimal), @p8='?' (DbType = DateTime2), @p10='?' (DbType = DateTime2), @p11='?' (DbType = Int32), @p12='?' (DbType = Int32), @p13='?' (DbType = Int32), @p14='?' (DbType = Int32), @p26='?' (DbType = Int32), @p15='?' (DbType = Int32), @p16='?' (DbType = DateTime2), @p17='?' (DbType = Boolean), @p18='?' (Size = 4000), @p19='?' (Precision = 18) (Scale = 2) (DbType = Decimal), @p20='?' (DbType = Int32), @p21='?' (DbType = Int32), @p22='?' (Size = 4000), @p23='?' (DbType = Guid), @p24='?' (DbType = DateTime2), @p25='?' (DbType = Int32)], CommandType='"Text"', CommandTimeout='30']
SET NOCOUNT ON;
UPDATE [Orders] SET [BillingAddressId] = @p0, [CreatedAt] = @p1, [CustomerId] = @p2, [SellerId] = @p3, [ShippingAddressId] = @p4, [Status] = @p5, [SysmondOrderId] = @p6, [TotalAmount] = @p7, [UpdatedAt] = @p8
OUTPUT 1
WHERE [Id] = @p9;
INSERT INTO [ProductMovements] ([CreatedAt], [MovementType], [ProductId], [Quantity], [ReferenceId])
OUTPUT INSERTED.[Id]
VALUES (@p10, @p11, @p12, @p13, @p14);
UPDATE [Products] SET [CategoryId] = @p15, [CreatedAt] = @p16, [IsActive] = @p17, [Name] = @p18, [Price] = @p19, [Quantity] = @p20, [SellerId] = @p21, [Sku] = @p22, [SysmondStockId] = @p23, [UpdatedAt] = @p24, [WarehouseId] = @p25
OUTPUT 1
WHERE [Id] = @p26;
2026-08-14 11:40:23.359 +03:00 [INF] Executing OkObjectResult, writing value of type '<>f__AnonymousType0`1[[System.String, System.Private.CoreLib, Version=10.0.0.0, Culture=neutral, PublicKeyToken=7cec85d7bea7798e]]'.
2026-08-14 11:40:23.360 +03:00 [INF] Executed action ECommerceManagement.Api.Controllers.CustomerOrderController.CancelOrder (ECommerceManagement.Api) in 560.5417ms
2026-08-14 11:40:23.360 +03:00 [INF] Executed endpoint 'ECommerceManagement.Api.Controllers.CustomerOrderController.CancelOrder (ECommerceManagement.Api)'
2026-08-14 11:40:23.360 +03:00 [INF] HTTP PUT /api/CustomerOrder/cancel responded 200 in 574.8090 ms
2026-08-14 11:40:23.360 +03:00 [INF] Request finished HTTP/1.1 PUT http://localhost:5275/api/CustomerOrder/cancel - 200 null application/json; charset=utf-8 577.8818ms
2026-08-14 11:50:14.806 +03:00 [INF] Application is shutting down...
2026-08-14 11:50:17.469 +03:00 [INF] Executed DbCommand (12ms) [Parameters=[], CommandType='"Text"', CommandTimeout='30']
SELECT CASE
    WHEN EXISTS (
        SELECT 1
        FROM [Users] AS [u]
        WHERE [u].[Email] = N'superadmin@sistem.com') THEN CAST(1 AS bit)
    ELSE CAST(0 AS bit)
END
2026-08-14 11:50:17.489 +03:00 [INF] Executed DbCommand (2ms) [Parameters=[], CommandType='"Text"', CommandTimeout='30']
SELECT CASE
    WHEN EXISTS (
        SELECT 1
        FROM [Users] AS [u]
        WHERE [u].[Email] = N'admin@sistem.com') THEN CAST(1 AS bit)
    ELSE CAST(0 AS bit)
END
2026-08-14 11:50:17.493 +03:00 [INF] User profile is available. Using '/Users/yigit/.aspnet/DataProtection-Keys' as key repository; keys will not be encrypted at rest.
2026-08-14 11:50:17.511 +03:00 [INF] Now listening on: http://localhost:5275
2026-08-14 11:50:17.512 +03:00 [INF] Application started. Press Ctrl+C to shut down.
2026-08-14 11:50:17.512 +03:00 [INF] Hosting environment: Development
2026-08-14 11:50:17.512 +03:00 [INF] Content root path: /Users/yigit/RiderProjects/ECommerceManagement/src/ECommerceManagement.Api
2026-08-14 11:50:24.839 +03:00 [INF] Request starting HTTP/1.1 GET http://localhost:5275/api/CustomerOrder/orders?customerId=1 - null null
2026-08-14 11:50:24.858 +03:00 [WRN] Failed to determine the https port for redirect.
2026-08-14 11:50:24.889 +03:00 [INF] Executing endpoint 'ECommerceManagement.Api.Controllers.CustomerOrderController.GetMyOrders (ECommerceManagement.Api)'
2026-08-14 11:50:24.895 +03:00 [INF] Route matched with {action = "GetMyOrders", controller = "CustomerOrder"}. Executing controller action with signature System.Threading.Tasks.Task`1[Microsoft.AspNetCore.Mvc.IActionResult] GetMyOrders(Int32) on controller ECommerceManagement.Api.Controllers.CustomerOrderController (ECommerceManagement.Api).
2026-08-14 11:50:24.957 +03:00 [INF] Executed DbCommand (9ms) [Parameters=[@customerId='?' (DbType = Int32)], CommandType='"Text"', CommandTimeout='30']
SELECT [o].[Id], [o].[BillingAddressId], [o].[CreatedAt], [o].[CustomerId], [o].[SellerId], [o].[ShippingAddressId], [o].[Status], [o].[SysmondOrderId], [o].[TotalAmount], [o].[UpdatedAt], [c].[Id], [c].[CreatedAt], [c].[FirstName], [c].[LastName], [c].[Phone], [c].[UserId], [o0].[Id], [o0].[CreatedAt], [o0].[LineTotal], [o0].[OrderId], [o0].[ProductId], [o0].[Quantity], [o0].[SysmondOrderItemId], [o0].[UnitPrice]
FROM [Orders] AS [o]
INNER JOIN [Customers] AS [c] ON [o].[CustomerId] = [c].[Id]
LEFT JOIN [OrderItems] AS [o0] ON [o].[Id] = [o0].[OrderId]
WHERE [o].[CustomerId] = @customerId
ORDER BY [o].[Id], [c].[Id]
2026-08-14 11:50:26.232 +03:00 [INF] Executed action ECommerceManagement.Api.Controllers.CustomerOrderController.GetMyOrders (ECommerceManagement.Api) in 1334.1197ms
2026-08-14 11:50:26.233 +03:00 [INF] Executed endpoint 'ECommerceManagement.Api.Controllers.CustomerOrderController.GetMyOrders (ECommerceManagement.Api)'
2026-08-14 11:50:26.236 +03:00 [ERR] HTTP GET /api/CustomerOrder/orders responded 500 in 1384.7433 ms
System.InvalidOperationException: Nullable object must have a value.
   at System.Nullable`1.get_Value()
   at ECommerceManagement.Application.Services.CustomerOrderService.<>c__DisplayClass8_0.<GetMyOrdersAsync>b__10(Order o) in /Users/yigit/RiderProjects/ECommerceManagement/src/ECommerceManagement.Application/Services/CustomerOrderService.cs:line 63
   at System.Linq.Enumerable.ListWhereIterator`1.MoveNext()
   at ECommerceManagement.Application.Services.CustomerOrderService.GetMyOrdersAsync(Int32 customerId) in /Users/yigit/RiderProjects/ECommerceManagement/src/ECommerceManagement.Application/Services/CustomerOrderService.cs:line 63
   at ECommerceManagement.Api.Controllers.CustomerOrderController.GetMyOrders(Int32 customerId) in /Users/yigit/RiderProjects/ECommerceManagement/src/ECommerceManagement.Api/Controllers/CustomerOrderController.cs:line 24
   at Microsoft.AspNetCore.Mvc.Infrastructure.ActionMethodExecutor.TaskOfIActionResultExecutor.Execute(ActionContext actionContext, IActionResultTypeMapper mapper, ObjectMethodExecutor executor, Object controller, Object[] arguments)
   at Microsoft.AspNetCore.Mvc.Infrastructure.ControllerActionInvoker.<InvokeActionMethodAsync>g__Awaited|12_0(ControllerActionInvoker invoker, ValueTask`1 actionResultValueTask)
   at Microsoft.AspNetCore.Mvc.Infrastructure.ControllerActionInvoker.<InvokeNextActionFilterAsync>g__Awaited|10_0(ControllerActionInvoker invoker, Task lastTask, State next, Scope scope, Object state, Boolean isCompleted)
   at Microsoft.AspNetCore.Mvc.Infrastructure.ControllerActionInvoker.Rethrow(ActionExecutedContextSealed context)
   at Microsoft.AspNetCore.Mvc.Infrastructure.ControllerActionInvoker.Next(State& next, Scope& scope, Object& state, Boolean& isCompleted)
   at Microsoft.AspNetCore.Mvc.Infrastructure.ControllerActionInvoker.<InvokeInnerFilterAsync>g__Awaited|13_0(ControllerActionInvoker invoker, Task lastTask, State next, Scope scope, Object state, Boolean isCompleted)
   at Microsoft.AspNetCore.Mvc.Infrastructure.ResourceInvoker.<InvokeFilterPipelineAsync>g__Awaited|20_0(ResourceInvoker invoker, Task lastTask, State next, Scope scope, Object state, Boolean isCompleted)
   at Microsoft.AspNetCore.Mvc.Infrastructure.ResourceInvoker.<InvokeAsync>g__Logged|17_1(ResourceInvoker invoker)
   at Microsoft.AspNetCore.Mvc.Infrastructure.ResourceInvoker.<InvokeAsync>g__Logged|17_1(ResourceInvoker invoker)
   at Microsoft.AspNetCore.Routing.EndpointMiddleware.<Invoke>g__AwaitRequestTask|7_0(Endpoint endpoint, Task requestTask, ILogger logger)
   at Microsoft.AspNetCore.Authorization.AuthorizationMiddleware.Invoke(HttpContext context)
   at Microsoft.AspNetCore.Authentication.AuthenticationMiddleware.Invoke(HttpContext context)
   at Swashbuckle.AspNetCore.SwaggerUI.SwaggerUIMiddleware.Invoke(HttpContext httpContext)
   at Swashbuckle.AspNetCore.Swagger.SwaggerMiddleware.Invoke(HttpContext httpContext, ISwaggerProvider swaggerProvider)
   at Serilog.AspNetCore.RequestLoggingMiddleware.Invoke(HttpContext httpContext)
2026-08-14 11:50:26.249 +03:00 [ERR] An unhandled exception has occurred while executing the request.
System.InvalidOperationException: Nullable object must have a value.
   at System.Nullable`1.get_Value()
   at ECommerceManagement.Application.Services.CustomerOrderService.<>c__DisplayClass8_0.<GetMyOrdersAsync>b__10(Order o) in /Users/yigit/RiderProjects/ECommerceManagement/src/ECommerceManagement.Application/Services/CustomerOrderService.cs:line 63
   at System.Linq.Enumerable.ListWhereIterator`1.MoveNext()
   at ECommerceManagement.Application.Services.CustomerOrderService.GetMyOrdersAsync(Int32 customerId) in /Users/yigit/RiderProjects/ECommerceManagement/src/ECommerceManagement.Application/Services/CustomerOrderService.cs:line 63
   at ECommerceManagement.Api.Controllers.CustomerOrderController.GetMyOrders(Int32 customerId) in /Users/yigit/RiderProjects/ECommerceManagement/src/ECommerceManagement.Api/Controllers/CustomerOrderController.cs:line 24
   at Microsoft.AspNetCore.Mvc.Infrastructure.ActionMethodExecutor.TaskOfIActionResultExecutor.Execute(ActionContext actionContext, IActionResultTypeMapper mapper, ObjectMethodExecutor executor, Object controller, Object[] arguments)
   at Microsoft.AspNetCore.Mvc.Infrastructure.ControllerActionInvoker.<InvokeActionMethodAsync>g__Awaited|12_0(ControllerActionInvoker invoker, ValueTask`1 actionResultValueTask)
   at Microsoft.AspNetCore.Mvc.Infrastructure.ControllerActionInvoker.<InvokeNextActionFilterAsync>g__Awaited|10_0(ControllerActionInvoker invoker, Task lastTask, State next, Scope scope, Object state, Boolean isCompleted)
   at Microsoft.AspNetCore.Mvc.Infrastructure.ControllerActionInvoker.Rethrow(ActionExecutedContextSealed context)
   at Microsoft.AspNetCore.Mvc.Infrastructure.ControllerActionInvoker.Next(State& next, Scope& scope, Object& state, Boolean& isCompleted)
   at Microsoft.AspNetCore.Mvc.Infrastructure.ControllerActionInvoker.<InvokeInnerFilterAsync>g__Awaited|13_0(ControllerActionInvoker invoker, Task lastTask, State next, Scope scope, Object state, Boolean isCompleted)
   at Microsoft.AspNetCore.Mvc.Infrastructure.ResourceInvoker.<InvokeFilterPipelineAsync>g__Awaited|20_0(ResourceInvoker invoker, Task lastTask, State next, Scope scope, Object state, Boolean isCompleted)
   at Microsoft.AspNetCore.Mvc.Infrastructure.ResourceInvoker.<InvokeAsync>g__Logged|17_1(ResourceInvoker invoker)
   at Microsoft.AspNetCore.Mvc.Infrastructure.ResourceInvoker.<InvokeAsync>g__Logged|17_1(ResourceInvoker invoker)
   at Microsoft.AspNetCore.Routing.EndpointMiddleware.<Invoke>g__AwaitRequestTask|7_0(Endpoint endpoint, Task requestTask, ILogger logger)
   at Microsoft.AspNetCore.Authorization.AuthorizationMiddleware.Invoke(HttpContext context)
   at Microsoft.AspNetCore.Authentication.AuthenticationMiddleware.Invoke(HttpContext context)
   at Swashbuckle.AspNetCore.SwaggerUI.SwaggerUIMiddleware.Invoke(HttpContext httpContext)
   at Swashbuckle.AspNetCore.Swagger.SwaggerMiddleware.Invoke(HttpContext httpContext, ISwaggerProvider swaggerProvider)
   at Serilog.AspNetCore.RequestLoggingMiddleware.Invoke(HttpContext httpContext)
   at Microsoft.AspNetCore.Diagnostics.DeveloperExceptionPageMiddlewareImpl.Invoke(HttpContext context)
2026-08-14 11:50:26.255 +03:00 [INF] Request finished HTTP/1.1 GET http://localhost:5275/api/CustomerOrder/orders?customerId=1 - 500 null text/plain; charset=utf-8 1417.0189ms
2026-08-14 11:51:46.271 +03:00 [INF] Application is shutting down...
2026-08-14 11:51:48.829 +03:00 [INF] Executed DbCommand (13ms) [Parameters=[], CommandType='"Text"', CommandTimeout='30']
SELECT CASE
    WHEN EXISTS (
        SELECT 1
        FROM [Users] AS [u]
        WHERE [u].[Email] = N'superadmin@sistem.com') THEN CAST(1 AS bit)
    ELSE CAST(0 AS bit)
END
2026-08-14 11:51:48.850 +03:00 [INF] Executed DbCommand (2ms) [Parameters=[], CommandType='"Text"', CommandTimeout='30']
SELECT CASE
    WHEN EXISTS (
        SELECT 1
        FROM [Users] AS [u]
        WHERE [u].[Email] = N'admin@sistem.com') THEN CAST(1 AS bit)
    ELSE CAST(0 AS bit)
END
2026-08-14 11:51:48.854 +03:00 [INF] User profile is available. Using '/Users/yigit/.aspnet/DataProtection-Keys' as key repository; keys will not be encrypted at rest.
2026-08-14 11:51:48.874 +03:00 [INF] Now listening on: http://localhost:5275
2026-08-14 11:51:48.874 +03:00 [INF] Application started. Press Ctrl+C to shut down.
2026-08-14 11:51:48.874 +03:00 [INF] Hosting environment: Development
2026-08-14 11:51:48.874 +03:00 [INF] Content root path: /Users/yigit/RiderProjects/ECommerceManagement/src/ECommerceManagement.Api
2026-08-14 11:51:53.561 +03:00 [INF] Request starting HTTP/1.1 GET http://localhost:5275/api/CustomerOrder/orders?customerId=1 - null null
2026-08-14 11:51:53.579 +03:00 [WRN] Failed to determine the https port for redirect.
2026-08-14 11:51:53.607 +03:00 [INF] Executing endpoint 'ECommerceManagement.Api.Controllers.CustomerOrderController.GetMyOrders (ECommerceManagement.Api)'
2026-08-14 11:51:53.614 +03:00 [INF] Route matched with {action = "GetMyOrders", controller = "CustomerOrder"}. Executing controller action with signature System.Threading.Tasks.Task`1[Microsoft.AspNetCore.Mvc.IActionResult] GetMyOrders(Int32) on controller ECommerceManagement.Api.Controllers.CustomerOrderController (ECommerceManagement.Api).
2026-08-14 11:51:53.680 +03:00 [INF] Executed DbCommand (11ms) [Parameters=[@customerId='?' (DbType = Int32)], CommandType='"Text"', CommandTimeout='30']
SELECT [o].[Id], [o].[BillingAddressId], [o].[CreatedAt], [o].[CustomerId], [o].[SellerId], [o].[ShippingAddressId], [o].[Status], [o].[SysmondOrderId], [o].[TotalAmount], [o].[UpdatedAt], [c].[Id], [c].[CreatedAt], [c].[FirstName], [c].[LastName], [c].[Phone], [c].[UserId], [o0].[Id], [o0].[CreatedAt], [o0].[LineTotal], [o0].[OrderId], [o0].[ProductId], [o0].[Quantity], [o0].[SysmondOrderItemId], [o0].[UnitPrice]
FROM [Orders] AS [o]
INNER JOIN [Customers] AS [c] ON [o].[CustomerId] = [c].[Id]
LEFT JOIN [OrderItems] AS [o0] ON [o].[Id] = [o0].[OrderId]
WHERE [o].[CustomerId] = @customerId
ORDER BY [o].[Id], [c].[Id]
2026-08-14 11:51:54.178 +03:00 [INF] Executed DbCommand (24ms) [Parameters=[@p9='?' (DbType = Int32), @p0='?' (DbType = Int32), @p1='?' (DbType = DateTime2), @p2='?' (DbType = Int32), @p3='?' (DbType = Int32), @p4='?' (DbType = Int32), @p5='?' (DbType = Int32), @p6='?' (DbType = Guid), @p7='?' (Precision = 18) (Scale = 2) (DbType = Decimal), @p8='?' (DbType = DateTime2)], CommandType='"Text"', CommandTimeout='30']
SET IMPLICIT_TRANSACTIONS OFF;
SET NOCOUNT ON;
UPDATE [Orders] SET [BillingAddressId] = @p0, [CreatedAt] = @p1, [CustomerId] = @p2, [SellerId] = @p3, [ShippingAddressId] = @p4, [Status] = @p5, [SysmondOrderId] = @p6, [TotalAmount] = @p7, [UpdatedAt] = @p8
OUTPUT 1
WHERE [Id] = @p9;
2026-08-14 11:51:54.200 +03:00 [INF] Executed DbCommand (3ms) [Parameters=[@productIds1='?' (DbType = Int32), @productIds2='?' (DbType = Int32)], CommandType='"Text"', CommandTimeout='30']
SELECT [p].[Id], [p].[CategoryId], [p].[CreatedAt], [p].[IsActive], [p].[Name], [p].[Price], [p].[Quantity], [p].[SellerId], [p].[Sku], [p].[SysmondStockId], [p].[UpdatedAt], [p].[WarehouseId]
FROM [Products] AS [p]
WHERE [p].[Id] IN (@productIds1, @productIds2)
2026-08-14 11:51:54.211 +03:00 [INF] Executing OkObjectResult, writing value of type 'System.Linq.Enumerable+OrderedIterator`2[[ECommerceManagement.Application.DTOs.Orders.OrderDto, ECommerceManagement.Application, Version=1.0.0.0, Culture=neutral, PublicKeyToken=null],[System.DateTime, System.Private.CoreLib, Version=10.0.0.0, Culture=neutral, PublicKeyToken=7cec85d7bea7798e]]'.
2026-08-14 11:51:54.219 +03:00 [INF] Executed action ECommerceManagement.Api.Controllers.CustomerOrderController.GetMyOrders (ECommerceManagement.Api) in 604.7918ms
2026-08-14 11:51:54.220 +03:00 [INF] Executed endpoint 'ECommerceManagement.Api.Controllers.CustomerOrderController.GetMyOrders (ECommerceManagement.Api)'
2026-08-14 11:51:54.220 +03:00 [INF] HTTP GET /api/CustomerOrder/orders responded 200 in 650.1589 ms
2026-08-14 11:51:54.222 +03:00 [INF] Request finished HTTP/1.1 GET http://localhost:5275/api/CustomerOrder/orders?customerId=1 - 200 null application/json; charset=utf-8 663.163ms
2026-08-14 11:52:46.914 +03:00 [INF] Request starting HTTP/1.1 GET http://localhost:5275/api/CustomerOrder/orders?customerId=1 - null null
2026-08-14 11:52:46.921 +03:00 [INF] Executing endpoint 'ECommerceManagement.Api.Controllers.CustomerOrderController.GetMyOrders (ECommerceManagement.Api)'
2026-08-14 11:52:46.922 +03:00 [INF] Route matched with {action = "GetMyOrders", controller = "CustomerOrder"}. Executing controller action with signature System.Threading.Tasks.Task`1[Microsoft.AspNetCore.Mvc.IActionResult] GetMyOrders(Int32) on controller ECommerceManagement.Api.Controllers.CustomerOrderController (ECommerceManagement.Api).
2026-08-14 11:52:46.972 +03:00 [INF] Executed DbCommand (4ms) [Parameters=[@customerId='?' (DbType = Int32)], CommandType='"Text"', CommandTimeout='30']
SELECT [o].[Id], [o].[BillingAddressId], [o].[CreatedAt], [o].[CustomerId], [o].[SellerId], [o].[ShippingAddressId], [o].[Status], [o].[SysmondOrderId], [o].[TotalAmount], [o].[UpdatedAt], [c].[Id], [c].[CreatedAt], [c].[FirstName], [c].[LastName], [c].[Phone], [c].[UserId], [o0].[Id], [o0].[CreatedAt], [o0].[LineTotal], [o0].[OrderId], [o0].[ProductId], [o0].[Quantity], [o0].[SysmondOrderItemId], [o0].[UnitPrice]
FROM [Orders] AS [o]
INNER JOIN [Customers] AS [c] ON [o].[CustomerId] = [c].[Id]
LEFT JOIN [OrderItems] AS [o0] ON [o].[Id] = [o0].[OrderId]
WHERE [o].[CustomerId] = @customerId
ORDER BY [o].[Id], [c].[Id]
2026-08-14 11:52:46.981 +03:00 [INF] Executed DbCommand (3ms) [Parameters=[@productIds1='?' (DbType = Int32), @productIds2='?' (DbType = Int32)], CommandType='"Text"', CommandTimeout='30']
SELECT [p].[Id], [p].[CategoryId], [p].[CreatedAt], [p].[IsActive], [p].[Name], [p].[Price], [p].[Quantity], [p].[SellerId], [p].[Sku], [p].[SysmondStockId], [p].[UpdatedAt], [p].[WarehouseId]
FROM [Products] AS [p]
WHERE [p].[Id] IN (@productIds1, @productIds2)
2026-08-14 11:52:46.983 +03:00 [INF] Executing OkObjectResult, writing value of type 'System.Linq.Enumerable+OrderedIterator`2[[ECommerceManagement.Application.DTOs.Orders.OrderDto, ECommerceManagement.Application, Version=1.0.0.0, Culture=neutral, PublicKeyToken=null],[System.DateTime, System.Private.CoreLib, Version=10.0.0.0, Culture=neutral, PublicKeyToken=7cec85d7bea7798e]]'.
2026-08-14 11:52:46.984 +03:00 [INF] Executed action ECommerceManagement.Api.Controllers.CustomerOrderController.GetMyOrders (ECommerceManagement.Api) in 62.3531ms
2026-08-14 11:52:46.984 +03:00 [INF] Executed endpoint 'ECommerceManagement.Api.Controllers.CustomerOrderController.GetMyOrders (ECommerceManagement.Api)'
2026-08-14 11:52:46.985 +03:00 [INF] HTTP GET /api/CustomerOrder/orders responded 200 in 67.9092 ms
2026-08-14 11:52:46.985 +03:00 [INF] Request finished HTTP/1.1 GET http://localhost:5275/api/CustomerOrder/orders?customerId=1 - 200 null application/json; charset=utf-8 71.8015ms
2026-08-14 11:53:10.028 +03:00 [INF] Request starting HTTP/1.1 GET http://localhost:5275/api/CustomerOrder/orders?customerId=1 - null null
2026-08-14 11:53:10.032 +03:00 [INF] Executing endpoint 'ECommerceManagement.Api.Controllers.CustomerOrderController.GetMyOrders (ECommerceManagement.Api)'
2026-08-14 11:53:10.033 +03:00 [INF] Route matched with {action = "GetMyOrders", controller = "CustomerOrder"}. Executing controller action with signature System.Threading.Tasks.Task`1[Microsoft.AspNetCore.Mvc.IActionResult] GetMyOrders(Int32) on controller ECommerceManagement.Api.Controllers.CustomerOrderController (ECommerceManagement.Api).
2026-08-14 11:53:10.046 +03:00 [INF] Executed DbCommand (4ms) [Parameters=[@customerId='?' (DbType = Int32)], CommandType='"Text"', CommandTimeout='30']
SELECT [o].[Id], [o].[BillingAddressId], [o].[CreatedAt], [o].[CustomerId], [o].[SellerId], [o].[ShippingAddressId], [o].[Status], [o].[SysmondOrderId], [o].[TotalAmount], [o].[UpdatedAt], [c].[Id], [c].[CreatedAt], [c].[FirstName], [c].[LastName], [c].[Phone], [c].[UserId], [o0].[Id], [o0].[CreatedAt], [o0].[LineTotal], [o0].[OrderId], [o0].[ProductId], [o0].[Quantity], [o0].[SysmondOrderItemId], [o0].[UnitPrice]
FROM [Orders] AS [o]
INNER JOIN [Customers] AS [c] ON [o].[CustomerId] = [c].[Id]
LEFT JOIN [OrderItems] AS [o0] ON [o].[Id] = [o0].[OrderId]
WHERE [o].[CustomerId] = @customerId
ORDER BY [o].[Id], [c].[Id]
2026-08-14 11:53:10.049 +03:00 [INF] Executed DbCommand (2ms) [Parameters=[@productIds1='?' (DbType = Int32), @productIds2='?' (DbType = Int32)], CommandType='"Text"', CommandTimeout='30']
SELECT [p].[Id], [p].[CategoryId], [p].[CreatedAt], [p].[IsActive], [p].[Name], [p].[Price], [p].[Quantity], [p].[SellerId], [p].[Sku], [p].[SysmondStockId], [p].[UpdatedAt], [p].[WarehouseId]
FROM [Products] AS [p]
WHERE [p].[Id] IN (@productIds1, @productIds2)
2026-08-14 11:53:10.051 +03:00 [INF] Executing OkObjectResult, writing value of type 'System.Linq.Enumerable+OrderedIterator`2[[ECommerceManagement.Application.DTOs.Orders.OrderDto, ECommerceManagement.Application, Version=1.0.0.0, Culture=neutral, PublicKeyToken=null],[System.DateTime, System.Private.CoreLib, Version=10.0.0.0, Culture=neutral, PublicKeyToken=7cec85d7bea7798e]]'.
2026-08-14 11:53:10.051 +03:00 [INF] Executed action ECommerceManagement.Api.Controllers.CustomerOrderController.GetMyOrders (ECommerceManagement.Api) in 18.3633ms
2026-08-14 11:53:10.051 +03:00 [INF] Executed endpoint 'ECommerceManagement.Api.Controllers.CustomerOrderController.GetMyOrders (ECommerceManagement.Api)'
2026-08-14 11:53:10.051 +03:00 [INF] HTTP GET /api/CustomerOrder/orders responded 200 in 22.6037 ms
2026-08-14 11:53:10.052 +03:00 [INF] Request finished HTTP/1.1 GET http://localhost:5275/api/CustomerOrder/orders?customerId=1 - 200 null application/json; charset=utf-8 23.1049ms
2026-08-14 12:57:29.757 +03:00 [INF] Application is shutting down...
2026-08-14 12:57:33.128 +03:00 [INF] Executed DbCommand (18ms) [Parameters=[], CommandType='"Text"', CommandTimeout='30']
SELECT CASE
    WHEN EXISTS (
        SELECT 1
        FROM [Users] AS [u]
        WHERE [u].[Email] = N'superadmin@sistem.com') THEN CAST(1 AS bit)
    ELSE CAST(0 AS bit)
END
2026-08-14 12:57:33.148 +03:00 [INF] Executed DbCommand (1ms) [Parameters=[], CommandType='"Text"', CommandTimeout='30']
SELECT CASE
    WHEN EXISTS (
        SELECT 1
        FROM [Users] AS [u]
        WHERE [u].[Email] = N'admin@sistem.com') THEN CAST(1 AS bit)
    ELSE CAST(0 AS bit)
END
2026-08-14 12:57:33.152 +03:00 [INF] User profile is available. Using '/Users/yigit/.aspnet/DataProtection-Keys' as key repository; keys will not be encrypted at rest.
2026-08-14 12:57:33.170 +03:00 [INF] Now listening on: http://localhost:5275
2026-08-14 12:57:33.170 +03:00 [INF] Application started. Press Ctrl+C to shut down.
2026-08-14 12:57:33.170 +03:00 [INF] Hosting environment: Development
2026-08-14 12:57:33.170 +03:00 [INF] Content root path: /Users/yigit/RiderProjects/ECommerceManagement/src/ECommerceManagement.Api
2026-08-14 12:57:41.413 +03:00 [INF] Request starting HTTP/1.1 GET http://localhost:5275/api/CustomerOrder/orders?customerId=1 - null null
2026-08-14 12:57:41.435 +03:00 [WRN] Failed to determine the https port for redirect.
2026-08-14 12:57:41.459 +03:00 [INF] Failed to validate the token.
Microsoft.IdentityModel.Tokens.SecurityTokenExpiredException: IDX10223: Lifetime validation failed. The token is expired. ValidTo (UTC): '14.08.2026 09:18:49', Current time (UTC): '14.08.2026 09:57:41'.
   at Microsoft.IdentityModel.Tokens.ValidatorUtilities.ValidateLifetime(Nullable`1 notBefore, Nullable`1 expires, SecurityToken securityToken, TokenValidationParameters validationParameters)
   at Microsoft.IdentityModel.Tokens.Validators.ValidateLifetime(Nullable`1 notBefore, Nullable`1 expires, SecurityToken securityToken, TokenValidationParameters validationParameters)
   at Microsoft.IdentityModel.JsonWebTokens.JsonWebTokenHandler.ValidateTokenPayloadAsync(JsonWebToken jsonWebToken, TokenValidationParameters validationParameters, BaseConfiguration configuration)
   at Microsoft.IdentityModel.JsonWebTokens.JsonWebTokenHandler.ValidateJWSAsync(JsonWebToken jsonWebToken, TokenValidationParameters validationParameters, BaseConfiguration configuration)
2026-08-14 12:57:41.462 +03:00 [INF] Bearer was not authenticated. Failure message: IDX10223: Lifetime validation failed. The token is expired. ValidTo (UTC): '14.08.2026 09:18:49', Current time (UTC): '14.08.2026 09:57:41'.
2026-08-14 12:57:41.463 +03:00 [INF] Authorization failed. These requirements were not met:
RolesAuthorizationRequirement:User.IsInRole must be true for one of the following roles: (Customer)
2026-08-14 12:57:41.465 +03:00 [INF] AuthenticationScheme: Bearer was challenged.
2026-08-14 12:57:41.465 +03:00 [INF] HTTP GET /api/CustomerOrder/orders responded 401 in 38.8107 ms
2026-08-14 12:57:41.467 +03:00 [INF] Request finished HTTP/1.1 GET http://localhost:5275/api/CustomerOrder/orders?customerId=1 - 401 0 null 55.1981ms
2026-08-14 12:57:59.424 +03:00 [INF] Request starting HTTP/1.1 POST http://localhost:5275/api/Auth/login - application/json 66
2026-08-14 12:57:59.437 +03:00 [INF] Failed to validate the token.
Microsoft.IdentityModel.Tokens.SecurityTokenExpiredException: IDX10223: Lifetime validation failed. The token is expired. ValidTo (UTC): '14.08.2026 09:18:49', Current time (UTC): '14.08.2026 09:57:59'.
   at Microsoft.IdentityModel.Tokens.ValidatorUtilities.ValidateLifetime(Nullable`1 notBefore, Nullable`1 expires, SecurityToken securityToken, TokenValidationParameters validationParameters)
   at Microsoft.IdentityModel.Tokens.Validators.ValidateLifetime(Nullable`1 notBefore, Nullable`1 expires, SecurityToken securityToken, TokenValidationParameters validationParameters)
   at Microsoft.IdentityModel.JsonWebTokens.JsonWebTokenHandler.ValidateTokenPayloadAsync(JsonWebToken jsonWebToken, TokenValidationParameters validationParameters, BaseConfiguration configuration)
   at Microsoft.IdentityModel.JsonWebTokens.JsonWebTokenHandler.ValidateJWSAsync(JsonWebToken jsonWebToken, TokenValidationParameters validationParameters, BaseConfiguration configuration)
2026-08-14 12:57:59.439 +03:00 [INF] Bearer was not authenticated. Failure message: IDX10223: Lifetime validation failed. The token is expired. ValidTo (UTC): '14.08.2026 09:18:49', Current time (UTC): '14.08.2026 09:57:59'.
2026-08-14 12:57:59.441 +03:00 [INF] Executing endpoint 'ECommerceManagement.Api.Controllers.AuthController.Login (ECommerceManagement.Api)'
2026-08-14 12:57:59.467 +03:00 [INF] Route matched with {action = "Login", controller = "Auth"}. Executing controller action with signature System.Threading.Tasks.Task`1[Microsoft.AspNetCore.Mvc.IActionResult] Login(ECommerceManagement.Application.DTOs.Auth.LoginDto) on controller ECommerceManagement.Api.Controllers.AuthController (ECommerceManagement.Api).
2026-08-14 12:57:59.523 +03:00 [WRN] You do not have a valid license key for the Lucky Penny software AutoMapper. This is allowed for development and testing scenarios. If you are running in production you are required to have a licensed version. Please visit https://luckypennysoftware.com to obtain a valid license.
2026-08-14 12:57:59.575 +03:00 [INF] Executed DbCommand (14ms) [Parameters=[@dto_Email='?' (Size = 450)], CommandType='"Text"', CommandTimeout='30']
SELECT TOP(1) [u].[Id], [u].[CreatedAt], [u].[Email], [u].[IsActive], [u].[PasswordHash], [u].[RefreshToken], [u].[RefreshTokenExpiresAt], [u].[Username]
FROM [Users] AS [u]
WHERE [u].[Email] = @dto_Email
2026-08-14 12:57:59.626 +03:00 [INF] Executed DbCommand (4ms) [Parameters=[@user_Id='?' (DbType = Int32)], CommandType='"Text"', CommandTimeout='30']
SELECT [u].[UserId], [u].[RoleId]
FROM [UserRoles] AS [u]
WHERE [u].[UserId] = @user_Id
2026-08-14 12:57:59.650 +03:00 [INF] Executed DbCommand (3ms) [Parameters=[@roleIds1='?' (DbType = Int32)], CommandType='"Text"', CommandTimeout='30']
SELECT [r].[Id], [r].[CreatedAt], [r].[Name]
FROM [Roles] AS [r]
WHERE [r].[Id] = @roleIds1
2026-08-14 12:57:59.693 +03:00 [INF] Executed DbCommand (11ms) [Parameters=[@p7='?' (DbType = Int32), @p0='?' (DbType = DateTime2), @p1='?' (Size = 450), @p2='?' (DbType = Boolean), @p3='?' (Size = 4000), @p4='?' (Size = 4000), @p5='?' (DbType = DateTime2), @p6='?' (Size = 4000)], CommandType='"Text"', CommandTimeout='30']
SET IMPLICIT_TRANSACTIONS OFF;
SET NOCOUNT ON;
UPDATE [Users] SET [CreatedAt] = @p0, [Email] = @p1, [IsActive] = @p2, [PasswordHash] = @p3, [RefreshToken] = @p4, [RefreshTokenExpiresAt] = @p5, [Username] = @p6
OUTPUT 1
WHERE [Id] = @p7;
2026-08-14 12:57:59.696 +03:00 [INF] Executing OkObjectResult, writing value of type 'ECommerceManagement.Application.DTOs.Auth.TokenResponseDto'.
2026-08-14 12:57:59.699 +03:00 [INF] Executed action ECommerceManagement.Api.Controllers.AuthController.Login (ECommerceManagement.Api) in 230.9278ms
2026-08-14 12:57:59.699 +03:00 [INF] Executed endpoint 'ECommerceManagement.Api.Controllers.AuthController.Login (ECommerceManagement.Api)'
2026-08-14 12:57:59.700 +03:00 [INF] HTTP POST /api/Auth/login responded 200 in 274.6396 ms
2026-08-14 12:57:59.701 +03:00 [INF] Request finished HTTP/1.1 POST http://localhost:5275/api/Auth/login - 200 null application/json; charset=utf-8 277.1533ms
2026-08-14 12:58:18.511 +03:00 [INF] Request starting HTTP/1.1 GET http://localhost:5275/api/CustomerOrder/orders?customerId=1 - null null
2026-08-14 12:58:18.521 +03:00 [INF] Executing endpoint 'ECommerceManagement.Api.Controllers.CustomerOrderController.GetMyOrders (ECommerceManagement.Api)'
2026-08-14 12:58:18.527 +03:00 [INF] Route matched with {action = "GetMyOrders", controller = "CustomerOrder"}. Executing controller action with signature System.Threading.Tasks.Task`1[Microsoft.AspNetCore.Mvc.IActionResult] GetMyOrders(Int32) on controller ECommerceManagement.Api.Controllers.CustomerOrderController (ECommerceManagement.Api).
2026-08-14 12:58:18.613 +03:00 [INF] Executed DbCommand (8ms) [Parameters=[@customerId='?' (DbType = Int32)], CommandType='"Text"', CommandTimeout='30']
SELECT [o].[Id], [o].[BillingAddressId], [o].[CreatedAt], [o].[CustomerId], [o].[SellerId], [o].[ShippingAddressId], [o].[Status], [o].[SysmondOrderId], [o].[TotalAmount], [o].[UpdatedAt], [c].[Id], [c].[CreatedAt], [c].[FirstName], [c].[LastName], [c].[Phone], [c].[UserId], [o0].[Id], [o0].[CreatedAt], [o0].[LineTotal], [o0].[OrderId], [o0].[ProductId], [o0].[Quantity], [o0].[SysmondOrderItemId], [o0].[UnitPrice]
FROM [Orders] AS [o]
INNER JOIN [Customers] AS [c] ON [o].[CustomerId] = [c].[Id]
LEFT JOIN [OrderItems] AS [o0] ON [o].[Id] = [o0].[OrderId]
WHERE [o].[CustomerId] = @customerId
ORDER BY [o].[Id], [c].[Id]
2026-08-14 12:58:18.635 +03:00 [INF] Executed DbCommand (3ms) [Parameters=[@productIds1='?' (DbType = Int32), @productIds2='?' (DbType = Int32)], CommandType='"Text"', CommandTimeout='30']
SELECT [p].[Id], [p].[CategoryId], [p].[CreatedAt], [p].[IsActive], [p].[Name], [p].[Price], [p].[Quantity], [p].[SellerId], [p].[Sku], [p].[SysmondStockId], [p].[UpdatedAt], [p].[WarehouseId]
FROM [Products] AS [p]
WHERE [p].[Id] IN (@productIds1, @productIds2)
2026-08-14 12:58:18.642 +03:00 [INF] Executing OkObjectResult, writing value of type 'System.Linq.Enumerable+OrderedIterator`2[[ECommerceManagement.Application.DTOs.Orders.OrderDto, ECommerceManagement.Application, Version=1.0.0.0, Culture=neutral, PublicKeyToken=null],[System.DateTime, System.Private.CoreLib, Version=10.0.0.0, Culture=neutral, PublicKeyToken=7cec85d7bea7798e]]'.
2026-08-14 12:58:18.648 +03:00 [INF] Executed action ECommerceManagement.Api.Controllers.CustomerOrderController.GetMyOrders (ECommerceManagement.Api) in 121.2569ms
2026-08-14 12:58:18.648 +03:00 [INF] Executed endpoint 'ECommerceManagement.Api.Controllers.CustomerOrderController.GetMyOrders (ECommerceManagement.Api)'
2026-08-14 12:58:18.648 +03:00 [INF] HTTP GET /api/CustomerOrder/orders responded 200 in 136.4825 ms
2026-08-14 12:58:18.649 +03:00 [INF] Request finished HTTP/1.1 GET http://localhost:5275/api/CustomerOrder/orders?customerId=1 - 200 null application/json; charset=utf-8 137.5012ms
2026-08-14 12:59:36.001 +03:00 [INF] Request starting HTTP/1.1 GET http://localhost:5275/api/CustomerOrder/orders?customerId=1 - null null
2026-08-14 12:59:36.005 +03:00 [INF] Executing endpoint 'ECommerceManagement.Api.Controllers.CustomerOrderController.GetMyOrders (ECommerceManagement.Api)'
2026-08-14 12:59:36.006 +03:00 [INF] Route matched with {action = "GetMyOrders", controller = "CustomerOrder"}. Executing controller action with signature System.Threading.Tasks.Task`1[Microsoft.AspNetCore.Mvc.IActionResult] GetMyOrders(Int32) on controller ECommerceManagement.Api.Controllers.CustomerOrderController (ECommerceManagement.Api).
2026-08-14 12:59:36.019 +03:00 [INF] Executed DbCommand (4ms) [Parameters=[@customerId='?' (DbType = Int32)], CommandType='"Text"', CommandTimeout='30']
SELECT [o].[Id], [o].[BillingAddressId], [o].[CreatedAt], [o].[CustomerId], [o].[SellerId], [o].[ShippingAddressId], [o].[Status], [o].[SysmondOrderId], [o].[TotalAmount], [o].[UpdatedAt], [c].[Id], [c].[CreatedAt], [c].[FirstName], [c].[LastName], [c].[Phone], [c].[UserId], [o0].[Id], [o0].[CreatedAt], [o0].[LineTotal], [o0].[OrderId], [o0].[ProductId], [o0].[Quantity], [o0].[SysmondOrderItemId], [o0].[UnitPrice]
FROM [Orders] AS [o]
INNER JOIN [Customers] AS [c] ON [o].[CustomerId] = [c].[Id]
LEFT JOIN [OrderItems] AS [o0] ON [o].[Id] = [o0].[OrderId]
WHERE [o].[CustomerId] = @customerId
ORDER BY [o].[Id], [c].[Id]
2026-08-14 12:59:36.026 +03:00 [INF] Executed DbCommand (3ms) [Parameters=[@productIds1='?' (DbType = Int32), @productIds2='?' (DbType = Int32)], CommandType='"Text"', CommandTimeout='30']
SELECT [p].[Id], [p].[CategoryId], [p].[CreatedAt], [p].[IsActive], [p].[Name], [p].[Price], [p].[Quantity], [p].[SellerId], [p].[Sku], [p].[SysmondStockId], [p].[UpdatedAt], [p].[WarehouseId]
FROM [Products] AS [p]
WHERE [p].[Id] IN (@productIds1, @productIds2)
2026-08-14 12:59:36.027 +03:00 [INF] Executing OkObjectResult, writing value of type 'System.Linq.Enumerable+OrderedIterator`2[[ECommerceManagement.Application.DTOs.Orders.OrderDto, ECommerceManagement.Application, Version=1.0.0.0, Culture=neutral, PublicKeyToken=null],[System.DateTime, System.Private.CoreLib, Version=10.0.0.0, Culture=neutral, PublicKeyToken=7cec85d7bea7798e]]'.
2026-08-14 12:59:36.028 +03:00 [INF] Executed action ECommerceManagement.Api.Controllers.CustomerOrderController.GetMyOrders (ECommerceManagement.Api) in 21.9014ms
2026-08-14 12:59:36.028 +03:00 [INF] Executed endpoint 'ECommerceManagement.Api.Controllers.CustomerOrderController.GetMyOrders (ECommerceManagement.Api)'
2026-08-14 12:59:36.028 +03:00 [INF] HTTP GET /api/CustomerOrder/orders responded 200 in 26.3489 ms
2026-08-14 12:59:36.028 +03:00 [INF] Request finished HTTP/1.1 GET http://localhost:5275/api/CustomerOrder/orders?customerId=1 - 200 null application/json; charset=utf-8 27.6196ms
2026-08-14 13:00:42.017 +03:00 [INF] Application is shutting down...
2026-08-14 13:00:46.005 +03:00 [INF] Executed DbCommand (18ms) [Parameters=[], CommandType='"Text"', CommandTimeout='30']
SELECT CASE
    WHEN EXISTS (
        SELECT 1
        FROM [Users] AS [u]
        WHERE [u].[Email] = N'superadmin@sistem.com') THEN CAST(1 AS bit)
    ELSE CAST(0 AS bit)
END
2026-08-14 13:00:46.027 +03:00 [INF] Executed DbCommand (2ms) [Parameters=[], CommandType='"Text"', CommandTimeout='30']
SELECT CASE
    WHEN EXISTS (
        SELECT 1
        FROM [Users] AS [u]
        WHERE [u].[Email] = N'admin@sistem.com') THEN CAST(1 AS bit)
    ELSE CAST(0 AS bit)
END
2026-08-14 13:00:46.030 +03:00 [INF] User profile is available. Using '/Users/yigit/.aspnet/DataProtection-Keys' as key repository; keys will not be encrypted at rest.
2026-08-14 13:00:46.045 +03:00 [INF] Now listening on: http://localhost:5275
2026-08-14 13:00:46.045 +03:00 [INF] Application started. Press Ctrl+C to shut down.
2026-08-14 13:00:46.045 +03:00 [INF] Hosting environment: Development
2026-08-14 13:00:46.045 +03:00 [INF] Content root path: /Users/yigit/RiderProjects/ECommerceManagement/src/ECommerceManagement.Api
2026-08-14 13:00:58.861 +03:00 [INF] Request starting HTTP/1.1 GET http://localhost:5275/index.html - null null
2026-08-14 13:00:58.892 +03:00 [INF] HTTP GET /index.html responded 200 in 21.1464 ms
2026-08-14 13:00:58.893 +03:00 [INF] Request finished HTTP/1.1 GET http://localhost:5275/index.html - 200 null text/html;charset=utf-8 33.6087ms
2026-08-14 13:00:59.372 +03:00 [INF] Request starting HTTP/1.1 GET http://localhost:5275/swagger/v1/swagger.json - null null
2026-08-14 13:00:59.397 +03:00 [INF] HTTP GET /swagger/v1/swagger.json responded 200 in 24.1137 ms
2026-08-14 13:00:59.397 +03:00 [INF] Request finished HTTP/1.1 GET http://localhost:5275/swagger/v1/swagger.json - 200 null application/json;charset=utf-8 24.8577ms
2026-08-14 13:01:11.695 +03:00 [INF] Request starting HTTP/1.1 POST http://localhost:5275/api/CustomerOrder/sync-from-sysmond - null 0
2026-08-14 13:01:11.698 +03:00 [WRN] Failed to determine the https port for redirect.
2026-08-14 13:01:11.749 +03:00 [INF] Executing endpoint 'ECommerceManagement.Api.Controllers.CustomerOrderController.SyncOrders (ECommerceManagement.Api)'
2026-08-14 13:01:11.755 +03:00 [INF] Route matched with {action = "SyncOrders", controller = "CustomerOrder"}. Executing controller action with signature System.Threading.Tasks.Task`1[Microsoft.AspNetCore.Mvc.IActionResult] SyncOrders() on controller ECommerceManagement.Api.Controllers.CustomerOrderController (ECommerceManagement.Api).
2026-08-14 13:01:12.979 +03:00 [INF] Executed DbCommand (29ms) [Parameters=[], CommandType='"Text"', CommandTimeout='30']
SELECT [o].[Id], [o].[BillingAddressId], [o].[CreatedAt], [o].[CustomerId], [o].[SellerId], [o].[ShippingAddressId], [o].[Status], [o].[SysmondOrderId], [o].[TotalAmount], [o].[UpdatedAt], [o0].[Id], [o0].[CreatedAt], [o0].[LineTotal], [o0].[OrderId], [o0].[ProductId], [o0].[Quantity], [o0].[SysmondOrderItemId], [o0].[UnitPrice]
FROM [Orders] AS [o]
LEFT JOIN [OrderItems] AS [o0] ON [o].[Id] = [o0].[OrderId]
ORDER BY [o].[Id]
2026-08-14 13:01:13.011 +03:00 [INF] Executed DbCommand (1ms) [Parameters=[], CommandType='"Text"', CommandTimeout='30']
SELECT [p].[Id], [p].[CategoryId], [p].[CreatedAt], [p].[IsActive], [p].[Name], [p].[Price], [p].[Quantity], [p].[SellerId], [p].[Sku], [p].[SysmondStockId], [p].[UpdatedAt], [p].[WarehouseId]
FROM [Products] AS [p]
2026-08-14 13:01:13.445 +03:00 [INF] Executed DbCommand (51ms) [Parameters=[@p0='?' (DbType = Int32), @p1='?' (DbType = DateTime2), @p2='?' (DbType = Int32), @p3='?' (DbType = Int32), @p4='?' (DbType = Int32), @p5='?' (DbType = Int32), @p6='?' (DbType = Guid), @p7='?' (Precision = 18) (Scale = 2) (DbType = Decimal), @p8='?' (DbType = DateTime2), @p9='?' (DbType = Int32), @p10='?' (DbType = DateTime2), @p11='?' (DbType = Int32), @p12='?' (DbType = Int32), @p13='?' (DbType = Int32), @p14='?' (DbType = Int32), @p15='?' (DbType = Guid), @p16='?' (Precision = 18) (Scale = 2) (DbType = Decimal), @p17='?' (DbType = DateTime2), @p18='?' (DbType = Int32), @p19='?' (DbType = DateTime2), @p20='?' (DbType = Int32), @p21='?' (DbType = Int32), @p22='?' (DbType = Int32), @p23='?' (DbType = Int32), @p24='?' (DbType = Guid), @p25='?' (Precision = 18) (Scale = 2) (DbType = Decimal), @p26='?' (DbType = DateTime2), @p27='?' (DbType = Int32), @p28='?' (DbType = DateTime2), @p29='?' (DbType = Int32), @p30='?' (DbType = Int32), @p31='?' (DbType = Int32), @p32='?' (DbType = Int32), @p33='?' (DbType = Guid), @p34='?' (Precision = 18) (Scale = 2) (DbType = Decimal), @p35='?' (DbType = DateTime2), @p36='?' (DbType = Int32), @p37='?' (DbType = DateTime2), @p38='?' (DbType = Int32), @p39='?' (DbType = Int32), @p40='?' (DbType = Int32), @p41='?' (DbType = Int32), @p42='?' (DbType = Guid), @p43='?' (Precision = 18) (Scale = 2) (DbType = Decimal), @p44='?' (DbType = DateTime2), @p45='?' (DbType = Int32), @p46='?' (DbType = DateTime2), @p47='?' (DbType = Int32), @p48='?' (DbType = Int32), @p49='?' (DbType = Int32), @p50='?' (DbType = Int32), @p51='?' (DbType = Guid), @p52='?' (Precision = 18) (Scale = 2) (DbType = Decimal), @p53='?' (DbType = DateTime2)], CommandType='"Text"', CommandTimeout='30']
SET IMPLICIT_TRANSACTIONS OFF;
SET NOCOUNT ON;
MERGE [Orders] USING (
VALUES (@p0, @p1, @p2, @p3, @p4, @p5, @p6, @p7, @p8, 0),
(@p9, @p10, @p11, @p12, @p13, @p14, @p15, @p16, @p17, 1),
(@p18, @p19, @p20, @p21, @p22, @p23, @p24, @p25, @p26, 2),
(@p27, @p28, @p29, @p30, @p31, @p32, @p33, @p34, @p35, 3),
(@p36, @p37, @p38, @p39, @p40, @p41, @p42, @p43, @p44, 4),
(@p45, @p46, @p47, @p48, @p49, @p50, @p51, @p52, @p53, 5)) AS i ([BillingAddressId], [CreatedAt], [CustomerId], [SellerId], [ShippingAddressId], [Status], [SysmondOrderId], [TotalAmount], [UpdatedAt], _Position) ON 1=0
WHEN NOT MATCHED THEN
INSERT ([BillingAddressId], [CreatedAt], [CustomerId], [SellerId], [ShippingAddressId], [Status], [SysmondOrderId], [TotalAmount], [UpdatedAt])
VALUES (i.[BillingAddressId], i.[CreatedAt], i.[CustomerId], i.[SellerId], i.[ShippingAddressId], i.[Status], i.[SysmondOrderId], i.[TotalAmount], i.[UpdatedAt])
OUTPUT INSERTED.[Id], i._Position;
2026-08-14 13:01:13.457 +03:00 [ERR] An exception occurred in the database while saving changes for context type 'ECommerceManagement.Repository.Context.ECommerceDbContext'.
Microsoft.EntityFrameworkCore.DbUpdateException: An error occurred while saving the entity changes. See the inner exception for details.
 ---> Microsoft.Data.SqlClient.SqlException (0x80131904): The MERGE statement conflicted with the FOREIGN KEY constraint "FK_Orders_Customers_CustomerId". The conflict occurred in database "ECommerceDb", table "dbo.Customers", column 'Id'.
   at Microsoft.Data.SqlClient.SqlConnection.OnError(SqlException exception, Boolean breakConnection, Action`1 wrapCloseInAction)
   at Microsoft.Data.SqlClient.SqlInternalConnection.OnError(SqlException exception, Boolean breakConnection, Action`1 wrapCloseInAction)
   at Microsoft.Data.SqlClient.TdsParser.ThrowExceptionAndWarning(TdsParserStateObject stateObj, SqlCommand command, Boolean callerHasConnectionLock, Boolean asyncClose)
   at Microsoft.Data.SqlClient.TdsParser.TryRun(RunBehavior runBehavior, SqlCommand cmdHandler, SqlDataReader dataStream, BulkCopySimpleResultSet bulkCopyHandler, TdsParserStateObject stateObj, Boolean& dataReady)
   at Microsoft.Data.SqlClient.SqlDataReader.TryHasMoreRows(Boolean& moreRows)
   at Microsoft.Data.SqlClient.SqlDataReader.TryReadInternal(Boolean setTimeout, Boolean& more)
   at Microsoft.Data.SqlClient.SqlDataReader.ReadAsyncExecute(Task task, Object state)
   at Microsoft.Data.SqlClient.SqlDataReader.InvokeAsyncCall[T](SqlDataReaderBaseAsyncCallContext`1 context)
--- End of stack trace from previous location ---
   at Microsoft.EntityFrameworkCore.Update.AffectedCountModificationCommandBatch.ConsumeResultSetAsync(Int32 startCommandIndex, RelationalDataReader reader, CancellationToken cancellationToken)
ClientConnectionId:614cddb1-596a-477a-9f9e-8e208cc7503d
Hata Numarası: 547,Durum: 0,Sınıf:16
   --- End of inner exception stack trace ---
   at Microsoft.EntityFrameworkCore.Update.AffectedCountModificationCommandBatch.ConsumeResultSetAsync(Int32 startCommandIndex, RelationalDataReader reader, CancellationToken cancellationToken)
   at Microsoft.EntityFrameworkCore.Update.AffectedCountModificationCommandBatch.ConsumeAsync(RelationalDataReader reader, CancellationToken cancellationToken)
   at Microsoft.EntityFrameworkCore.Update.ReaderModificationCommandBatch.ExecuteAsync(IRelationalConnection connection, CancellationToken cancellationToken)
   at Microsoft.EntityFrameworkCore.Update.ReaderModificationCommandBatch.ExecuteAsync(IRelationalConnection connection, CancellationToken cancellationToken)
   at Microsoft.EntityFrameworkCore.SqlServer.Update.Internal.SqlServerModificationCommandBatch.ExecuteAsync(IRelationalConnection connection, CancellationToken cancellationToken)
   at Microsoft.EntityFrameworkCore.Update.Internal.BatchExecutor.ExecuteAsync(IEnumerable`1 commandBatches, IRelationalConnection connection, CancellationToken cancellationToken)
   at Microsoft.EntityFrameworkCore.Update.Internal.BatchExecutor.ExecuteAsync(IEnumerable`1 commandBatches, IRelationalConnection connection, CancellationToken cancellationToken)
   at Microsoft.EntityFrameworkCore.Update.Internal.BatchExecutor.ExecuteAsync(IEnumerable`1 commandBatches, IRelationalConnection connection, CancellationToken cancellationToken)
   at Microsoft.EntityFrameworkCore.Storage.RelationalDatabase.SaveChangesAsync(IList`1 entries, CancellationToken cancellationToken)
   at Microsoft.EntityFrameworkCore.ChangeTracking.Internal.StateManager.SaveChangesAsync(IList`1 entriesToSave, CancellationToken cancellationToken)
   at Microsoft.EntityFrameworkCore.ChangeTracking.Internal.StateManager.SaveChangesAsync(StateManager stateManager, Boolean acceptAllChangesOnSuccess, CancellationToken cancellationToken)
   at Microsoft.EntityFrameworkCore.SqlServer.Storage.Internal.SqlServerExecutionStrategy.ExecuteAsync[TState,TResult](TState state, Func`4 operation, Func`4 verifySucceeded, CancellationToken cancellationToken)
   at Microsoft.EntityFrameworkCore.DbContext.SaveChangesAsync(Boolean acceptAllChangesOnSuccess, CancellationToken cancellationToken)
Microsoft.EntityFrameworkCore.DbUpdateException: An error occurred while saving the entity changes. See the inner exception for details.
 ---> Microsoft.Data.SqlClient.SqlException (0x80131904): The MERGE statement conflicted with the FOREIGN KEY constraint "FK_Orders_Customers_CustomerId". The conflict occurred in database "ECommerceDb", table "dbo.Customers", column 'Id'.
   at Microsoft.Data.SqlClient.SqlConnection.OnError(SqlException exception, Boolean breakConnection, Action`1 wrapCloseInAction)
   at Microsoft.Data.SqlClient.SqlInternalConnection.OnError(SqlException exception, Boolean breakConnection, Action`1 wrapCloseInAction)
   at Microsoft.Data.SqlClient.TdsParser.ThrowExceptionAndWarning(TdsParserStateObject stateObj, SqlCommand command, Boolean callerHasConnectionLock, Boolean asyncClose)
   at Microsoft.Data.SqlClient.TdsParser.TryRun(RunBehavior runBehavior, SqlCommand cmdHandler, SqlDataReader dataStream, BulkCopySimpleResultSet bulkCopyHandler, TdsParserStateObject stateObj, Boolean& dataReady)
   at Microsoft.Data.SqlClient.SqlDataReader.TryHasMoreRows(Boolean& moreRows)
   at Microsoft.Data.SqlClient.SqlDataReader.TryReadInternal(Boolean setTimeout, Boolean& more)
   at Microsoft.Data.SqlClient.SqlDataReader.ReadAsyncExecute(Task task, Object state)
   at Microsoft.Data.SqlClient.SqlDataReader.InvokeAsyncCall[T](SqlDataReaderBaseAsyncCallContext`1 context)
--- End of stack trace from previous location ---
   at Microsoft.EntityFrameworkCore.Update.AffectedCountModificationCommandBatch.ConsumeResultSetAsync(Int32 startCommandIndex, RelationalDataReader reader, CancellationToken cancellationToken)
ClientConnectionId:614cddb1-596a-477a-9f9e-8e208cc7503d
Hata Numarası: 547,Durum: 0,Sınıf:16
   --- End of inner exception stack trace ---
   at Microsoft.EntityFrameworkCore.Update.AffectedCountModificationCommandBatch.ConsumeResultSetAsync(Int32 startCommandIndex, RelationalDataReader reader, CancellationToken cancellationToken)
   at Microsoft.EntityFrameworkCore.Update.AffectedCountModificationCommandBatch.ConsumeAsync(RelationalDataReader reader, CancellationToken cancellationToken)
   at Microsoft.EntityFrameworkCore.Update.ReaderModificationCommandBatch.ExecuteAsync(IRelationalConnection connection, CancellationToken cancellationToken)
   at Microsoft.EntityFrameworkCore.Update.ReaderModificationCommandBatch.ExecuteAsync(IRelationalConnection connection, CancellationToken cancellationToken)
   at Microsoft.EntityFrameworkCore.SqlServer.Update.Internal.SqlServerModificationCommandBatch.ExecuteAsync(IRelationalConnection connection, CancellationToken cancellationToken)
   at Microsoft.EntityFrameworkCore.Update.Internal.BatchExecutor.ExecuteAsync(IEnumerable`1 commandBatches, IRelationalConnection connection, CancellationToken cancellationToken)
   at Microsoft.EntityFrameworkCore.Update.Internal.BatchExecutor.ExecuteAsync(IEnumerable`1 commandBatches, IRelationalConnection connection, CancellationToken cancellationToken)
   at Microsoft.EntityFrameworkCore.Update.Internal.BatchExecutor.ExecuteAsync(IEnumerable`1 commandBatches, IRelationalConnection connection, CancellationToken cancellationToken)
   at Microsoft.EntityFrameworkCore.Storage.RelationalDatabase.SaveChangesAsync(IList`1 entries, CancellationToken cancellationToken)
   at Microsoft.EntityFrameworkCore.ChangeTracking.Internal.StateManager.SaveChangesAsync(IList`1 entriesToSave, CancellationToken cancellationToken)
   at Microsoft.EntityFrameworkCore.ChangeTracking.Internal.StateManager.SaveChangesAsync(StateManager stateManager, Boolean acceptAllChangesOnSuccess, CancellationToken cancellationToken)
   at Microsoft.EntityFrameworkCore.SqlServer.Storage.Internal.SqlServerExecutionStrategy.ExecuteAsync[TState,TResult](TState state, Func`4 operation, Func`4 verifySucceeded, CancellationToken cancellationToken)
   at Microsoft.EntityFrameworkCore.DbContext.SaveChangesAsync(Boolean acceptAllChangesOnSuccess, CancellationToken cancellationToken)
2026-08-14 13:01:13.459 +03:00 [INF] Executed action ECommerceManagement.Api.Controllers.CustomerOrderController.SyncOrders (ECommerceManagement.Api) in 1702.4645ms
2026-08-14 13:01:13.459 +03:00 [INF] Executed endpoint 'ECommerceManagement.Api.Controllers.CustomerOrderController.SyncOrders (ECommerceManagement.Api)'
2026-08-14 13:01:13.460 +03:00 [ERR] HTTP POST /api/CustomerOrder/sync-from-sysmond responded 500 in 1763.4309 ms
Microsoft.EntityFrameworkCore.DbUpdateException: An error occurred while saving the entity changes. See the inner exception for details.
 ---> Microsoft.Data.SqlClient.SqlException (0x80131904): The MERGE statement conflicted with the FOREIGN KEY constraint "FK_Orders_Customers_CustomerId". The conflict occurred in database "ECommerceDb", table "dbo.Customers", column 'Id'.
   at Microsoft.Data.SqlClient.SqlConnection.OnError(SqlException exception, Boolean breakConnection, Action`1 wrapCloseInAction)
   at Microsoft.Data.SqlClient.SqlInternalConnection.OnError(SqlException exception, Boolean breakConnection, Action`1 wrapCloseInAction)
   at Microsoft.Data.SqlClient.TdsParser.ThrowExceptionAndWarning(TdsParserStateObject stateObj, SqlCommand command, Boolean callerHasConnectionLock, Boolean asyncClose)
   at Microsoft.Data.SqlClient.TdsParser.TryRun(RunBehavior runBehavior, SqlCommand cmdHandler, SqlDataReader dataStream, BulkCopySimpleResultSet bulkCopyHandler, TdsParserStateObject stateObj, Boolean& dataReady)
   at Microsoft.Data.SqlClient.SqlDataReader.TryHasMoreRows(Boolean& moreRows)
   at Microsoft.Data.SqlClient.SqlDataReader.TryReadInternal(Boolean setTimeout, Boolean& more)
   at Microsoft.Data.SqlClient.SqlDataReader.ReadAsyncExecute(Task task, Object state)
   at Microsoft.Data.SqlClient.SqlDataReader.InvokeAsyncCall[T](SqlDataReaderBaseAsyncCallContext`1 context)
--- End of stack trace from previous location ---
   at Microsoft.EntityFrameworkCore.Update.AffectedCountModificationCommandBatch.ConsumeResultSetAsync(Int32 startCommandIndex, RelationalDataReader reader, CancellationToken cancellationToken)
ClientConnectionId:614cddb1-596a-477a-9f9e-8e208cc7503d
Hata Numarası: 547,Durum: 0,Sınıf:16
   --- End of inner exception stack trace ---
   at Microsoft.EntityFrameworkCore.Update.AffectedCountModificationCommandBatch.ConsumeResultSetAsync(Int32 startCommandIndex, RelationalDataReader reader, CancellationToken cancellationToken)
   at Microsoft.EntityFrameworkCore.Update.AffectedCountModificationCommandBatch.ConsumeAsync(RelationalDataReader reader, CancellationToken cancellationToken)
   at Microsoft.EntityFrameworkCore.Update.ReaderModificationCommandBatch.ExecuteAsync(IRelationalConnection connection, CancellationToken cancellationToken)
   at Microsoft.EntityFrameworkCore.Update.ReaderModificationCommandBatch.ExecuteAsync(IRelationalConnection connection, CancellationToken cancellationToken)
   at Microsoft.EntityFrameworkCore.SqlServer.Update.Internal.SqlServerModificationCommandBatch.ExecuteAsync(IRelationalConnection connection, CancellationToken cancellationToken)
   at Microsoft.EntityFrameworkCore.Update.Internal.BatchExecutor.ExecuteAsync(IEnumerable`1 commandBatches, IRelationalConnection connection, CancellationToken cancellationToken)
   at Microsoft.EntityFrameworkCore.Update.Internal.BatchExecutor.ExecuteAsync(IEnumerable`1 commandBatches, IRelationalConnection connection, CancellationToken cancellationToken)
   at Microsoft.EntityFrameworkCore.Update.Internal.BatchExecutor.ExecuteAsync(IEnumerable`1 commandBatches, IRelationalConnection connection, CancellationToken cancellationToken)
   at Microsoft.EntityFrameworkCore.Storage.RelationalDatabase.SaveChangesAsync(IList`1 entries, CancellationToken cancellationToken)
   at Microsoft.EntityFrameworkCore.ChangeTracking.Internal.StateManager.SaveChangesAsync(IList`1 entriesToSave, CancellationToken cancellationToken)
   at Microsoft.EntityFrameworkCore.ChangeTracking.Internal.StateManager.SaveChangesAsync(StateManager stateManager, Boolean acceptAllChangesOnSuccess, CancellationToken cancellationToken)
   at Microsoft.EntityFrameworkCore.SqlServer.Storage.Internal.SqlServerExecutionStrategy.ExecuteAsync[TState,TResult](TState state, Func`4 operation, Func`4 verifySucceeded, CancellationToken cancellationToken)
   at Microsoft.EntityFrameworkCore.DbContext.SaveChangesAsync(Boolean acceptAllChangesOnSuccess, CancellationToken cancellationToken)
   at Microsoft.EntityFrameworkCore.DbContext.SaveChangesAsync(Boolean acceptAllChangesOnSuccess, CancellationToken cancellationToken)
   at ECommerceManagement.Repository.Repositories.UnitOfWork.SaveChangesAsync() in /Users/yigit/RiderProjects/ECommerceManagement/src/ECommerceManagement.Repository/Repositories/UnitOfWork.cs:line 17
   at ECommerceManagement.Application.Services.CustomerOrderService.SyncOrdersFromSysmondAsync() in /Users/yigit/RiderProjects/ECommerceManagement/src/ECommerceManagement.Application/Services/CustomerOrderService.cs:line 374
   at ECommerceManagement.Api.Controllers.CustomerOrderController.SyncOrders() in /Users/yigit/RiderProjects/ECommerceManagement/src/ECommerceManagement.Api/Controllers/CustomerOrderController.cs:line 24
   at Microsoft.AspNetCore.Mvc.Infrastructure.ActionMethodExecutor.TaskOfIActionResultExecutor.Execute(ActionContext actionContext, IActionResultTypeMapper mapper, ObjectMethodExecutor executor, Object controller, Object[] arguments)
   at Microsoft.AspNetCore.Mvc.Infrastructure.ControllerActionInvoker.<InvokeActionMethodAsync>g__Awaited|12_0(ControllerActionInvoker invoker, ValueTask`1 actionResultValueTask)
   at Microsoft.AspNetCore.Mvc.Infrastructure.ControllerActionInvoker.<InvokeNextActionFilterAsync>g__Awaited|10_0(ControllerActionInvoker invoker, Task lastTask, State next, Scope scope, Object state, Boolean isCompleted)
   at Microsoft.AspNetCore.Mvc.Infrastructure.ControllerActionInvoker.Rethrow(ActionExecutedContextSealed context)
   at Microsoft.AspNetCore.Mvc.Infrastructure.ControllerActionInvoker.Next(State& next, Scope& scope, Object& state, Boolean& isCompleted)
   at Microsoft.AspNetCore.Mvc.Infrastructure.ControllerActionInvoker.<InvokeInnerFilterAsync>g__Awaited|13_0(ControllerActionInvoker invoker, Task lastTask, State next, Scope scope, Object state, Boolean isCompleted)
   at Microsoft.AspNetCore.Mvc.Infrastructure.ResourceInvoker.<InvokeFilterPipelineAsync>g__Awaited|20_0(ResourceInvoker invoker, Task lastTask, State next, Scope scope, Object state, Boolean isCompleted)
   at Microsoft.AspNetCore.Mvc.Infrastructure.ResourceInvoker.<InvokeAsync>g__Logged|17_1(ResourceInvoker invoker)
   at Microsoft.AspNetCore.Mvc.Infrastructure.ResourceInvoker.<InvokeAsync>g__Logged|17_1(ResourceInvoker invoker)
   at Microsoft.AspNetCore.Routing.EndpointMiddleware.<Invoke>g__AwaitRequestTask|7_0(Endpoint endpoint, Task requestTask, ILogger logger)
   at Microsoft.AspNetCore.Authorization.AuthorizationMiddleware.Invoke(HttpContext context)
   at Microsoft.AspNetCore.Authentication.AuthenticationMiddleware.Invoke(HttpContext context)
   at Swashbuckle.AspNetCore.SwaggerUI.SwaggerUIMiddleware.Invoke(HttpContext httpContext)
   at Swashbuckle.AspNetCore.Swagger.SwaggerMiddleware.Invoke(HttpContext httpContext, ISwaggerProvider swaggerProvider)
   at Serilog.AspNetCore.RequestLoggingMiddleware.Invoke(HttpContext httpContext)
2026-08-14 13:01:13.463 +03:00 [ERR] An unhandled exception has occurred while executing the request.
Microsoft.EntityFrameworkCore.DbUpdateException: An error occurred while saving the entity changes. See the inner exception for details.
 ---> Microsoft.Data.SqlClient.SqlException (0x80131904): The MERGE statement conflicted with the FOREIGN KEY constraint "FK_Orders_Customers_CustomerId". The conflict occurred in database "ECommerceDb", table "dbo.Customers", column 'Id'.
   at Microsoft.Data.SqlClient.SqlConnection.OnError(SqlException exception, Boolean breakConnection, Action`1 wrapCloseInAction)
   at Microsoft.Data.SqlClient.SqlInternalConnection.OnError(SqlException exception, Boolean breakConnection, Action`1 wrapCloseInAction)
   at Microsoft.Data.SqlClient.TdsParser.ThrowExceptionAndWarning(TdsParserStateObject stateObj, SqlCommand command, Boolean callerHasConnectionLock, Boolean asyncClose)
   at Microsoft.Data.SqlClient.TdsParser.TryRun(RunBehavior runBehavior, SqlCommand cmdHandler, SqlDataReader dataStream, BulkCopySimpleResultSet bulkCopyHandler, TdsParserStateObject stateObj, Boolean& dataReady)
   at Microsoft.Data.SqlClient.SqlDataReader.TryHasMoreRows(Boolean& moreRows)
   at Microsoft.Data.SqlClient.SqlDataReader.TryReadInternal(Boolean setTimeout, Boolean& more)
   at Microsoft.Data.SqlClient.SqlDataReader.ReadAsyncExecute(Task task, Object state)
   at Microsoft.Data.SqlClient.SqlDataReader.InvokeAsyncCall[T](SqlDataReaderBaseAsyncCallContext`1 context)
--- End of stack trace from previous location ---
   at Microsoft.EntityFrameworkCore.Update.AffectedCountModificationCommandBatch.ConsumeResultSetAsync(Int32 startCommandIndex, RelationalDataReader reader, CancellationToken cancellationToken)
ClientConnectionId:614cddb1-596a-477a-9f9e-8e208cc7503d
Hata Numarası: 547,Durum: 0,Sınıf:16
   --- End of inner exception stack trace ---
   at Microsoft.EntityFrameworkCore.Update.AffectedCountModificationCommandBatch.ConsumeResultSetAsync(Int32 startCommandIndex, RelationalDataReader reader, CancellationToken cancellationToken)
   at Microsoft.EntityFrameworkCore.Update.AffectedCountModificationCommandBatch.ConsumeAsync(RelationalDataReader reader, CancellationToken cancellationToken)
   at Microsoft.EntityFrameworkCore.Update.ReaderModificationCommandBatch.ExecuteAsync(IRelationalConnection connection, CancellationToken cancellationToken)
   at Microsoft.EntityFrameworkCore.Update.ReaderModificationCommandBatch.ExecuteAsync(IRelationalConnection connection, CancellationToken cancellationToken)
   at Microsoft.EntityFrameworkCore.SqlServer.Update.Internal.SqlServerModificationCommandBatch.ExecuteAsync(IRelationalConnection connection, CancellationToken cancellationToken)
   at Microsoft.EntityFrameworkCore.Update.Internal.BatchExecutor.ExecuteAsync(IEnumerable`1 commandBatches, IRelationalConnection connection, CancellationToken cancellationToken)
   at Microsoft.EntityFrameworkCore.Update.Internal.BatchExecutor.ExecuteAsync(IEnumerable`1 commandBatches, IRelationalConnection connection, CancellationToken cancellationToken)
   at Microsoft.EntityFrameworkCore.Update.Internal.BatchExecutor.ExecuteAsync(IEnumerable`1 commandBatches, IRelationalConnection connection, CancellationToken cancellationToken)
   at Microsoft.EntityFrameworkCore.Storage.RelationalDatabase.SaveChangesAsync(IList`1 entries, CancellationToken cancellationToken)
   at Microsoft.EntityFrameworkCore.ChangeTracking.Internal.StateManager.SaveChangesAsync(IList`1 entriesToSave, CancellationToken cancellationToken)
   at Microsoft.EntityFrameworkCore.ChangeTracking.Internal.StateManager.SaveChangesAsync(StateManager stateManager, Boolean acceptAllChangesOnSuccess, CancellationToken cancellationToken)
   at Microsoft.EntityFrameworkCore.SqlServer.Storage.Internal.SqlServerExecutionStrategy.ExecuteAsync[TState,TResult](TState state, Func`4 operation, Func`4 verifySucceeded, CancellationToken cancellationToken)
   at Microsoft.EntityFrameworkCore.DbContext.SaveChangesAsync(Boolean acceptAllChangesOnSuccess, CancellationToken cancellationToken)
   at Microsoft.EntityFrameworkCore.DbContext.SaveChangesAsync(Boolean acceptAllChangesOnSuccess, CancellationToken cancellationToken)
   at ECommerceManagement.Repository.Repositories.UnitOfWork.SaveChangesAsync() in /Users/yigit/RiderProjects/ECommerceManagement/src/ECommerceManagement.Repository/Repositories/UnitOfWork.cs:line 17
   at ECommerceManagement.Application.Services.CustomerOrderService.SyncOrdersFromSysmondAsync() in /Users/yigit/RiderProjects/ECommerceManagement/src/ECommerceManagement.Application/Services/CustomerOrderService.cs:line 374
   at ECommerceManagement.Api.Controllers.CustomerOrderController.SyncOrders() in /Users/yigit/RiderProjects/ECommerceManagement/src/ECommerceManagement.Api/Controllers/CustomerOrderController.cs:line 24
   at Microsoft.AspNetCore.Mvc.Infrastructure.ActionMethodExecutor.TaskOfIActionResultExecutor.Execute(ActionContext actionContext, IActionResultTypeMapper mapper, ObjectMethodExecutor executor, Object controller, Object[] arguments)
   at Microsoft.AspNetCore.Mvc.Infrastructure.ControllerActionInvoker.<InvokeActionMethodAsync>g__Awaited|12_0(ControllerActionInvoker invoker, ValueTask`1 actionResultValueTask)
   at Microsoft.AspNetCore.Mvc.Infrastructure.ControllerActionInvoker.<InvokeNextActionFilterAsync>g__Awaited|10_0(ControllerActionInvoker invoker, Task lastTask, State next, Scope scope, Object state, Boolean isCompleted)
   at Microsoft.AspNetCore.Mvc.Infrastructure.ControllerActionInvoker.Rethrow(ActionExecutedContextSealed context)
   at Microsoft.AspNetCore.Mvc.Infrastructure.ControllerActionInvoker.Next(State& next, Scope& scope, Object& state, Boolean& isCompleted)
   at Microsoft.AspNetCore.Mvc.Infrastructure.ControllerActionInvoker.<InvokeInnerFilterAsync>g__Awaited|13_0(ControllerActionInvoker invoker, Task lastTask, State next, Scope scope, Object state, Boolean isCompleted)
   at Microsoft.AspNetCore.Mvc.Infrastructure.ResourceInvoker.<InvokeFilterPipelineAsync>g__Awaited|20_0(ResourceInvoker invoker, Task lastTask, State next, Scope scope, Object state, Boolean isCompleted)
   at Microsoft.AspNetCore.Mvc.Infrastructure.ResourceInvoker.<InvokeAsync>g__Logged|17_1(ResourceInvoker invoker)
   at Microsoft.AspNetCore.Mvc.Infrastructure.ResourceInvoker.<InvokeAsync>g__Logged|17_1(ResourceInvoker invoker)
   at Microsoft.AspNetCore.Routing.EndpointMiddleware.<Invoke>g__AwaitRequestTask|7_0(Endpoint endpoint, Task requestTask, ILogger logger)
   at Microsoft.AspNetCore.Authorization.AuthorizationMiddleware.Invoke(HttpContext context)
   at Microsoft.AspNetCore.Authentication.AuthenticationMiddleware.Invoke(HttpContext context)
   at Swashbuckle.AspNetCore.SwaggerUI.SwaggerUIMiddleware.Invoke(HttpContext httpContext)
   at Swashbuckle.AspNetCore.Swagger.SwaggerMiddleware.Invoke(HttpContext httpContext, ISwaggerProvider swaggerProvider)
   at Serilog.AspNetCore.RequestLoggingMiddleware.Invoke(HttpContext httpContext)
   at Microsoft.AspNetCore.Diagnostics.DeveloperExceptionPageMiddlewareImpl.Invoke(HttpContext context)
2026-08-14 13:01:13.465 +03:00 [INF] Request finished HTTP/1.1 POST http://localhost:5275/api/CustomerOrder/sync-from-sysmond - 500 null text/plain; charset=utf-8 1769.9095ms
2026-08-14 13:02:40.279 +03:00 [INF] Application is shutting down...
2026-08-14 13:02:43.064 +03:00 [INF] Executed DbCommand (18ms) [Parameters=[], CommandType='"Text"', CommandTimeout='30']
SELECT CASE
    WHEN EXISTS (
        SELECT 1
        FROM [Users] AS [u]
        WHERE [u].[Email] = N'superadmin@sistem.com') THEN CAST(1 AS bit)
    ELSE CAST(0 AS bit)
END
2026-08-14 13:02:43.090 +03:00 [INF] Executed DbCommand (2ms) [Parameters=[], CommandType='"Text"', CommandTimeout='30']
SELECT CASE
    WHEN EXISTS (
        SELECT 1
        FROM [Users] AS [u]
        WHERE [u].[Email] = N'admin@sistem.com') THEN CAST(1 AS bit)
    ELSE CAST(0 AS bit)
END
2026-08-14 13:02:43.095 +03:00 [INF] User profile is available. Using '/Users/yigit/.aspnet/DataProtection-Keys' as key repository; keys will not be encrypted at rest.
2026-08-14 13:02:43.115 +03:00 [INF] Now listening on: http://localhost:5275
2026-08-14 13:02:43.115 +03:00 [INF] Application started. Press Ctrl+C to shut down.
2026-08-14 13:02:43.115 +03:00 [INF] Hosting environment: Development
2026-08-14 13:02:43.115 +03:00 [INF] Content root path: /Users/yigit/RiderProjects/ECommerceManagement/src/ECommerceManagement.Api
2026-08-14 13:02:47.578 +03:00 [INF] Request starting HTTP/1.1 POST http://localhost:5275/api/CustomerOrder/sync-from-sysmond - null 0
2026-08-14 13:02:47.598 +03:00 [WRN] Failed to determine the https port for redirect.
2026-08-14 13:02:47.626 +03:00 [INF] Executing endpoint 'ECommerceManagement.Api.Controllers.CustomerOrderController.SyncOrders (ECommerceManagement.Api)'
2026-08-14 13:02:47.632 +03:00 [INF] Route matched with {action = "SyncOrders", controller = "CustomerOrder"}. Executing controller action with signature System.Threading.Tasks.Task`1[Microsoft.AspNetCore.Mvc.IActionResult] SyncOrders() on controller ECommerceManagement.Api.Controllers.CustomerOrderController (ECommerceManagement.Api).
2026-08-14 13:02:48.080 +03:00 [INF] Executed DbCommand (11ms) [Parameters=[], CommandType='"Text"', CommandTimeout='30']
SELECT [o].[Id], [o].[BillingAddressId], [o].[CreatedAt], [o].[CustomerId], [o].[SellerId], [o].[ShippingAddressId], [o].[Status], [o].[SysmondOrderId], [o].[TotalAmount], [o].[UpdatedAt], [o0].[Id], [o0].[CreatedAt], [o0].[LineTotal], [o0].[OrderId], [o0].[ProductId], [o0].[Quantity], [o0].[SysmondOrderItemId], [o0].[UnitPrice]
FROM [Orders] AS [o]
LEFT JOIN [OrderItems] AS [o0] ON [o].[Id] = [o0].[OrderId]
ORDER BY [o].[Id]
2026-08-14 13:02:48.112 +03:00 [INF] Executed DbCommand (4ms) [Parameters=[], CommandType='"Text"', CommandTimeout='30']
SELECT [p].[Id], [p].[CategoryId], [p].[CreatedAt], [p].[IsActive], [p].[Name], [p].[Price], [p].[Quantity], [p].[SellerId], [p].[Sku], [p].[SysmondStockId], [p].[UpdatedAt], [p].[WarehouseId]
FROM [Products] AS [p]
2026-08-14 13:02:48.569 +03:00 [INF] Executed DbCommand (9ms) [Parameters=[@p0='?' (DbType = Int32), @p1='?' (DbType = DateTime2), @p2='?' (DbType = Int32), @p3='?' (DbType = Int32), @p4='?' (DbType = Int32), @p5='?' (DbType = Int32), @p6='?' (DbType = Guid), @p7='?' (Precision = 18) (Scale = 2) (DbType = Decimal), @p8='?' (DbType = DateTime2), @p9='?' (DbType = Int32), @p10='?' (DbType = DateTime2), @p11='?' (DbType = Int32), @p12='?' (DbType = Int32), @p13='?' (DbType = Int32), @p14='?' (DbType = Int32), @p15='?' (DbType = Guid), @p16='?' (Precision = 18) (Scale = 2) (DbType = Decimal), @p17='?' (DbType = DateTime2), @p18='?' (DbType = Int32), @p19='?' (DbType = DateTime2), @p20='?' (DbType = Int32), @p21='?' (DbType = Int32), @p22='?' (DbType = Int32), @p23='?' (DbType = Int32), @p24='?' (DbType = Guid), @p25='?' (Precision = 18) (Scale = 2) (DbType = Decimal), @p26='?' (DbType = DateTime2), @p27='?' (DbType = Int32), @p28='?' (DbType = DateTime2), @p29='?' (DbType = Int32), @p30='?' (DbType = Int32), @p31='?' (DbType = Int32), @p32='?' (DbType = Int32), @p33='?' (DbType = Guid), @p34='?' (Precision = 18) (Scale = 2) (DbType = Decimal), @p35='?' (DbType = DateTime2), @p36='?' (DbType = Int32), @p37='?' (DbType = DateTime2), @p38='?' (DbType = Int32), @p39='?' (DbType = Int32), @p40='?' (DbType = Int32), @p41='?' (DbType = Int32), @p42='?' (DbType = Guid), @p43='?' (Precision = 18) (Scale = 2) (DbType = Decimal), @p44='?' (DbType = DateTime2), @p45='?' (DbType = Int32), @p46='?' (DbType = DateTime2), @p47='?' (DbType = Int32), @p48='?' (DbType = Int32), @p49='?' (DbType = Int32), @p50='?' (DbType = Int32), @p51='?' (DbType = Guid), @p52='?' (Precision = 18) (Scale = 2) (DbType = Decimal), @p53='?' (DbType = DateTime2)], CommandType='"Text"', CommandTimeout='30']
SET IMPLICIT_TRANSACTIONS OFF;
SET NOCOUNT ON;
MERGE [Orders] USING (
VALUES (@p0, @p1, @p2, @p3, @p4, @p5, @p6, @p7, @p8, 0),
(@p9, @p10, @p11, @p12, @p13, @p14, @p15, @p16, @p17, 1),
(@p18, @p19, @p20, @p21, @p22, @p23, @p24, @p25, @p26, 2),
(@p27, @p28, @p29, @p30, @p31, @p32, @p33, @p34, @p35, 3),
(@p36, @p37, @p38, @p39, @p40, @p41, @p42, @p43, @p44, 4),
(@p45, @p46, @p47, @p48, @p49, @p50, @p51, @p52, @p53, 5)) AS i ([BillingAddressId], [CreatedAt], [CustomerId], [SellerId], [ShippingAddressId], [Status], [SysmondOrderId], [TotalAmount], [UpdatedAt], _Position) ON 1=0
WHEN NOT MATCHED THEN
INSERT ([BillingAddressId], [CreatedAt], [CustomerId], [SellerId], [ShippingAddressId], [Status], [SysmondOrderId], [TotalAmount], [UpdatedAt])
VALUES (i.[BillingAddressId], i.[CreatedAt], i.[CustomerId], i.[SellerId], i.[ShippingAddressId], i.[Status], i.[SysmondOrderId], i.[TotalAmount], i.[UpdatedAt])
OUTPUT INSERTED.[Id], i._Position;
2026-08-14 13:02:48.603 +03:00 [INF] Executed DbCommand (28ms) [Parameters=[@p54='?' (DbType = DateTime2), @p55='?' (Precision = 18) (Scale = 2) (DbType = Decimal), @p56='?' (DbType = Int32), @p57='?' (DbType = Int32), @p58='?' (DbType = Int32), @p59='?' (DbType = Guid), @p60='?' (Precision = 18) (Scale = 2) (DbType = Decimal), @p61='?' (DbType = DateTime2), @p62='?' (Precision = 18) (Scale = 2) (DbType = Decimal), @p63='?' (DbType = Int32), @p64='?' (DbType = Int32), @p65='?' (DbType = Int32), @p66='?' (DbType = Guid), @p67='?' (Precision = 18) (Scale = 2) (DbType = Decimal), @p68='?' (DbType = DateTime2), @p69='?' (Precision = 18) (Scale = 2) (DbType = Decimal), @p70='?' (DbType = Int32), @p71='?' (DbType = Int32), @p72='?' (DbType = Int32), @p73='?' (DbType = Guid), @p74='?' (Precision = 18) (Scale = 2) (DbType = Decimal), @p75='?' (DbType = DateTime2), @p76='?' (Precision = 18) (Scale = 2) (DbType = Decimal), @p77='?' (DbType = Int32), @p78='?' (DbType = Int32), @p79='?' (DbType = Int32), @p80='?' (DbType = Guid), @p81='?' (Precision = 18) (Scale = 2) (DbType = Decimal), @p82='?' (DbType = DateTime2), @p83='?' (Precision = 18) (Scale = 2) (DbType = Decimal), @p84='?' (DbType = Int32), @p85='?' (DbType = Int32), @p86='?' (DbType = Int32), @p87='?' (DbType = Guid), @p88='?' (Precision = 18) (Scale = 2) (DbType = Decimal)], CommandType='"Text"', CommandTimeout='30']
SET IMPLICIT_TRANSACTIONS OFF;
SET NOCOUNT ON;
MERGE [OrderItems] USING (
VALUES (@p54, @p55, @p56, @p57, @p58, @p59, @p60, 0),
(@p61, @p62, @p63, @p64, @p65, @p66, @p67, 1),
(@p68, @p69, @p70, @p71, @p72, @p73, @p74, 2),
(@p75, @p76, @p77, @p78, @p79, @p80, @p81, 3),
(@p82, @p83, @p84, @p85, @p86, @p87, @p88, 4)) AS i ([CreatedAt], [LineTotal], [OrderId], [ProductId], [Quantity], [SysmondOrderItemId], [UnitPrice], _Position) ON 1=0
WHEN NOT MATCHED THEN
INSERT ([CreatedAt], [LineTotal], [OrderId], [ProductId], [Quantity], [SysmondOrderItemId], [UnitPrice])
VALUES (i.[CreatedAt], i.[LineTotal], i.[OrderId], i.[ProductId], i.[Quantity], i.[SysmondOrderItemId], i.[UnitPrice])
OUTPUT INSERTED.[Id], i._Position;
2026-08-14 13:02:48.617 +03:00 [INF] Executing OkObjectResult, writing value of type 'System.String'.
2026-08-14 13:02:48.619 +03:00 [INF] Executed action ECommerceManagement.Api.Controllers.CustomerOrderController.SyncOrders (ECommerceManagement.Api) in 986.4578ms
2026-08-14 13:02:48.620 +03:00 [INF] Executed endpoint 'ECommerceManagement.Api.Controllers.CustomerOrderController.SyncOrders (ECommerceManagement.Api)'
2026-08-14 13:02:48.621 +03:00 [INF] HTTP POST /api/CustomerOrder/sync-from-sysmond responded 200 in 1031.2403 ms
2026-08-14 13:02:48.623 +03:00 [INF] Request finished HTTP/1.1 POST http://localhost:5275/api/CustomerOrder/sync-from-sysmond - 200 null text/plain; charset=utf-8 1045.9075ms
2026-08-14 13:02:56.835 +03:00 [INF] Request starting HTTP/1.1 GET http://localhost:5275/api/CustomerOrder/orders?customerId=1 - null null
2026-08-14 13:02:56.841 +03:00 [INF] Executing endpoint 'ECommerceManagement.Api.Controllers.CustomerOrderController.GetMyOrders (ECommerceManagement.Api)'
2026-08-14 13:02:56.852 +03:00 [INF] Route matched with {action = "GetMyOrders", controller = "CustomerOrder"}. Executing controller action with signature System.Threading.Tasks.Task`1[Microsoft.AspNetCore.Mvc.IActionResult] GetMyOrders(Int32) on controller ECommerceManagement.Api.Controllers.CustomerOrderController (ECommerceManagement.Api).
2026-08-14 13:02:56.918 +03:00 [INF] Executed DbCommand (5ms) [Parameters=[@customerId='?' (DbType = Int32)], CommandType='"Text"', CommandTimeout='30']
SELECT [o].[Id], [o].[BillingAddressId], [o].[CreatedAt], [o].[CustomerId], [o].[SellerId], [o].[ShippingAddressId], [o].[Status], [o].[SysmondOrderId], [o].[TotalAmount], [o].[UpdatedAt], [c].[Id], [c].[CreatedAt], [c].[FirstName], [c].[LastName], [c].[Phone], [c].[UserId], [o0].[Id], [o0].[CreatedAt], [o0].[LineTotal], [o0].[OrderId], [o0].[ProductId], [o0].[Quantity], [o0].[SysmondOrderItemId], [o0].[UnitPrice]
FROM [Orders] AS [o]
INNER JOIN [Customers] AS [c] ON [o].[CustomerId] = [c].[Id]
LEFT JOIN [OrderItems] AS [o0] ON [o].[Id] = [o0].[OrderId]
WHERE [o].[CustomerId] = @customerId
ORDER BY [o].[Id], [c].[Id]
2026-08-14 13:02:57.038 +03:00 [INF] Executed DbCommand (11ms) [Parameters=[@productIds1='?' (DbType = Int32), @productIds2='?' (DbType = Int32), @productIds3='?' (DbType = Int32), @productIds4='?' (DbType = Int32)], CommandType='"Text"', CommandTimeout='30']
SELECT [p].[Id], [p].[CategoryId], [p].[CreatedAt], [p].[IsActive], [p].[Name], [p].[Price], [p].[Quantity], [p].[SellerId], [p].[Sku], [p].[SysmondStockId], [p].[UpdatedAt], [p].[WarehouseId]
FROM [Products] AS [p]
WHERE [p].[Id] IN (@productIds1, @productIds2, @productIds3, @productIds4)
2026-08-14 13:02:57.039 +03:00 [INF] Executing OkObjectResult, writing value of type 'System.Linq.Enumerable+OrderedIterator`2[[ECommerceManagement.Application.DTOs.Orders.OrderDto, ECommerceManagement.Application, Version=1.0.0.0, Culture=neutral, PublicKeyToken=null],[System.DateTime, System.Private.CoreLib, Version=10.0.0.0, Culture=neutral, PublicKeyToken=7cec85d7bea7798e]]'.
2026-08-14 13:02:57.048 +03:00 [INF] Executed action ECommerceManagement.Api.Controllers.CustomerOrderController.GetMyOrders (ECommerceManagement.Api) in 195.3474ms
2026-08-14 13:02:57.048 +03:00 [INF] Executed endpoint 'ECommerceManagement.Api.Controllers.CustomerOrderController.GetMyOrders (ECommerceManagement.Api)'
2026-08-14 13:02:57.048 +03:00 [INF] HTTP GET /api/CustomerOrder/orders responded 200 in 211.1534 ms
2026-08-14 13:02:57.048 +03:00 [INF] Request finished HTTP/1.1 GET http://localhost:5275/api/CustomerOrder/orders?customerId=1 - 200 null application/json; charset=utf-8 212.9622ms
2026-08-14 13:10:42.705 +03:00 [INF] Application is shutting down...
2026-08-14 13:10:45.521 +03:00 [INF] Executed DbCommand (14ms) [Parameters=[], CommandType='"Text"', CommandTimeout='30']
SELECT CASE
    WHEN EXISTS (
        SELECT 1
        FROM [Users] AS [u]
        WHERE [u].[Email] = N'superadmin@sistem.com') THEN CAST(1 AS bit)
    ELSE CAST(0 AS bit)
END
2026-08-14 13:10:45.543 +03:00 [INF] Executed DbCommand (3ms) [Parameters=[], CommandType='"Text"', CommandTimeout='30']
SELECT CASE
    WHEN EXISTS (
        SELECT 1
        FROM [Users] AS [u]
        WHERE [u].[Email] = N'admin@sistem.com') THEN CAST(1 AS bit)
    ELSE CAST(0 AS bit)
END
2026-08-14 13:10:45.547 +03:00 [INF] User profile is available. Using '/Users/yigit/.aspnet/DataProtection-Keys' as key repository; keys will not be encrypted at rest.
2026-08-14 13:10:45.566 +03:00 [INF] Now listening on: http://localhost:5275
2026-08-14 13:10:45.567 +03:00 [INF] Application started. Press Ctrl+C to shut down.
2026-08-14 13:10:45.567 +03:00 [INF] Hosting environment: Development
2026-08-14 13:10:45.567 +03:00 [INF] Content root path: /Users/yigit/RiderProjects/ECommerceManagement/src/ECommerceManagement.Api
2026-08-14 13:10:51.277 +03:00 [INF] Request starting HTTP/1.1 POST http://localhost:5275/api/CustomerOrder/sync-from-sysmond - null 0
2026-08-14 13:10:51.296 +03:00 [WRN] Failed to determine the https port for redirect.
2026-08-14 13:10:51.324 +03:00 [INF] Executing endpoint 'ECommerceManagement.Api.Controllers.CustomerOrderController.SyncOrders (ECommerceManagement.Api)'
2026-08-14 13:10:51.328 +03:00 [INF] Route matched with {action = "SyncOrders", controller = "CustomerOrder"}. Executing controller action with signature System.Threading.Tasks.Task`1[Microsoft.AspNetCore.Mvc.IActionResult] SyncOrders() on controller ECommerceManagement.Api.Controllers.CustomerOrderController (ECommerceManagement.Api).
2026-08-14 13:10:51.787 +03:00 [INF] Executed DbCommand (6ms) [Parameters=[], CommandType='"Text"', CommandTimeout='30']
SELECT [o].[Id], [o].[BillingAddressId], [o].[CreatedAt], [o].[CustomerId], [o].[SellerId], [o].[ShippingAddressId], [o].[Status], [o].[SysmondOrderId], [o].[TotalAmount], [o].[UpdatedAt], [o0].[Id], [o0].[CreatedAt], [o0].[LineTotal], [o0].[OrderId], [o0].[ProductId], [o0].[Quantity], [o0].[SysmondOrderItemId], [o0].[UnitPrice]
FROM [Orders] AS [o]
LEFT JOIN [OrderItems] AS [o0] ON [o].[Id] = [o0].[OrderId]
ORDER BY [o].[Id]
2026-08-14 13:10:51.819 +03:00 [INF] Executed DbCommand (4ms) [Parameters=[], CommandType='"Text"', CommandTimeout='30']
SELECT [p].[Id], [p].[CategoryId], [p].[CreatedAt], [p].[IsActive], [p].[Name], [p].[Price], [p].[Quantity], [p].[SellerId], [p].[Sku], [p].[SysmondStockId], [p].[UpdatedAt], [p].[WarehouseId]
FROM [Products] AS [p]
2026-08-14 13:10:51.905 +03:00 [INF] Executed DbCommand (42ms) [Parameters=[@p0='?' (DbType = Int32), @p1='?' (DbType = Int32)], CommandType='"Text"', CommandTimeout='30']
SET NOCOUNT ON;
DELETE FROM [OrderItems]
OUTPUT 1
WHERE [Id] = @p0;
DELETE FROM [Orders]
OUTPUT 1
WHERE [Id] = @p1;
2026-08-14 13:10:51.917 +03:00 [INF] Executing OkObjectResult, writing value of type 'System.String'.
2026-08-14 13:10:51.919 +03:00 [INF] Executed action ECommerceManagement.Api.Controllers.CustomerOrderController.SyncOrders (ECommerceManagement.Api) in 589.1282ms
2026-08-14 13:10:51.919 +03:00 [INF] Executed endpoint 'ECommerceManagement.Api.Controllers.CustomerOrderController.SyncOrders (ECommerceManagement.Api)'
2026-08-14 13:10:51.920 +03:00 [INF] HTTP POST /api/CustomerOrder/sync-from-sysmond responded 200 in 631.0410 ms
2026-08-14 13:10:51.921 +03:00 [INF] Request finished HTTP/1.1 POST http://localhost:5275/api/CustomerOrder/sync-from-sysmond - 200 null text/plain; charset=utf-8 645.5061ms
2026-08-14 13:10:55.066 +03:00 [INF] Request starting HTTP/1.1 GET http://localhost:5275/api/CustomerOrder/orders?customerId=1 - null null
2026-08-14 13:10:55.072 +03:00 [INF] Executing endpoint 'ECommerceManagement.Api.Controllers.CustomerOrderController.GetMyOrders (ECommerceManagement.Api)'
2026-08-14 13:10:55.080 +03:00 [INF] Route matched with {action = "GetMyOrders", controller = "CustomerOrder"}. Executing controller action with signature System.Threading.Tasks.Task`1[Microsoft.AspNetCore.Mvc.IActionResult] GetMyOrders(Int32) on controller ECommerceManagement.Api.Controllers.CustomerOrderController (ECommerceManagement.Api).
2026-08-14 13:10:55.147 +03:00 [INF] Executed DbCommand (5ms) [Parameters=[@customerId='?' (DbType = Int32)], CommandType='"Text"', CommandTimeout='30']
SELECT [o].[Id], [o].[BillingAddressId], [o].[CreatedAt], [o].[CustomerId], [o].[SellerId], [o].[ShippingAddressId], [o].[Status], [o].[SysmondOrderId], [o].[TotalAmount], [o].[UpdatedAt], [c].[Id], [c].[CreatedAt], [c].[FirstName], [c].[LastName], [c].[Phone], [c].[UserId], [o0].[Id], [o0].[CreatedAt], [o0].[LineTotal], [o0].[OrderId], [o0].[ProductId], [o0].[Quantity], [o0].[SysmondOrderItemId], [o0].[UnitPrice]
FROM [Orders] AS [o]
INNER JOIN [Customers] AS [c] ON [o].[CustomerId] = [c].[Id]
LEFT JOIN [OrderItems] AS [o0] ON [o].[Id] = [o0].[OrderId]
WHERE [o].[CustomerId] = @customerId
ORDER BY [o].[Id], [c].[Id]
2026-08-14 13:10:55.255 +03:00 [INF] Executed DbCommand (8ms) [Parameters=[@productIds1='?' (DbType = Int32), @productIds2='?' (DbType = Int32), @productIds3='?' (DbType = Int32)], CommandType='"Text"', CommandTimeout='30']
SELECT [p].[Id], [p].[CategoryId], [p].[CreatedAt], [p].[IsActive], [p].[Name], [p].[Price], [p].[Quantity], [p].[SellerId], [p].[Sku], [p].[SysmondStockId], [p].[UpdatedAt], [p].[WarehouseId]
FROM [Products] AS [p]
WHERE [p].[Id] IN (@productIds1, @productIds2, @productIds3)
2026-08-14 13:10:55.257 +03:00 [INF] Executing OkObjectResult, writing value of type 'System.Linq.Enumerable+OrderedIterator`2[[ECommerceManagement.Application.DTOs.Orders.OrderDto, ECommerceManagement.Application, Version=1.0.0.0, Culture=neutral, PublicKeyToken=null],[System.DateTime, System.Private.CoreLib, Version=10.0.0.0, Culture=neutral, PublicKeyToken=7cec85d7bea7798e]]'.
2026-08-14 13:10:55.266 +03:00 [INF] Executed action ECommerceManagement.Api.Controllers.CustomerOrderController.GetMyOrders (ECommerceManagement.Api) in 185.5879ms
2026-08-14 13:10:55.266 +03:00 [INF] Executed endpoint 'ECommerceManagement.Api.Controllers.CustomerOrderController.GetMyOrders (ECommerceManagement.Api)'
2026-08-14 13:10:55.266 +03:00 [INF] HTTP GET /api/CustomerOrder/orders responded 200 in 198.1766 ms
2026-08-14 13:10:55.266 +03:00 [INF] Request finished HTTP/1.1 GET http://localhost:5275/api/CustomerOrder/orders?customerId=1 - 200 null application/json; charset=utf-8 199.9791ms
2026-08-14 13:11:00.678 +03:00 [INF] Request starting HTTP/1.1 GET http://localhost:5275/api/CustomerOrder/orders?customerId=1 - null null
2026-08-14 13:11:00.684 +03:00 [INF] Executing endpoint 'ECommerceManagement.Api.Controllers.CustomerOrderController.GetMyOrders (ECommerceManagement.Api)'
2026-08-14 13:11:00.684 +03:00 [INF] Route matched with {action = "GetMyOrders", controller = "CustomerOrder"}. Executing controller action with signature System.Threading.Tasks.Task`1[Microsoft.AspNetCore.Mvc.IActionResult] GetMyOrders(Int32) on controller ECommerceManagement.Api.Controllers.CustomerOrderController (ECommerceManagement.Api).
2026-08-14 13:11:00.700 +03:00 [INF] Executed DbCommand (3ms) [Parameters=[@customerId='?' (DbType = Int32)], CommandType='"Text"', CommandTimeout='30']
SELECT [o].[Id], [o].[BillingAddressId], [o].[CreatedAt], [o].[CustomerId], [o].[SellerId], [o].[ShippingAddressId], [o].[Status], [o].[SysmondOrderId], [o].[TotalAmount], [o].[UpdatedAt], [c].[Id], [c].[CreatedAt], [c].[FirstName], [c].[LastName], [c].[Phone], [c].[UserId], [o0].[Id], [o0].[CreatedAt], [o0].[LineTotal], [o0].[OrderId], [o0].[ProductId], [o0].[Quantity], [o0].[SysmondOrderItemId], [o0].[UnitPrice]
FROM [Orders] AS [o]
INNER JOIN [Customers] AS [c] ON [o].[CustomerId] = [c].[Id]
LEFT JOIN [OrderItems] AS [o0] ON [o].[Id] = [o0].[OrderId]
WHERE [o].[CustomerId] = @customerId
ORDER BY [o].[Id], [c].[Id]
2026-08-14 13:11:00.772 +03:00 [INF] Executed DbCommand (4ms) [Parameters=[@productIds1='?' (DbType = Int32), @productIds2='?' (DbType = Int32), @productIds3='?' (DbType = Int32)], CommandType='"Text"', CommandTimeout='30']
SELECT [p].[Id], [p].[CategoryId], [p].[CreatedAt], [p].[IsActive], [p].[Name], [p].[Price], [p].[Quantity], [p].[SellerId], [p].[Sku], [p].[SysmondStockId], [p].[UpdatedAt], [p].[WarehouseId]
FROM [Products] AS [p]
WHERE [p].[Id] IN (@productIds1, @productIds2, @productIds3)
2026-08-14 13:11:00.773 +03:00 [INF] Executing OkObjectResult, writing value of type 'System.Linq.Enumerable+OrderedIterator`2[[ECommerceManagement.Application.DTOs.Orders.OrderDto, ECommerceManagement.Application, Version=1.0.0.0, Culture=neutral, PublicKeyToken=null],[System.DateTime, System.Private.CoreLib, Version=10.0.0.0, Culture=neutral, PublicKeyToken=7cec85d7bea7798e]]'.
2026-08-14 13:11:00.773 +03:00 [INF] Executed action ECommerceManagement.Api.Controllers.CustomerOrderController.GetMyOrders (ECommerceManagement.Api) in 89.4251ms
2026-08-14 13:11:00.773 +03:00 [INF] Executed endpoint 'ECommerceManagement.Api.Controllers.CustomerOrderController.GetMyOrders (ECommerceManagement.Api)'
2026-08-14 13:11:00.774 +03:00 [INF] HTTP GET /api/CustomerOrder/orders responded 200 in 95.1243 ms
2026-08-14 13:11:00.774 +03:00 [INF] Request finished HTTP/1.1 GET http://localhost:5275/api/CustomerOrder/orders?customerId=1 - 200 null application/json; charset=utf-8 95.6321ms
2026-08-14 13:15:32.907 +03:00 [INF] Application is shutting down...
2026-08-14 13:15:35.759 +03:00 [INF] Executed DbCommand (12ms) [Parameters=[], CommandType='"Text"', CommandTimeout='30']
SELECT CASE
    WHEN EXISTS (
        SELECT 1
        FROM [Users] AS [u]
        WHERE [u].[Email] = N'superadmin@sistem.com') THEN CAST(1 AS bit)
    ELSE CAST(0 AS bit)
END
2026-08-14 13:15:35.779 +03:00 [INF] Executed DbCommand (3ms) [Parameters=[], CommandType='"Text"', CommandTimeout='30']
SELECT CASE
    WHEN EXISTS (
        SELECT 1
        FROM [Users] AS [u]
        WHERE [u].[Email] = N'admin@sistem.com') THEN CAST(1 AS bit)
    ELSE CAST(0 AS bit)
END
2026-08-14 13:15:35.783 +03:00 [INF] User profile is available. Using '/Users/yigit/.aspnet/DataProtection-Keys' as key repository; keys will not be encrypted at rest.
2026-08-14 13:15:35.800 +03:00 [INF] Now listening on: http://localhost:5275
2026-08-14 13:15:35.801 +03:00 [INF] Application started. Press Ctrl+C to shut down.
2026-08-14 13:15:35.801 +03:00 [INF] Hosting environment: Development
2026-08-14 13:15:35.801 +03:00 [INF] Content root path: /Users/yigit/RiderProjects/ECommerceManagement/src/ECommerceManagement.Api
2026-08-14 13:15:43.100 +03:00 [INF] Request starting HTTP/1.1 POST http://localhost:5275/api/CustomerOrder/sync-from-sysmond - null 0
2026-08-14 13:15:43.112 +03:00 [WRN] Failed to determine the https port for redirect.
2026-08-14 13:15:43.139 +03:00 [INF] Executing endpoint 'ECommerceManagement.Api.Controllers.CustomerOrderController.SyncOrders (ECommerceManagement.Api)'
2026-08-14 13:15:43.147 +03:00 [INF] Route matched with {action = "SyncOrders", controller = "CustomerOrder"}. Executing controller action with signature System.Threading.Tasks.Task`1[Microsoft.AspNetCore.Mvc.IActionResult] SyncOrders() on controller ECommerceManagement.Api.Controllers.CustomerOrderController (ECommerceManagement.Api).
2026-08-14 13:15:43.666 +03:00 [INF] Executed DbCommand (8ms) [Parameters=[], CommandType='"Text"', CommandTimeout='30']
SELECT [o].[Id], [o].[BillingAddressId], [o].[CreatedAt], [o].[CustomerId], [o].[SellerId], [o].[ShippingAddressId], [o].[Status], [o].[SysmondOrderId], [o].[TotalAmount], [o].[UpdatedAt], [o0].[Id], [o0].[CreatedAt], [o0].[LineTotal], [o0].[OrderId], [o0].[ProductId], [o0].[Quantity], [o0].[SysmondOrderItemId], [o0].[UnitPrice]
FROM [Orders] AS [o]
LEFT JOIN [OrderItems] AS [o0] ON [o].[Id] = [o0].[OrderId]
ORDER BY [o].[Id]
2026-08-14 13:15:43.696 +03:00 [INF] Executed DbCommand (3ms) [Parameters=[], CommandType='"Text"', CommandTimeout='30']
SELECT [p].[Id], [p].[CategoryId], [p].[CreatedAt], [p].[IsActive], [p].[Name], [p].[Price], [p].[Quantity], [p].[SellerId], [p].[Sku], [p].[SysmondStockId], [p].[UpdatedAt], [p].[WarehouseId]
FROM [Products] AS [p]
2026-08-14 13:15:43.754 +03:00 [INF] Executed DbCommand (14ms) [Parameters=[@p9='?' (DbType = Int32), @p0='?' (DbType = Int32), @p1='?' (DbType = DateTime2), @p2='?' (DbType = Int32), @p3='?' (DbType = Int32), @p4='?' (DbType = Int32), @p5='?' (DbType = Int32), @p6='?' (DbType = Guid), @p7='?' (Precision = 18) (Scale = 2) (DbType = Decimal), @p8='?' (DbType = DateTime2)], CommandType='"Text"', CommandTimeout='30']
SET IMPLICIT_TRANSACTIONS OFF;
SET NOCOUNT ON;
UPDATE [Orders] SET [BillingAddressId] = @p0, [CreatedAt] = @p1, [CustomerId] = @p2, [SellerId] = @p3, [ShippingAddressId] = @p4, [Status] = @p5, [SysmondOrderId] = @p6, [TotalAmount] = @p7, [UpdatedAt] = @p8
OUTPUT 1
WHERE [Id] = @p9;
2026-08-14 13:15:43.759 +03:00 [INF] Executing OkObjectResult, writing value of type 'System.String'.
2026-08-14 13:15:43.762 +03:00 [INF] Executed action ECommerceManagement.Api.Controllers.CustomerOrderController.SyncOrders (ECommerceManagement.Api) in 613.5913ms
2026-08-14 13:15:43.762 +03:00 [INF] Executed endpoint 'ECommerceManagement.Api.Controllers.CustomerOrderController.SyncOrders (ECommerceManagement.Api)'
2026-08-14 13:15:43.763 +03:00 [INF] HTTP POST /api/CustomerOrder/sync-from-sysmond responded 200 in 655.2074 ms
2026-08-14 13:15:43.765 +03:00 [INF] Request finished HTTP/1.1 POST http://localhost:5275/api/CustomerOrder/sync-from-sysmond - 200 null text/plain; charset=utf-8 665.6626ms
2026-08-14 13:15:45.801 +03:00 [INF] Request starting HTTP/1.1 GET http://localhost:5275/api/CustomerOrder/orders?customerId=1 - null null
2026-08-14 13:15:45.807 +03:00 [INF] Executing endpoint 'ECommerceManagement.Api.Controllers.CustomerOrderController.GetMyOrders (ECommerceManagement.Api)'
2026-08-14 13:15:45.815 +03:00 [INF] Route matched with {action = "GetMyOrders", controller = "CustomerOrder"}. Executing controller action with signature System.Threading.Tasks.Task`1[Microsoft.AspNetCore.Mvc.IActionResult] GetMyOrders(Int32) on controller ECommerceManagement.Api.Controllers.CustomerOrderController (ECommerceManagement.Api).
2026-08-14 13:15:45.881 +03:00 [INF] Executed DbCommand (3ms) [Parameters=[@customerId='?' (DbType = Int32)], CommandType='"Text"', CommandTimeout='30']
SELECT [o].[Id], [o].[BillingAddressId], [o].[CreatedAt], [o].[CustomerId], [o].[SellerId], [o].[ShippingAddressId], [o].[Status], [o].[SysmondOrderId], [o].[TotalAmount], [o].[UpdatedAt], [c].[Id], [c].[CreatedAt], [c].[FirstName], [c].[LastName], [c].[Phone], [c].[UserId], [o0].[Id], [o0].[CreatedAt], [o0].[LineTotal], [o0].[OrderId], [o0].[ProductId], [o0].[Quantity], [o0].[SysmondOrderItemId], [o0].[UnitPrice]
FROM [Orders] AS [o]
INNER JOIN [Customers] AS [c] ON [o].[CustomerId] = [c].[Id]
LEFT JOIN [OrderItems] AS [o0] ON [o].[Id] = [o0].[OrderId]
WHERE [o].[CustomerId] = @customerId
ORDER BY [o].[Id], [c].[Id]
2026-08-14 13:15:45.989 +03:00 [INF] Executed DbCommand (3ms) [Parameters=[@productIds1='?' (DbType = Int32), @productIds2='?' (DbType = Int32), @productIds3='?' (DbType = Int32)], CommandType='"Text"', CommandTimeout='30']
SELECT [p].[Id], [p].[CategoryId], [p].[CreatedAt], [p].[IsActive], [p].[Name], [p].[Price], [p].[Quantity], [p].[SellerId], [p].[Sku], [p].[SysmondStockId], [p].[UpdatedAt], [p].[WarehouseId]
FROM [Products] AS [p]
WHERE [p].[Id] IN (@productIds1, @productIds2, @productIds3)
2026-08-14 13:15:45.990 +03:00 [INF] Executing OkObjectResult, writing value of type 'System.Linq.Enumerable+OrderedIterator`2[[ECommerceManagement.Application.DTOs.Orders.OrderDto, ECommerceManagement.Application, Version=1.0.0.0, Culture=neutral, PublicKeyToken=null],[System.DateTime, System.Private.CoreLib, Version=10.0.0.0, Culture=neutral, PublicKeyToken=7cec85d7bea7798e]]'.
2026-08-14 13:15:45.998 +03:00 [INF] Executed action ECommerceManagement.Api.Controllers.CustomerOrderController.GetMyOrders (ECommerceManagement.Api) in 183.4828ms
2026-08-14 13:15:45.998 +03:00 [INF] Executed endpoint 'ECommerceManagement.Api.Controllers.CustomerOrderController.GetMyOrders (ECommerceManagement.Api)'
2026-08-14 13:15:45.999 +03:00 [INF] HTTP GET /api/CustomerOrder/orders responded 200 in 196.0017 ms
2026-08-14 13:15:45.999 +03:00 [INF] Request finished HTTP/1.1 GET http://localhost:5275/api/CustomerOrder/orders?customerId=1 - 200 null application/json; charset=utf-8 198.0211ms
2026-08-14 13:16:08.364 +03:00 [INF] Request starting HTTP/1.1 PUT http://localhost:5275/api/CustomerOrder/cancel - application/json 38
2026-08-14 13:16:08.373 +03:00 [INF] Executing endpoint 'ECommerceManagement.Api.Controllers.CustomerOrderController.CancelOrder (ECommerceManagement.Api)'
2026-08-14 13:16:08.378 +03:00 [INF] Route matched with {action = "CancelOrder", controller = "CustomerOrder"}. Executing controller action with signature System.Threading.Tasks.Task`1[Microsoft.AspNetCore.Mvc.IActionResult] CancelOrder(ECommerceManagement.Application.DTOs.Orders.CancelOrderDto) on controller ECommerceManagement.Api.Controllers.CustomerOrderController (ECommerceManagement.Api).
2026-08-14 13:16:08.414 +03:00 [INF] Executed DbCommand (4ms) [Parameters=[@id='?' (DbType = Int32)], CommandType='"Text"', CommandTimeout='30']
SELECT [o1].[Id], [o1].[BillingAddressId], [o1].[CreatedAt], [o1].[CustomerId], [o1].[SellerId], [o1].[ShippingAddressId], [o1].[Status], [o1].[SysmondOrderId], [o1].[TotalAmount], [o1].[UpdatedAt], [o0].[Id], [o0].[CreatedAt], [o0].[LineTotal], [o0].[OrderId], [o0].[ProductId], [o0].[Quantity], [o0].[SysmondOrderItemId], [o0].[UnitPrice]
FROM (
    SELECT TOP(1) [o].[Id], [o].[BillingAddressId], [o].[CreatedAt], [o].[CustomerId], [o].[SellerId], [o].[ShippingAddressId], [o].[Status], [o].[SysmondOrderId], [o].[TotalAmount], [o].[UpdatedAt]
    FROM [Orders] AS [o]
    WHERE [o].[Id] = @id
) AS [o1]
LEFT JOIN [OrderItems] AS [o0] ON [o1].[Id] = [o0].[OrderId]
ORDER BY [o1].[Id]
2026-08-14 13:16:08.593 +03:00 [INF] Executed DbCommand (4ms) [Parameters=[@p='?' (DbType = Int32)], CommandType='"Text"', CommandTimeout='30']
SELECT TOP(1) [p].[Id], [p].[CategoryId], [p].[CreatedAt], [p].[IsActive], [p].[Name], [p].[Price], [p].[Quantity], [p].[SellerId], [p].[Sku], [p].[SysmondStockId], [p].[UpdatedAt], [p].[WarehouseId]
FROM [Products] AS [p]
WHERE [p].[Id] = @p
2026-08-14 13:16:08.643 +03:00 [INF] Executed DbCommand (6ms) [Parameters=[@p9='?' (DbType = Int32), @p0='?' (DbType = Int32), @p1='?' (DbType = DateTime2), @p2='?' (DbType = Int32), @p3='?' (DbType = Int32), @p4='?' (DbType = Int32), @p5='?' (DbType = Int32), @p6='?' (DbType = Guid), @p7='?' (Precision = 18) (Scale = 2) (DbType = Decimal), @p8='?' (DbType = DateTime2), @p10='?' (DbType = DateTime2), @p11='?' (DbType = Int32), @p12='?' (DbType = Int32), @p13='?' (DbType = Int32), @p14='?' (DbType = Int32), @p26='?' (DbType = Int32), @p15='?' (DbType = Int32), @p16='?' (DbType = DateTime2), @p17='?' (DbType = Boolean), @p18='?' (Size = 4000), @p19='?' (Precision = 18) (Scale = 2) (DbType = Decimal), @p20='?' (DbType = Int32), @p21='?' (DbType = Int32), @p22='?' (Size = 4000), @p23='?' (DbType = Guid), @p24='?' (DbType = DateTime2), @p25='?' (DbType = Int32)], CommandType='"Text"', CommandTimeout='30']
SET NOCOUNT ON;
UPDATE [Orders] SET [BillingAddressId] = @p0, [CreatedAt] = @p1, [CustomerId] = @p2, [SellerId] = @p3, [ShippingAddressId] = @p4, [Status] = @p5, [SysmondOrderId] = @p6, [TotalAmount] = @p7, [UpdatedAt] = @p8
OUTPUT 1
WHERE [Id] = @p9;
INSERT INTO [ProductMovements] ([CreatedAt], [MovementType], [ProductId], [Quantity], [ReferenceId])
OUTPUT INSERTED.[Id]
VALUES (@p10, @p11, @p12, @p13, @p14);
UPDATE [Products] SET [CategoryId] = @p15, [CreatedAt] = @p16, [IsActive] = @p17, [Name] = @p18, [Price] = @p19, [Quantity] = @p20, [SellerId] = @p21, [Sku] = @p22, [SysmondStockId] = @p23, [UpdatedAt] = @p24, [WarehouseId] = @p25
OUTPUT 1
WHERE [Id] = @p26;
2026-08-14 13:16:08.658 +03:00 [INF] Executing OkObjectResult, writing value of type '<>f__AnonymousType0`1[[System.String, System.Private.CoreLib, Version=10.0.0.0, Culture=neutral, PublicKeyToken=7cec85d7bea7798e]]'.
2026-08-14 13:16:08.660 +03:00 [INF] Executed action ECommerceManagement.Api.Controllers.CustomerOrderController.CancelOrder (ECommerceManagement.Api) in 281.3684ms
2026-08-14 13:16:08.660 +03:00 [INF] Executed endpoint 'ECommerceManagement.Api.Controllers.CustomerOrderController.CancelOrder (ECommerceManagement.Api)'
2026-08-14 13:16:08.660 +03:00 [INF] HTTP PUT /api/CustomerOrder/cancel responded 200 in 293.7302 ms
2026-08-14 13:16:08.660 +03:00 [INF] Request finished HTTP/1.1 PUT http://localhost:5275/api/CustomerOrder/cancel - 200 null application/json; charset=utf-8 296.7098ms
2026-08-14 13:28:23.594 +03:00 [INF] Application is shutting down...
2026-08-14 13:28:26.130 +03:00 [INF] Executed DbCommand (12ms) [Parameters=[], CommandType='"Text"', CommandTimeout='30']
SELECT CASE
    WHEN EXISTS (
        SELECT 1
        FROM [Users] AS [u]
        WHERE [u].[Email] = N'superadmin@sistem.com') THEN CAST(1 AS bit)
    ELSE CAST(0 AS bit)
END
2026-08-14 13:28:26.150 +03:00 [INF] Executed DbCommand (2ms) [Parameters=[], CommandType='"Text"', CommandTimeout='30']
SELECT CASE
    WHEN EXISTS (
        SELECT 1
        FROM [Users] AS [u]
        WHERE [u].[Email] = N'admin@sistem.com') THEN CAST(1 AS bit)
    ELSE CAST(0 AS bit)
END
2026-08-14 13:28:26.153 +03:00 [INF] User profile is available. Using '/Users/yigit/.aspnet/DataProtection-Keys' as key repository; keys will not be encrypted at rest.
2026-08-14 13:28:26.172 +03:00 [INF] Now listening on: http://localhost:5275
2026-08-14 13:28:26.172 +03:00 [INF] Application started. Press Ctrl+C to shut down.
2026-08-14 13:28:26.172 +03:00 [INF] Hosting environment: Development
2026-08-14 13:28:26.172 +03:00 [INF] Content root path: /Users/yigit/RiderProjects/ECommerceManagement/src/ECommerceManagement.Api
2026-08-14 13:28:33.036 +03:00 [INF] Request starting HTTP/1.1 GET http://localhost:5275/orders/pending?sellerId=1 - null null
2026-08-14 13:28:33.050 +03:00 [WRN] Failed to determine the https port for redirect.
2026-08-14 13:28:33.071 +03:00 [INF] Authorization failed. These requirements were not met:
RolesAuthorizationRequirement:User.IsInRole must be true for one of the following roles: (Seller)
2026-08-14 13:28:33.071 +03:00 [INF] AuthenticationScheme: Bearer was forbidden.
2026-08-14 13:28:33.072 +03:00 [INF] HTTP GET /orders/pending responded 403 in 26.7441 ms
2026-08-14 13:28:33.073 +03:00 [INF] Request finished HTTP/1.1 GET http://localhost:5275/orders/pending?sellerId=1 - 403 0 null 37.4561ms
2026-08-14 13:28:52.811 +03:00 [INF] Request starting HTTP/1.1 POST http://localhost:5275/api/Auth/login - application/json 62
2026-08-14 13:28:52.826 +03:00 [INF] Executing endpoint 'ECommerceManagement.Api.Controllers.AuthController.Login (ECommerceManagement.Api)'
2026-08-14 13:28:52.842 +03:00 [INF] Route matched with {action = "Login", controller = "Auth"}. Executing controller action with signature System.Threading.Tasks.Task`1[Microsoft.AspNetCore.Mvc.IActionResult] Login(ECommerceManagement.Application.DTOs.Auth.LoginDto) on controller ECommerceManagement.Api.Controllers.AuthController (ECommerceManagement.Api).
2026-08-14 13:28:52.884 +03:00 [WRN] You do not have a valid license key for the Lucky Penny software AutoMapper. This is allowed for development and testing scenarios. If you are running in production you are required to have a licensed version. Please visit https://luckypennysoftware.com to obtain a valid license.
2026-08-14 13:28:52.928 +03:00 [INF] Executed DbCommand (10ms) [Parameters=[@dto_Email='?' (Size = 450)], CommandType='"Text"', CommandTimeout='30']
SELECT TOP(1) [u].[Id], [u].[CreatedAt], [u].[Email], [u].[IsActive], [u].[PasswordHash], [u].[RefreshToken], [u].[RefreshTokenExpiresAt], [u].[Username]
FROM [Users] AS [u]
WHERE [u].[Email] = @dto_Email
2026-08-14 13:28:52.978 +03:00 [INF] Executed DbCommand (4ms) [Parameters=[@user_Id='?' (DbType = Int32)], CommandType='"Text"', CommandTimeout='30']
SELECT [u].[UserId], [u].[RoleId]
FROM [UserRoles] AS [u]
WHERE [u].[UserId] = @user_Id
2026-08-14 13:28:53.001 +03:00 [INF] Executed DbCommand (2ms) [Parameters=[@roleIds1='?' (DbType = Int32)], CommandType='"Text"', CommandTimeout='30']
SELECT [r].[Id], [r].[CreatedAt], [r].[Name]
FROM [Roles] AS [r]
WHERE [r].[Id] = @roleIds1
2026-08-14 13:28:53.042 +03:00 [INF] Executed DbCommand (9ms) [Parameters=[@p7='?' (DbType = Int32), @p0='?' (DbType = DateTime2), @p1='?' (Size = 450), @p2='?' (DbType = Boolean), @p3='?' (Size = 4000), @p4='?' (Size = 4000), @p5='?' (DbType = DateTime2), @p6='?' (Size = 4000)], CommandType='"Text"', CommandTimeout='30']
SET IMPLICIT_TRANSACTIONS OFF;
SET NOCOUNT ON;
UPDATE [Users] SET [CreatedAt] = @p0, [Email] = @p1, [IsActive] = @p2, [PasswordHash] = @p3, [RefreshToken] = @p4, [RefreshTokenExpiresAt] = @p5, [Username] = @p6
OUTPUT 1
WHERE [Id] = @p7;
2026-08-14 13:28:53.045 +03:00 [INF] Executing OkObjectResult, writing value of type 'ECommerceManagement.Application.DTOs.Auth.TokenResponseDto'.
2026-08-14 13:28:53.048 +03:00 [INF] Executed action ECommerceManagement.Api.Controllers.AuthController.Login (ECommerceManagement.Api) in 205.5854ms
2026-08-14 13:28:53.048 +03:00 [INF] Executed endpoint 'ECommerceManagement.Api.Controllers.AuthController.Login (ECommerceManagement.Api)'
2026-08-14 13:28:53.049 +03:00 [INF] HTTP POST /api/Auth/login responded 200 in 235.2006 ms
2026-08-14 13:28:53.050 +03:00 [INF] Request finished HTTP/1.1 POST http://localhost:5275/api/Auth/login - 200 null application/json; charset=utf-8 238.2908ms
2026-08-14 13:29:11.947 +03:00 [INF] Request starting HTTP/1.1 GET http://localhost:5275/orders/pending?sellerId=1 - null null
2026-08-14 13:29:11.953 +03:00 [INF] Executing endpoint 'ECommerceManagement.Api.Controllers.SellerController.GetPendingOrders (ECommerceManagement.Api)'
2026-08-14 13:29:11.961 +03:00 [INF] Route matched with {action = "GetPendingOrders", controller = "Seller"}. Executing controller action with signature System.Threading.Tasks.Task`1[Microsoft.AspNetCore.Mvc.IActionResult] GetPendingOrders(Int32) on controller ECommerceManagement.Api.Controllers.SellerController (ECommerceManagement.Api).
2026-08-14 13:29:12.077 +03:00 [INF] Executed DbCommand (38ms) [Parameters=[@sellerId='?' (DbType = Int32)], CommandType='"Text"', CommandTimeout='30']
SELECT [o].[Id], [o].[BillingAddressId], [o].[CreatedAt], [o].[CustomerId], [o].[SellerId], [o].[ShippingAddressId], [o].[Status], [o].[SysmondOrderId], [o].[TotalAmount], [o].[UpdatedAt], [c].[Id], [c].[CreatedAt], [c].[FirstName], [c].[LastName], [c].[Phone], [c].[UserId], [o0].[Id], [o0].[CreatedAt], [o0].[LineTotal], [o0].[OrderId], [o0].[ProductId], [o0].[Quantity], [o0].[SysmondOrderItemId], [o0].[UnitPrice]
FROM [Orders] AS [o]
INNER JOIN [Customers] AS [c] ON [o].[CustomerId] = [c].[Id]
LEFT JOIN [OrderItems] AS [o0] ON [o].[Id] = [o0].[OrderId]
WHERE [o].[SellerId] = @sellerId AND [o].[Status] = 0
ORDER BY [o].[Id], [c].[Id]
2026-08-14 13:29:12.564 +03:00 [INF] Executed DbCommand (4ms) [Parameters=[@productIds1='?' (DbType = Int32)], CommandType='"Text"', CommandTimeout='30']
SELECT [p].[Id], [p].[CategoryId], [p].[CreatedAt], [p].[IsActive], [p].[Name], [p].[Price], [p].[Quantity], [p].[SellerId], [p].[Sku], [p].[SysmondStockId], [p].[UpdatedAt], [p].[WarehouseId]
FROM [Products] AS [p]
WHERE [p].[Id] = @productIds1
2026-08-14 13:29:12.579 +03:00 [INF] Executing OkObjectResult, writing value of type 'System.Linq.Enumerable+OrderedIterator`2[[ECommerceManagement.Application.DTOs.Orders.OrderDto, ECommerceManagement.Application, Version=1.0.0.0, Culture=neutral, PublicKeyToken=null],[System.DateTime, System.Private.CoreLib, Version=10.0.0.0, Culture=neutral, PublicKeyToken=7cec85d7bea7798e]]'.
2026-08-14 13:29:12.588 +03:00 [INF] Executed action ECommerceManagement.Api.Controllers.SellerController.GetPendingOrders (ECommerceManagement.Api) in 626.8477ms
2026-08-14 13:29:12.588 +03:00 [INF] Executed endpoint 'ECommerceManagement.Api.Controllers.SellerController.GetPendingOrders (ECommerceManagement.Api)'
2026-08-14 13:29:12.588 +03:00 [INF] HTTP GET /orders/pending responded 200 in 640.2045 ms
2026-08-14 13:29:12.589 +03:00 [INF] Request finished HTTP/1.1 GET http://localhost:5275/orders/pending?sellerId=1 - 200 null application/json; charset=utf-8 641.2085ms
2026-08-14 13:30:34.750 +03:00 [INF] Request starting HTTP/1.1 GET http://localhost:5275/orders/pending?sellerId=1 - null null
2026-08-14 13:30:34.760 +03:00 [INF] Executing endpoint 'ECommerceManagement.Api.Controllers.SellerController.GetPendingOrders (ECommerceManagement.Api)'
2026-08-14 13:30:34.761 +03:00 [INF] Route matched with {action = "GetPendingOrders", controller = "Seller"}. Executing controller action with signature System.Threading.Tasks.Task`1[Microsoft.AspNetCore.Mvc.IActionResult] GetPendingOrders(Int32) on controller ECommerceManagement.Api.Controllers.SellerController (ECommerceManagement.Api).
2026-08-14 13:30:34.780 +03:00 [INF] Executed DbCommand (7ms) [Parameters=[@sellerId='?' (DbType = Int32)], CommandType='"Text"', CommandTimeout='30']
SELECT [o].[Id], [o].[BillingAddressId], [o].[CreatedAt], [o].[CustomerId], [o].[SellerId], [o].[ShippingAddressId], [o].[Status], [o].[SysmondOrderId], [o].[TotalAmount], [o].[UpdatedAt], [c].[Id], [c].[CreatedAt], [c].[FirstName], [c].[LastName], [c].[Phone], [c].[UserId], [o0].[Id], [o0].[CreatedAt], [o0].[LineTotal], [o0].[OrderId], [o0].[ProductId], [o0].[Quantity], [o0].[SysmondOrderItemId], [o0].[UnitPrice]
FROM [Orders] AS [o]
INNER JOIN [Customers] AS [c] ON [o].[CustomerId] = [c].[Id]
LEFT JOIN [OrderItems] AS [o0] ON [o].[Id] = [o0].[OrderId]
WHERE [o].[SellerId] = @sellerId AND [o].[Status] = 0
ORDER BY [o].[Id], [c].[Id]
2026-08-14 13:30:34.962 +03:00 [INF] Executed DbCommand (4ms) [Parameters=[@productIds1='?' (DbType = Int32)], CommandType='"Text"', CommandTimeout='30']
SELECT [p].[Id], [p].[CategoryId], [p].[CreatedAt], [p].[IsActive], [p].[Name], [p].[Price], [p].[Quantity], [p].[SellerId], [p].[Sku], [p].[SysmondStockId], [p].[UpdatedAt], [p].[WarehouseId]
FROM [Products] AS [p]
WHERE [p].[Id] = @productIds1
2026-08-14 13:30:34.964 +03:00 [INF] Executing OkObjectResult, writing value of type 'System.Linq.Enumerable+OrderedIterator`2[[ECommerceManagement.Application.DTOs.Orders.OrderDto, ECommerceManagement.Application, Version=1.0.0.0, Culture=neutral, PublicKeyToken=null],[System.DateTime, System.Private.CoreLib, Version=10.0.0.0, Culture=neutral, PublicKeyToken=7cec85d7bea7798e]]'.
2026-08-14 13:30:34.965 +03:00 [INF] Executed action ECommerceManagement.Api.Controllers.SellerController.GetPendingOrders (ECommerceManagement.Api) in 203.5986ms
2026-08-14 13:30:34.965 +03:00 [INF] Executed endpoint 'ECommerceManagement.Api.Controllers.SellerController.GetPendingOrders (ECommerceManagement.Api)'
2026-08-14 13:30:34.965 +03:00 [INF] HTTP GET /orders/pending responded 200 in 213.5238 ms
2026-08-14 13:30:34.966 +03:00 [INF] Request finished HTTP/1.1 GET http://localhost:5275/orders/pending?sellerId=1 - 200 null application/json; charset=utf-8 216.5892ms
2026-08-14 13:31:20.607 +03:00 [INF] Request starting HTTP/1.1 POST http://localhost:5275/api/CustomerOrder/sync-from-sysmond - null 0
2026-08-14 13:31:20.609 +03:00 [INF] Authorization failed. These requirements were not met:
RolesAuthorizationRequirement:User.IsInRole must be true for one of the following roles: (Customer)
2026-08-14 13:31:20.609 +03:00 [INF] AuthenticationScheme: Bearer was forbidden.
2026-08-14 13:31:20.609 +03:00 [INF] HTTP POST /api/CustomerOrder/sync-from-sysmond responded 403 in 0.6973 ms
2026-08-14 13:31:20.609 +03:00 [INF] Request finished HTTP/1.1 POST http://localhost:5275/api/CustomerOrder/sync-from-sysmond - 403 0 null 1.9911ms
2026-08-14 13:31:30.956 +03:00 [INF] Request starting HTTP/1.1 GET http://localhost:5275/api/Seller/products?sellerId=1 - null null
2026-08-14 13:31:30.957 +03:00 [INF] Executing endpoint 'ECommerceManagement.Api.Controllers.SellerController.GetMyProducts (ECommerceManagement.Api)'
2026-08-14 13:31:30.964 +03:00 [INF] Route matched with {action = "GetMyProducts", controller = "Seller"}. Executing controller action with signature System.Threading.Tasks.Task`1[Microsoft.AspNetCore.Mvc.IActionResult] GetMyProducts(Int32) on controller ECommerceManagement.Api.Controllers.SellerController (ECommerceManagement.Api).
2026-08-14 13:31:30.992 +03:00 [INF] Executed DbCommand (7ms) [Parameters=[@sellerId='?' (DbType = Int32)], CommandType='"Text"', CommandTimeout='30']
SELECT [p].[Id], [p].[CategoryId], [p].[CreatedAt], [p].[IsActive], [p].[Name], [p].[Price], [p].[Quantity], [p].[SellerId], [p].[Sku], [p].[SysmondStockId], [p].[UpdatedAt], [p].[WarehouseId]
FROM [Products] AS [p]
WHERE [p].[SellerId] = @sellerId
2026-08-14 13:31:31.007 +03:00 [INF] Executing OkObjectResult, writing value of type 'System.Collections.Generic.List`1[[ECommerceManagement.Application.DTOs.Catalog.SellerProductDto, ECommerceManagement.Application, Version=1.0.0.0, Culture=neutral, PublicKeyToken=null]]'.
2026-08-14 13:31:31.009 +03:00 [INF] Executed action ECommerceManagement.Api.Controllers.SellerController.GetMyProducts (ECommerceManagement.Api) in 45.0109ms
2026-08-14 13:31:31.009 +03:00 [INF] Executed endpoint 'ECommerceManagement.Api.Controllers.SellerController.GetMyProducts (ECommerceManagement.Api)'
2026-08-14 13:31:31.009 +03:00 [INF] HTTP GET /api/Seller/products responded 200 in 53.0135 ms
2026-08-14 13:31:31.010 +03:00 [INF] Request finished HTTP/1.1 GET http://localhost:5275/api/Seller/products?sellerId=1 - 200 null application/json; charset=utf-8 53.6103ms
2026-08-14 13:31:39.644 +03:00 [INF] Request starting HTTP/1.1 GET http://localhost:5275/orders/pending?sellerId=1 - null null
2026-08-14 13:31:39.644 +03:00 [INF] Executing endpoint 'ECommerceManagement.Api.Controllers.SellerController.GetPendingOrders (ECommerceManagement.Api)'
2026-08-14 13:31:39.645 +03:00 [INF] Route matched with {action = "GetPendingOrders", controller = "Seller"}. Executing controller action with signature System.Threading.Tasks.Task`1[Microsoft.AspNetCore.Mvc.IActionResult] GetPendingOrders(Int32) on controller ECommerceManagement.Api.Controllers.SellerController (ECommerceManagement.Api).
2026-08-14 13:31:39.649 +03:00 [INF] Executed DbCommand (3ms) [Parameters=[@sellerId='?' (DbType = Int32)], CommandType='"Text"', CommandTimeout='30']
SELECT [o].[Id], [o].[BillingAddressId], [o].[CreatedAt], [o].[CustomerId], [o].[SellerId], [o].[ShippingAddressId], [o].[Status], [o].[SysmondOrderId], [o].[TotalAmount], [o].[UpdatedAt], [c].[Id], [c].[CreatedAt], [c].[FirstName], [c].[LastName], [c].[Phone], [c].[UserId], [o0].[Id], [o0].[CreatedAt], [o0].[LineTotal], [o0].[OrderId], [o0].[ProductId], [o0].[Quantity], [o0].[SysmondOrderItemId], [o0].[UnitPrice]
FROM [Orders] AS [o]
INNER JOIN [Customers] AS [c] ON [o].[CustomerId] = [c].[Id]
LEFT JOIN [OrderItems] AS [o0] ON [o].[Id] = [o0].[OrderId]
WHERE [o].[SellerId] = @sellerId AND [o].[Status] = 0
ORDER BY [o].[Id], [c].[Id]
2026-08-14 13:31:39.827 +03:00 [INF] Executed DbCommand (4ms) [Parameters=[@productIds1='?' (DbType = Int32)], CommandType='"Text"', CommandTimeout='30']
SELECT [p].[Id], [p].[CategoryId], [p].[CreatedAt], [p].[IsActive], [p].[Name], [p].[Price], [p].[Quantity], [p].[SellerId], [p].[Sku], [p].[SysmondStockId], [p].[UpdatedAt], [p].[WarehouseId]
FROM [Products] AS [p]
WHERE [p].[Id] = @productIds1
2026-08-14 13:31:39.828 +03:00 [INF] Executing OkObjectResult, writing value of type 'System.Linq.Enumerable+OrderedIterator`2[[ECommerceManagement.Application.DTOs.Orders.OrderDto, ECommerceManagement.Application, Version=1.0.0.0, Culture=neutral, PublicKeyToken=null],[System.DateTime, System.Private.CoreLib, Version=10.0.0.0, Culture=neutral, PublicKeyToken=7cec85d7bea7798e]]'.
2026-08-14 13:31:39.829 +03:00 [INF] Executed action ECommerceManagement.Api.Controllers.SellerController.GetPendingOrders (ECommerceManagement.Api) in 184.0475ms
2026-08-14 13:31:39.829 +03:00 [INF] Executed endpoint 'ECommerceManagement.Api.Controllers.SellerController.GetPendingOrders (ECommerceManagement.Api)'
2026-08-14 13:31:39.829 +03:00 [INF] HTTP GET /orders/pending responded 200 in 185.2132 ms
2026-08-14 13:31:39.830 +03:00 [INF] Request finished HTTP/1.1 GET http://localhost:5275/orders/pending?sellerId=1 - 200 null application/json; charset=utf-8 185.8886ms
2026-08-14 13:35:46.651 +03:00 [INF] Application is shutting down...
2026-08-14 13:35:49.685 +03:00 [INF] Executed DbCommand (12ms) [Parameters=[], CommandType='"Text"', CommandTimeout='30']
SELECT CASE
    WHEN EXISTS (
        SELECT 1
        FROM [Users] AS [u]
        WHERE [u].[Email] = N'superadmin@sistem.com') THEN CAST(1 AS bit)
    ELSE CAST(0 AS bit)
END
2026-08-14 13:35:49.707 +03:00 [INF] Executed DbCommand (3ms) [Parameters=[], CommandType='"Text"', CommandTimeout='30']
SELECT CASE
    WHEN EXISTS (
        SELECT 1
        FROM [Users] AS [u]
        WHERE [u].[Email] = N'admin@sistem.com') THEN CAST(1 AS bit)
    ELSE CAST(0 AS bit)
END
2026-08-14 13:35:49.711 +03:00 [INF] User profile is available. Using '/Users/yigit/.aspnet/DataProtection-Keys' as key repository; keys will not be encrypted at rest.
2026-08-14 13:35:49.726 +03:00 [INF] Now listening on: http://localhost:5275
2026-08-14 13:35:49.727 +03:00 [INF] Application started. Press Ctrl+C to shut down.
2026-08-14 13:35:49.727 +03:00 [INF] Hosting environment: Development
2026-08-14 13:35:49.727 +03:00 [INF] Content root path: /Users/yigit/RiderProjects/ECommerceManagement/src/ECommerceManagement.Api
2026-08-14 13:36:12.181 +03:00 [INF] Request starting HTTP/1.1 GET http://localhost:5275/index.html - null null
2026-08-14 13:36:12.215 +03:00 [INF] HTTP GET /index.html responded 200 in 23.5925 ms
2026-08-14 13:36:12.216 +03:00 [INF] Request finished HTTP/1.1 GET http://localhost:5275/index.html - 200 null text/html;charset=utf-8 36.0223ms
2026-08-14 13:36:12.693 +03:00 [INF] Request starting HTTP/1.1 GET http://localhost:5275/swagger/v1/swagger.json - null null
2026-08-14 13:36:12.748 +03:00 [INF] HTTP GET /swagger/v1/swagger.json responded 200 in 52.6482 ms
2026-08-14 13:36:12.748 +03:00 [INF] Request finished HTTP/1.1 GET http://localhost:5275/swagger/v1/swagger.json - 200 null application/json;charset=utf-8 55.0289ms
2026-08-14 13:36:24.619 +03:00 [INF] Request starting HTTP/1.1 POST http://localhost:5275/api/Catalog/sync-orders-from-sysmond - null 0
2026-08-14 13:36:24.622 +03:00 [WRN] Failed to determine the https port for redirect.
2026-08-14 13:36:24.672 +03:00 [INF] Executing endpoint 'ECommerceManagement.Api.Controllers.CatalogController.SyncOrders (ECommerceManagement.Api)'
2026-08-14 13:36:24.678 +03:00 [INF] Route matched with {action = "SyncOrders", controller = "Catalog"}. Executing controller action with signature System.Threading.Tasks.Task`1[Microsoft.AspNetCore.Mvc.IActionResult] SyncOrders() on controller ECommerceManagement.Api.Controllers.CatalogController (ECommerceManagement.Api).
2026-08-14 13:36:24.709 +03:00 [WRN] You do not have a valid license key for the Lucky Penny software AutoMapper. This is allowed for development and testing scenarios. If you are running in production you are required to have a licensed version. Please visit https://luckypennysoftware.com to obtain a valid license.
2026-08-14 13:36:25.294 +03:00 [INF] Executed DbCommand (8ms) [Parameters=[], CommandType='"Text"', CommandTimeout='30']
SELECT [o].[Id], [o].[BillingAddressId], [o].[CreatedAt], [o].[CustomerId], [o].[SellerId], [o].[ShippingAddressId], [o].[Status], [o].[SysmondOrderId], [o].[TotalAmount], [o].[UpdatedAt], [o0].[Id], [o0].[CreatedAt], [o0].[LineTotal], [o0].[OrderId], [o0].[ProductId], [o0].[Quantity], [o0].[SysmondOrderItemId], [o0].[UnitPrice]
FROM [Orders] AS [o]
LEFT JOIN [OrderItems] AS [o0] ON [o].[Id] = [o0].[OrderId]
ORDER BY [o].[Id]
2026-08-14 13:36:25.325 +03:00 [INF] Executed DbCommand (4ms) [Parameters=[], CommandType='"Text"', CommandTimeout='30']
SELECT [p].[Id], [p].[CategoryId], [p].[CreatedAt], [p].[IsActive], [p].[Name], [p].[Price], [p].[Quantity], [p].[SellerId], [p].[Sku], [p].[SysmondStockId], [p].[UpdatedAt], [p].[WarehouseId]
FROM [Products] AS [p]
2026-08-14 13:36:25.467 +03:00 [INF] Executed DbCommand (9ms) [Parameters=[@p0='?' (DbType = Int32), @p1='?' (DbType = DateTime2), @p2='?' (DbType = Int32), @p3='?' (DbType = Int32), @p4='?' (DbType = Int32), @p5='?' (DbType = Int32), @p6='?' (DbType = Guid), @p7='?' (Precision = 18) (Scale = 2) (DbType = Decimal), @p8='?' (DbType = DateTime2)], CommandType='"Text"', CommandTimeout='30']
SET IMPLICIT_TRANSACTIONS OFF;
SET NOCOUNT ON;
INSERT INTO [Orders] ([BillingAddressId], [CreatedAt], [CustomerId], [SellerId], [ShippingAddressId], [Status], [SysmondOrderId], [TotalAmount], [UpdatedAt])
OUTPUT INSERTED.[Id]
VALUES (@p0, @p1, @p2, @p3, @p4, @p5, @p6, @p7, @p8);
2026-08-14 13:36:25.489 +03:00 [INF] Executed DbCommand (17ms) [Parameters=[@p9='?' (DbType = DateTime2), @p10='?' (Precision = 18) (Scale = 2) (DbType = Decimal), @p11='?' (DbType = Int32), @p12='?' (DbType = Int32), @p13='?' (DbType = Int32), @p14='?' (DbType = Guid), @p15='?' (Precision = 18) (Scale = 2) (DbType = Decimal)], CommandType='"Text"', CommandTimeout='30']
SET IMPLICIT_TRANSACTIONS OFF;
SET NOCOUNT ON;
INSERT INTO [OrderItems] ([CreatedAt], [LineTotal], [OrderId], [ProductId], [Quantity], [SysmondOrderItemId], [UnitPrice])
OUTPUT INSERTED.[Id]
VALUES (@p9, @p10, @p11, @p12, @p13, @p14, @p15);
2026-08-14 13:36:25.502 +03:00 [INF] Executing OkObjectResult, writing value of type 'System.String'.
2026-08-14 13:36:25.503 +03:00 [INF] Executed action ECommerceManagement.Api.Controllers.CatalogController.SyncOrders (ECommerceManagement.Api) in 823.4921ms
2026-08-14 13:36:25.503 +03:00 [INF] Executed endpoint 'ECommerceManagement.Api.Controllers.CatalogController.SyncOrders (ECommerceManagement.Api)'
2026-08-14 13:36:25.503 +03:00 [INF] HTTP POST /api/Catalog/sync-orders-from-sysmond responded 200 in 883.2286 ms
2026-08-14 13:36:25.504 +03:00 [INF] Request finished HTTP/1.1 POST http://localhost:5275/api/Catalog/sync-orders-from-sysmond - 200 null text/plain; charset=utf-8 884.9376ms
2026-08-14 13:36:33.397 +03:00 [INF] Request starting HTTP/1.1 GET http://localhost:5275/orders/pending?sellerId=1 - null null
2026-08-14 13:36:33.403 +03:00 [INF] Executing endpoint 'ECommerceManagement.Api.Controllers.SellerController.GetPendingOrders (ECommerceManagement.Api)'
2026-08-14 13:36:33.416 +03:00 [INF] Route matched with {action = "GetPendingOrders", controller = "Seller"}. Executing controller action with signature System.Threading.Tasks.Task`1[Microsoft.AspNetCore.Mvc.IActionResult] GetPendingOrders(Int32) on controller ECommerceManagement.Api.Controllers.SellerController (ECommerceManagement.Api).
2026-08-14 13:36:33.484 +03:00 [INF] Executed DbCommand (5ms) [Parameters=[@sellerId='?' (DbType = Int32)], CommandType='"Text"', CommandTimeout='30']
SELECT [o].[Id], [o].[BillingAddressId], [o].[CreatedAt], [o].[CustomerId], [o].[SellerId], [o].[ShippingAddressId], [o].[Status], [o].[SysmondOrderId], [o].[TotalAmount], [o].[UpdatedAt], [c].[Id], [c].[CreatedAt], [c].[FirstName], [c].[LastName], [c].[Phone], [c].[UserId], [o0].[Id], [o0].[CreatedAt], [o0].[LineTotal], [o0].[OrderId], [o0].[ProductId], [o0].[Quantity], [o0].[SysmondOrderItemId], [o0].[UnitPrice]
FROM [Orders] AS [o]
INNER JOIN [Customers] AS [c] ON [o].[CustomerId] = [c].[Id]
LEFT JOIN [OrderItems] AS [o0] ON [o].[Id] = [o0].[OrderId]
WHERE [o].[SellerId] = @sellerId AND [o].[Status] = 0
ORDER BY [o].[Id], [c].[Id]
2026-08-14 13:36:33.582 +03:00 [INF] Executed DbCommand (4ms) [Parameters=[@productIds1='?' (DbType = Int32), @productIds2='?' (DbType = Int32)], CommandType='"Text"', CommandTimeout='30']
SELECT [p].[Id], [p].[CategoryId], [p].[CreatedAt], [p].[IsActive], [p].[Name], [p].[Price], [p].[Quantity], [p].[SellerId], [p].[Sku], [p].[SysmondStockId], [p].[UpdatedAt], [p].[WarehouseId]
FROM [Products] AS [p]
WHERE [p].[Id] IN (@productIds1, @productIds2)
2026-08-14 13:36:33.583 +03:00 [INF] Executing OkObjectResult, writing value of type 'System.Linq.Enumerable+OrderedIterator`2[[ECommerceManagement.Application.DTOs.Orders.OrderDto, ECommerceManagement.Application, Version=1.0.0.0, Culture=neutral, PublicKeyToken=null],[System.DateTime, System.Private.CoreLib, Version=10.0.0.0, Culture=neutral, PublicKeyToken=7cec85d7bea7798e]]'.
2026-08-14 13:36:33.589 +03:00 [INF] Executed action ECommerceManagement.Api.Controllers.SellerController.GetPendingOrders (ECommerceManagement.Api) in 171.93ms
2026-08-14 13:36:33.589 +03:00 [INF] Executed endpoint 'ECommerceManagement.Api.Controllers.SellerController.GetPendingOrders (ECommerceManagement.Api)'
2026-08-14 13:36:33.589 +03:00 [INF] HTTP GET /orders/pending responded 200 in 191.5978 ms
2026-08-14 13:36:33.589 +03:00 [INF] Request finished HTTP/1.1 GET http://localhost:5275/orders/pending?sellerId=1 - 200 null application/json; charset=utf-8 192.2358ms
2026-08-14 13:53:18.984 +03:00 [INF] Request starting HTTP/1.1 GET http://localhost:5275/orders/all?sellerId=1 - null null
2026-08-14 13:53:18.999 +03:00 [INF] Executing endpoint 'ECommerceManagement.Api.Controllers.SellerController.GetAllOrders (ECommerceManagement.Api)'
2026-08-14 13:53:19.010 +03:00 [INF] Route matched with {action = "GetAllOrders", controller = "Seller"}. Executing controller action with signature System.Threading.Tasks.Task`1[Microsoft.AspNetCore.Mvc.IActionResult] GetAllOrders(Int32) on controller ECommerceManagement.Api.Controllers.SellerController (ECommerceManagement.Api).
2026-08-14 13:53:19.088 +03:00 [INF] Executed DbCommand (16ms) [Parameters=[@sellerId='?' (DbType = Int32)], CommandType='"Text"', CommandTimeout='30']
SELECT [o].[Id], [o].[BillingAddressId], [o].[CreatedAt], [o].[CustomerId], [o].[SellerId], [o].[ShippingAddressId], [o].[Status], [o].[SysmondOrderId], [o].[TotalAmount], [o].[UpdatedAt], [c].[Id], [c].[CreatedAt], [c].[FirstName], [c].[LastName], [c].[Phone], [c].[UserId], [o0].[Id], [o0].[CreatedAt], [o0].[LineTotal], [o0].[OrderId], [o0].[ProductId], [o0].[Quantity], [o0].[SysmondOrderItemId], [o0].[UnitPrice]
FROM [Orders] AS [o]
INNER JOIN [Customers] AS [c] ON [o].[CustomerId] = [c].[Id]
LEFT JOIN [OrderItems] AS [o0] ON [o].[Id] = [o0].[OrderId]
WHERE [o].[SellerId] = @sellerId
ORDER BY [o].[Id], [c].[Id]
2026-08-14 13:53:19.097 +03:00 [INF] Executed DbCommand (2ms) [Parameters=[@productIds1='?' (DbType = Int32), @productIds2='?' (DbType = Int32), @productIds3='?' (DbType = Int32)], CommandType='"Text"', CommandTimeout='30']
SELECT [p].[Id], [p].[CategoryId], [p].[CreatedAt], [p].[IsActive], [p].[Name], [p].[Price], [p].[Quantity], [p].[SellerId], [p].[Sku], [p].[SysmondStockId], [p].[UpdatedAt], [p].[WarehouseId]
FROM [Products] AS [p]
WHERE [p].[Id] IN (@productIds1, @productIds2, @productIds3)
2026-08-14 13:53:19.099 +03:00 [INF] Executing OkObjectResult, writing value of type 'System.Linq.Enumerable+ListSelectIterator`2[[ECommerceManagement.Domain.Entities.Order, ECommerceManagement.Domain, Version=1.0.0.0, Culture=neutral, PublicKeyToken=null],[ECommerceManagement.Application.DTOs.Orders.OrderDto, ECommerceManagement.Application, Version=1.0.0.0, Culture=neutral, PublicKeyToken=null]]'.
2026-08-14 13:53:19.100 +03:00 [INF] Executed action ECommerceManagement.Api.Controllers.SellerController.GetAllOrders (ECommerceManagement.Api) in 90.2167ms
2026-08-14 13:53:19.100 +03:00 [INF] Executed endpoint 'ECommerceManagement.Api.Controllers.SellerController.GetAllOrders (ECommerceManagement.Api)'
2026-08-14 13:53:19.100 +03:00 [INF] HTTP GET /orders/all responded 200 in 111.4760 ms
2026-08-14 13:53:19.100 +03:00 [INF] Request finished HTTP/1.1 GET http://localhost:5275/orders/all?sellerId=1 - 200 null application/json; charset=utf-8 116.8476ms
2026-08-14 14:04:27.646 +03:00 [INF] Application is shutting down...
2026-08-14 14:04:31.231 +03:00 [INF] Executed DbCommand (15ms) [Parameters=[], CommandType='"Text"', CommandTimeout='30']
SELECT CASE
    WHEN EXISTS (
        SELECT 1
        FROM [Users] AS [u]
        WHERE [u].[Email] = N'superadmin@sistem.com') THEN CAST(1 AS bit)
    ELSE CAST(0 AS bit)
END
2026-08-14 14:04:31.254 +03:00 [INF] Executed DbCommand (3ms) [Parameters=[], CommandType='"Text"', CommandTimeout='30']
SELECT CASE
    WHEN EXISTS (
        SELECT 1
        FROM [Users] AS [u]
        WHERE [u].[Email] = N'admin@sistem.com') THEN CAST(1 AS bit)
    ELSE CAST(0 AS bit)
END
2026-08-14 14:04:31.257 +03:00 [INF] User profile is available. Using '/Users/yigit/.aspnet/DataProtection-Keys' as key repository; keys will not be encrypted at rest.
2026-08-14 14:04:31.271 +03:00 [INF] Now listening on: http://localhost:5275
2026-08-14 14:04:31.272 +03:00 [INF] Application started. Press Ctrl+C to shut down.
2026-08-14 14:04:31.272 +03:00 [INF] Hosting environment: Development
2026-08-14 14:04:31.272 +03:00 [INF] Content root path: /Users/yigit/RiderProjects/ECommerceManagement/src/ECommerceManagement.Api
2026-08-14 14:04:44.680 +03:00 [INF] Request starting HTTP/1.1 GET http://localhost:5275/orders/pending?sellerId=1 - null null
2026-08-14 14:04:44.698 +03:00 [WRN] Failed to determine the https port for redirect.
2026-08-14 14:04:44.733 +03:00 [INF] Executing endpoint 'ECommerceManagement.Api.Controllers.SellerController.GetPendingOrders (ECommerceManagement.Api)'
2026-08-14 14:04:44.740 +03:00 [INF] Route matched with {action = "GetPendingOrders", controller = "Seller"}. Executing controller action with signature System.Threading.Tasks.Task`1[Microsoft.AspNetCore.Mvc.IActionResult] GetPendingOrders(Int32) on controller ECommerceManagement.Api.Controllers.SellerController (ECommerceManagement.Api).
2026-08-14 14:04:44.766 +03:00 [WRN] You do not have a valid license key for the Lucky Penny software AutoMapper. This is allowed for development and testing scenarios. If you are running in production you are required to have a licensed version. Please visit https://luckypennysoftware.com to obtain a valid license.
2026-08-14 14:04:44.832 +03:00 [INF] Executed DbCommand (15ms) [Parameters=[@sellerId='?' (DbType = Int32)], CommandType='"Text"', CommandTimeout='30']
SELECT [o].[Id], [o].[BillingAddressId], [o].[CreatedAt], [o].[CustomerId], [o].[SellerId], [o].[ShippingAddressId], [o].[Status], [o].[SysmondOrderId], [o].[TotalAmount], [o].[UpdatedAt], [c].[Id], [c].[CreatedAt], [c].[FirstName], [c].[LastName], [c].[Phone], [c].[UserId], [o0].[Id], [o0].[CreatedAt], [o0].[LineTotal], [o0].[OrderId], [o0].[ProductId], [o0].[Quantity], [o0].[SysmondOrderItemId], [o0].[UnitPrice]
FROM [Orders] AS [o]
INNER JOIN [Customers] AS [c] ON [o].[CustomerId] = [c].[Id]
LEFT JOIN [OrderItems] AS [o0] ON [o].[Id] = [o0].[OrderId]
WHERE [o].[SellerId] = @sellerId AND [o].[Status] = 0
ORDER BY [o].[Id], [c].[Id]
2026-08-14 14:04:45.393 +03:00 [INF] Executed DbCommand (4ms) [Parameters=[@productIds1='?' (DbType = Int32), @productIds2='?' (DbType = Int32)], CommandType='"Text"', CommandTimeout='30']
SELECT [p].[Id], [p].[CategoryId], [p].[CreatedAt], [p].[IsActive], [p].[Name], [p].[Price], [p].[Quantity], [p].[SellerId], [p].[Sku], [p].[SysmondStockId], [p].[UpdatedAt], [p].[WarehouseId]
FROM [Products] AS [p]
WHERE [p].[Id] IN (@productIds1, @productIds2)
2026-08-14 14:04:45.409 +03:00 [INF] Executing OkObjectResult, writing value of type 'System.Linq.Enumerable+OrderedIterator`2[[ECommerceManagement.Application.DTOs.Orders.OrderDto, ECommerceManagement.Application, Version=1.0.0.0, Culture=neutral, PublicKeyToken=null],[System.DateTime, System.Private.CoreLib, Version=10.0.0.0, Culture=neutral, PublicKeyToken=7cec85d7bea7798e]]'.
2026-08-14 14:04:45.418 +03:00 [INF] Executed action ECommerceManagement.Api.Controllers.SellerController.GetPendingOrders (ECommerceManagement.Api) in 677.0718ms
2026-08-14 14:04:45.419 +03:00 [INF] Executed endpoint 'ECommerceManagement.Api.Controllers.SellerController.GetPendingOrders (ECommerceManagement.Api)'
2026-08-14 14:04:45.420 +03:00 [INF] HTTP GET /orders/pending responded 200 in 729.7985 ms
2026-08-14 14:04:45.422 +03:00 [INF] Request finished HTTP/1.1 GET http://localhost:5275/orders/pending?sellerId=1 - 200 null application/json; charset=utf-8 742.8397ms
2026-08-14 14:05:02.286 +03:00 [INF] Request starting HTTP/1.1 POST http://localhost:5275/orders/invoice?sellerId=1&orderId=12 - null 0
2026-08-14 14:05:02.290 +03:00 [INF] Executing endpoint 'ECommerceManagement.Api.Controllers.SellerController.CreateInvoiceDraft (ECommerceManagement.Api)'
2026-08-14 14:05:02.298 +03:00 [INF] Route matched with {action = "CreateInvoiceDraft", controller = "Seller"}. Executing controller action with signature System.Threading.Tasks.Task`1[Microsoft.AspNetCore.Mvc.IActionResult] CreateInvoiceDraft(Int32, Int32) on controller ECommerceManagement.Api.Controllers.SellerController (ECommerceManagement.Api).
2026-08-14 14:05:02.349 +03:00 [INF] Executed DbCommand (3ms) [Parameters=[@id='?' (DbType = Int32)], CommandType='"Text"', CommandTimeout='30']
SELECT [o1].[Id], [o1].[BillingAddressId], [o1].[CreatedAt], [o1].[CustomerId], [o1].[SellerId], [o1].[ShippingAddressId], [o1].[Status], [o1].[SysmondOrderId], [o1].[TotalAmount], [o1].[UpdatedAt], [o0].[Id], [o0].[CreatedAt], [o0].[LineTotal], [o0].[OrderId], [o0].[ProductId], [o0].[Quantity], [o0].[SysmondOrderItemId], [o0].[UnitPrice]
FROM (
    SELECT TOP(1) [o].[Id], [o].[BillingAddressId], [o].[CreatedAt], [o].[CustomerId], [o].[SellerId], [o].[ShippingAddressId], [o].[Status], [o].[SysmondOrderId], [o].[TotalAmount], [o].[UpdatedAt]
    FROM [Orders] AS [o]
    WHERE [o].[Id] = @id
) AS [o1]
LEFT JOIN [OrderItems] AS [o0] ON [o1].[Id] = [o0].[OrderId]
ORDER BY [o1].[Id]
2026-08-14 14:05:02.365 +03:00 [INF] Executed DbCommand (10ms) [Parameters=[@p='?' (DbType = Int32)], CommandType='"Text"', CommandTimeout='30']
SELECT TOP(1) [c].[Id], [c].[CreatedAt], [c].[FirstName], [c].[LastName], [c].[Phone], [c].[UserId]
FROM [Customers] AS [c]
WHERE [c].[Id] = @p
2026-08-14 14:05:02.436 +03:00 [INF] Executed DbCommand (15ms) [Parameters=[@p0='?' (Size = 4000), @p1='?' (DbType = Int32), @p2='?' (DbType = DateTime2), @p3='?' (Size = 4000), @p4='?' (Size = 450), @p5='?' (DbType = Int32), @p6='?' (DbType = Int32), @p7='?' (DbType = Int32), @p8='?' (Precision = 18) (Scale = 2) (DbType = Decimal)], CommandType='"Text"', CommandTimeout='30']
SET IMPLICIT_TRANSACTIONS OFF;
SET NOCOUNT ON;
INSERT INTO [Invoices] ([AxIntegrationId], [AxIntegrationStatus], [CreatedAt], [CustomerName], [InvoiceNumber], [OrderId], [SellerId], [Status], [TotalAmount])
OUTPUT INSERTED.[Id]
VALUES (@p0, @p1, @p2, @p3, @p4, @p5, @p6, @p7, @p8);
2026-08-14 14:05:02.446 +03:00 [INF] Executed DbCommand (5ms) [Parameters=[@p9='?' (DbType = DateTime2), @p10='?' (DbType = Int32), @p11='?' (Precision = 18) (Scale = 2) (DbType = Decimal), @p12='?' (DbType = Int32), @p13='?' (DbType = Int32), @p14='?' (Precision = 18) (Scale = 2) (DbType = Decimal), @p15='?' (Precision = 18) (Scale = 2) (DbType = Decimal)], CommandType='"Text"', CommandTimeout='30']
SET IMPLICIT_TRANSACTIONS OFF;
SET NOCOUNT ON;
INSERT INTO [InvoiceItems] ([CreatedAt], [InvoiceId], [LineTotal], [ProductId], [Quantity], [TaxRate], [UnitPrice])
OUTPUT INSERTED.[Id]
VALUES (@p9, @p10, @p11, @p12, @p13, @p14, @p15);
2026-08-14 14:05:02.456 +03:00 [INF] Executing OkObjectResult, writing value of type 'ECommerceManagement.Application.DTOs.Invoices.InvoiceDto'.
2026-08-14 14:05:02.459 +03:00 [INF] Executed action ECommerceManagement.Api.Controllers.SellerController.CreateInvoiceDraft (ECommerceManagement.Api) in 160.9257ms
2026-08-14 14:05:02.460 +03:00 [INF] Executed endpoint 'ECommerceManagement.Api.Controllers.SellerController.CreateInvoiceDraft (ECommerceManagement.Api)'
2026-08-14 14:05:02.460 +03:00 [INF] HTTP POST /orders/invoice responded 200 in 172.2887 ms
2026-08-14 14:05:02.460 +03:00 [INF] Request finished HTTP/1.1 POST http://localhost:5275/orders/invoice?sellerId=1&orderId=12 - 200 null application/json; charset=utf-8 173.8366ms
2026-08-14 14:06:26.686 +03:00 [INF] Request starting HTTP/1.1 GET http://localhost:5275/orders/pending?sellerId=1 - null null
2026-08-14 14:06:26.700 +03:00 [INF] Executing endpoint 'ECommerceManagement.Api.Controllers.SellerController.GetPendingOrders (ECommerceManagement.Api)'
2026-08-14 14:06:26.701 +03:00 [INF] Route matched with {action = "GetPendingOrders", controller = "Seller"}. Executing controller action with signature System.Threading.Tasks.Task`1[Microsoft.AspNetCore.Mvc.IActionResult] GetPendingOrders(Int32) on controller ECommerceManagement.Api.Controllers.SellerController (ECommerceManagement.Api).
2026-08-14 14:06:26.729 +03:00 [INF] Executed DbCommand (11ms) [Parameters=[@sellerId='?' (DbType = Int32)], CommandType='"Text"', CommandTimeout='30']
SELECT [o].[Id], [o].[BillingAddressId], [o].[CreatedAt], [o].[CustomerId], [o].[SellerId], [o].[ShippingAddressId], [o].[Status], [o].[SysmondOrderId], [o].[TotalAmount], [o].[UpdatedAt], [c].[Id], [c].[CreatedAt], [c].[FirstName], [c].[LastName], [c].[Phone], [c].[UserId], [o0].[Id], [o0].[CreatedAt], [o0].[LineTotal], [o0].[OrderId], [o0].[ProductId], [o0].[Quantity], [o0].[SysmondOrderItemId], [o0].[UnitPrice]
FROM [Orders] AS [o]
INNER JOIN [Customers] AS [c] ON [o].[CustomerId] = [c].[Id]
LEFT JOIN [OrderItems] AS [o0] ON [o].[Id] = [o0].[OrderId]
WHERE [o].[SellerId] = @sellerId AND [o].[Status] = 0
ORDER BY [o].[Id], [c].[Id]
2026-08-14 14:06:27.054 +03:00 [INF] Executed DbCommand (3ms) [Parameters=[@productIds1='?' (DbType = Int32), @productIds2='?' (DbType = Int32)], CommandType='"Text"', CommandTimeout='30']
SELECT [p].[Id], [p].[CategoryId], [p].[CreatedAt], [p].[IsActive], [p].[Name], [p].[Price], [p].[Quantity], [p].[SellerId], [p].[Sku], [p].[SysmondStockId], [p].[UpdatedAt], [p].[WarehouseId]
FROM [Products] AS [p]
WHERE [p].[Id] IN (@productIds1, @productIds2)
2026-08-14 14:06:27.056 +03:00 [INF] Executing OkObjectResult, writing value of type 'System.Linq.Enumerable+OrderedIterator`2[[ECommerceManagement.Application.DTOs.Orders.OrderDto, ECommerceManagement.Application, Version=1.0.0.0, Culture=neutral, PublicKeyToken=null],[System.DateTime, System.Private.CoreLib, Version=10.0.0.0, Culture=neutral, PublicKeyToken=7cec85d7bea7798e]]'.
2026-08-14 14:06:27.056 +03:00 [INF] Executed action ECommerceManagement.Api.Controllers.SellerController.GetPendingOrders (ECommerceManagement.Api) in 354.9377ms
2026-08-14 14:06:27.056 +03:00 [INF] Executed endpoint 'ECommerceManagement.Api.Controllers.SellerController.GetPendingOrders (ECommerceManagement.Api)'
2026-08-14 14:06:27.056 +03:00 [INF] HTTP GET /orders/pending responded 200 in 368.6408 ms
2026-08-14 14:06:27.057 +03:00 [INF] Request finished HTTP/1.1 GET http://localhost:5275/orders/pending?sellerId=1 - 200 null application/json; charset=utf-8 371.0379ms
2026-08-14 14:13:06.624 +03:00 [INF] Application is shutting down...
2026-08-14 14:13:10.371 +03:00 [INF] Executed DbCommand (13ms) [Parameters=[], CommandType='"Text"', CommandTimeout='30']
SELECT CASE
    WHEN EXISTS (
        SELECT 1
        FROM [Users] AS [u]
        WHERE [u].[Email] = N'superadmin@sistem.com') THEN CAST(1 AS bit)
    ELSE CAST(0 AS bit)
END
2026-08-14 14:13:10.392 +03:00 [INF] Executed DbCommand (3ms) [Parameters=[], CommandType='"Text"', CommandTimeout='30']
SELECT CASE
    WHEN EXISTS (
        SELECT 1
        FROM [Users] AS [u]
        WHERE [u].[Email] = N'admin@sistem.com') THEN CAST(1 AS bit)
    ELSE CAST(0 AS bit)
END
2026-08-14 14:13:10.397 +03:00 [INF] User profile is available. Using '/Users/yigit/.aspnet/DataProtection-Keys' as key repository; keys will not be encrypted at rest.
2026-08-14 14:13:10.417 +03:00 [INF] Now listening on: http://localhost:5275
2026-08-14 14:13:10.418 +03:00 [INF] Application started. Press Ctrl+C to shut down.
2026-08-14 14:13:10.418 +03:00 [INF] Hosting environment: Development
2026-08-14 14:13:10.418 +03:00 [INF] Content root path: /Users/yigit/RiderProjects/ECommerceManagement/src/ECommerceManagement.Api
2026-08-14 14:13:18.389 +03:00 [INF] Request starting HTTP/1.1 POST http://localhost:5275/orders/invoice?sellerId=1&orderId=12 - null 0
2026-08-14 14:13:18.408 +03:00 [WRN] Failed to determine the https port for redirect.
2026-08-14 14:13:18.438 +03:00 [INF] Executing endpoint 'ECommerceManagement.Api.Controllers.SellerController.CreateInvoiceDraft (ECommerceManagement.Api)'
2026-08-14 14:13:18.444 +03:00 [INF] Route matched with {action = "CreateInvoiceDraft", controller = "Seller"}. Executing controller action with signature System.Threading.Tasks.Task`1[Microsoft.AspNetCore.Mvc.IActionResult] CreateInvoiceDraft(Int32, Int32) on controller ECommerceManagement.Api.Controllers.SellerController (ECommerceManagement.Api).
2026-08-14 14:13:18.468 +03:00 [WRN] You do not have a valid license key for the Lucky Penny software AutoMapper. This is allowed for development and testing scenarios. If you are running in production you are required to have a licensed version. Please visit https://luckypennysoftware.com to obtain a valid license.
2026-08-14 14:13:18.526 +03:00 [INF] Executed DbCommand (10ms) [Parameters=[@id='?' (DbType = Int32)], CommandType='"Text"', CommandTimeout='30']
SELECT [o1].[Id], [o1].[BillingAddressId], [o1].[CreatedAt], [o1].[CustomerId], [o1].[SellerId], [o1].[ShippingAddressId], [o1].[Status], [o1].[SysmondOrderId], [o1].[TotalAmount], [o1].[UpdatedAt], [o0].[Id], [o0].[CreatedAt], [o0].[LineTotal], [o0].[OrderId], [o0].[ProductId], [o0].[Quantity], [o0].[SysmondOrderItemId], [o0].[UnitPrice]
FROM (
    SELECT TOP(1) [o].[Id], [o].[BillingAddressId], [o].[CreatedAt], [o].[CustomerId], [o].[SellerId], [o].[ShippingAddressId], [o].[Status], [o].[SysmondOrderId], [o].[TotalAmount], [o].[UpdatedAt]
    FROM [Orders] AS [o]
    WHERE [o].[Id] = @id
) AS [o1]
LEFT JOIN [OrderItems] AS [o0] ON [o1].[Id] = [o0].[OrderId]
ORDER BY [o1].[Id]
2026-08-14 14:13:18.556 +03:00 [INF] Executed DbCommand (4ms) [Parameters=[@p='?' (DbType = Int32)], CommandType='"Text"', CommandTimeout='30']
SELECT TOP(1) [c].[Id], [c].[CreatedAt], [c].[FirstName], [c].[LastName], [c].[Phone], [c].[UserId]
FROM [Customers] AS [c]
WHERE [c].[Id] = @p
2026-08-14 14:13:18.629 +03:00 [INF] Executed DbCommand (16ms) [Parameters=[@p0='?' (Size = 4000), @p1='?' (DbType = Int32), @p2='?' (DbType = DateTime2), @p3='?' (Size = 4000), @p4='?' (Size = 450), @p5='?' (DbType = Int32), @p6='?' (DbType = Int32), @p7='?' (DbType = Int32), @p8='?' (Precision = 18) (Scale = 2) (DbType = Decimal)], CommandType='"Text"', CommandTimeout='30']
SET IMPLICIT_TRANSACTIONS OFF;
SET NOCOUNT ON;
INSERT INTO [Invoices] ([AxIntegrationId], [AxIntegrationStatus], [CreatedAt], [CustomerName], [InvoiceNumber], [OrderId], [SellerId], [Status], [TotalAmount])
OUTPUT INSERTED.[Id]
VALUES (@p0, @p1, @p2, @p3, @p4, @p5, @p6, @p7, @p8);
2026-08-14 14:13:18.641 +03:00 [ERR] An exception occurred in the database while saving changes for context type 'ECommerceManagement.Repository.Context.ECommerceDbContext'.
Microsoft.EntityFrameworkCore.DbUpdateException: An error occurred while saving the entity changes. See the inner exception for details.
 ---> Microsoft.Data.SqlClient.SqlException (0x80131904): Cannot insert duplicate key row in object 'dbo.Invoices' with unique index 'IX_Invoices_InvoiceNumber'. The duplicate key value is (INV-20260814-12).
   at Microsoft.Data.SqlClient.SqlConnection.OnError(SqlException exception, Boolean breakConnection, Action`1 wrapCloseInAction)
   at Microsoft.Data.SqlClient.SqlInternalConnection.OnError(SqlException exception, Boolean breakConnection, Action`1 wrapCloseInAction)
   at Microsoft.Data.SqlClient.TdsParser.ThrowExceptionAndWarning(TdsParserStateObject stateObj, SqlCommand command, Boolean callerHasConnectionLock, Boolean asyncClose)
   at Microsoft.Data.SqlClient.TdsParser.TryRun(RunBehavior runBehavior, SqlCommand cmdHandler, SqlDataReader dataStream, BulkCopySimpleResultSet bulkCopyHandler, TdsParserStateObject stateObj, Boolean& dataReady)
   at Microsoft.Data.SqlClient.SqlDataReader.TryHasMoreRows(Boolean& moreRows)
   at Microsoft.Data.SqlClient.SqlDataReader.TryReadInternal(Boolean setTimeout, Boolean& more)
   at Microsoft.Data.SqlClient.SqlDataReader.ReadAsyncExecute(Task task, Object state)
   at Microsoft.Data.SqlClient.SqlDataReader.InvokeAsyncCall[T](SqlDataReaderBaseAsyncCallContext`1 context)
--- End of stack trace from previous location ---
   at Microsoft.EntityFrameworkCore.Update.AffectedCountModificationCommandBatch.ConsumeResultSetAsync(Int32 startCommandIndex, RelationalDataReader reader, CancellationToken cancellationToken)
ClientConnectionId:68bbcc27-9dca-4d43-93e2-50e6f28e5cd4
Hata Numarası: 2601,Durum: 1,Sınıf:14
   --- End of inner exception stack trace ---
   at Microsoft.EntityFrameworkCore.Update.AffectedCountModificationCommandBatch.ConsumeResultSetAsync(Int32 startCommandIndex, RelationalDataReader reader, CancellationToken cancellationToken)
   at Microsoft.EntityFrameworkCore.Update.AffectedCountModificationCommandBatch.ConsumeAsync(RelationalDataReader reader, CancellationToken cancellationToken)
   at Microsoft.EntityFrameworkCore.Update.ReaderModificationCommandBatch.ExecuteAsync(IRelationalConnection connection, CancellationToken cancellationToken)
   at Microsoft.EntityFrameworkCore.Update.ReaderModificationCommandBatch.ExecuteAsync(IRelationalConnection connection, CancellationToken cancellationToken)
   at Microsoft.EntityFrameworkCore.SqlServer.Update.Internal.SqlServerModificationCommandBatch.ExecuteAsync(IRelationalConnection connection, CancellationToken cancellationToken)
   at Microsoft.EntityFrameworkCore.Update.Internal.BatchExecutor.ExecuteAsync(IEnumerable`1 commandBatches, IRelationalConnection connection, CancellationToken cancellationToken)
   at Microsoft.EntityFrameworkCore.Update.Internal.BatchExecutor.ExecuteAsync(IEnumerable`1 commandBatches, IRelationalConnection connection, CancellationToken cancellationToken)
   at Microsoft.EntityFrameworkCore.Update.Internal.BatchExecutor.ExecuteAsync(IEnumerable`1 commandBatches, IRelationalConnection connection, CancellationToken cancellationToken)
   at Microsoft.EntityFrameworkCore.Storage.RelationalDatabase.SaveChangesAsync(IList`1 entries, CancellationToken cancellationToken)
   at Microsoft.EntityFrameworkCore.ChangeTracking.Internal.StateManager.SaveChangesAsync(IList`1 entriesToSave, CancellationToken cancellationToken)
   at Microsoft.EntityFrameworkCore.ChangeTracking.Internal.StateManager.SaveChangesAsync(StateManager stateManager, Boolean acceptAllChangesOnSuccess, CancellationToken cancellationToken)
   at Microsoft.EntityFrameworkCore.SqlServer.Storage.Internal.SqlServerExecutionStrategy.ExecuteAsync[TState,TResult](TState state, Func`4 operation, Func`4 verifySucceeded, CancellationToken cancellationToken)
   at Microsoft.EntityFrameworkCore.DbContext.SaveChangesAsync(Boolean acceptAllChangesOnSuccess, CancellationToken cancellationToken)
Microsoft.EntityFrameworkCore.DbUpdateException: An error occurred while saving the entity changes. See the inner exception for details.
 ---> Microsoft.Data.SqlClient.SqlException (0x80131904): Cannot insert duplicate key row in object 'dbo.Invoices' with unique index 'IX_Invoices_InvoiceNumber'. The duplicate key value is (INV-20260814-12).
   at Microsoft.Data.SqlClient.SqlConnection.OnError(SqlException exception, Boolean breakConnection, Action`1 wrapCloseInAction)
   at Microsoft.Data.SqlClient.SqlInternalConnection.OnError(SqlException exception, Boolean breakConnection, Action`1 wrapCloseInAction)
   at Microsoft.Data.SqlClient.TdsParser.ThrowExceptionAndWarning(TdsParserStateObject stateObj, SqlCommand command, Boolean callerHasConnectionLock, Boolean asyncClose)
   at Microsoft.Data.SqlClient.TdsParser.TryRun(RunBehavior runBehavior, SqlCommand cmdHandler, SqlDataReader dataStream, BulkCopySimpleResultSet bulkCopyHandler, TdsParserStateObject stateObj, Boolean& dataReady)
   at Microsoft.Data.SqlClient.SqlDataReader.TryHasMoreRows(Boolean& moreRows)
   at Microsoft.Data.SqlClient.SqlDataReader.TryReadInternal(Boolean setTimeout, Boolean& more)
   at Microsoft.Data.SqlClient.SqlDataReader.ReadAsyncExecute(Task task, Object state)
   at Microsoft.Data.SqlClient.SqlDataReader.InvokeAsyncCall[T](SqlDataReaderBaseAsyncCallContext`1 context)
--- End of stack trace from previous location ---
   at Microsoft.EntityFrameworkCore.Update.AffectedCountModificationCommandBatch.ConsumeResultSetAsync(Int32 startCommandIndex, RelationalDataReader reader, CancellationToken cancellationToken)
ClientConnectionId:68bbcc27-9dca-4d43-93e2-50e6f28e5cd4
Hata Numarası: 2601,Durum: 1,Sınıf:14
   --- End of inner exception stack trace ---
   at Microsoft.EntityFrameworkCore.Update.AffectedCountModificationCommandBatch.ConsumeResultSetAsync(Int32 startCommandIndex, RelationalDataReader reader, CancellationToken cancellationToken)
   at Microsoft.EntityFrameworkCore.Update.AffectedCountModificationCommandBatch.ConsumeAsync(RelationalDataReader reader, CancellationToken cancellationToken)
   at Microsoft.EntityFrameworkCore.Update.ReaderModificationCommandBatch.ExecuteAsync(IRelationalConnection connection, CancellationToken cancellationToken)
   at Microsoft.EntityFrameworkCore.Update.ReaderModificationCommandBatch.ExecuteAsync(IRelationalConnection connection, CancellationToken cancellationToken)
   at Microsoft.EntityFrameworkCore.SqlServer.Update.Internal.SqlServerModificationCommandBatch.ExecuteAsync(IRelationalConnection connection, CancellationToken cancellationToken)
   at Microsoft.EntityFrameworkCore.Update.Internal.BatchExecutor.ExecuteAsync(IEnumerable`1 commandBatches, IRelationalConnection connection, CancellationToken cancellationToken)
   at Microsoft.EntityFrameworkCore.Update.Internal.BatchExecutor.ExecuteAsync(IEnumerable`1 commandBatches, IRelationalConnection connection, CancellationToken cancellationToken)
   at Microsoft.EntityFrameworkCore.Update.Internal.BatchExecutor.ExecuteAsync(IEnumerable`1 commandBatches, IRelationalConnection connection, CancellationToken cancellationToken)
   at Microsoft.EntityFrameworkCore.Storage.RelationalDatabase.SaveChangesAsync(IList`1 entries, CancellationToken cancellationToken)
   at Microsoft.EntityFrameworkCore.ChangeTracking.Internal.StateManager.SaveChangesAsync(IList`1 entriesToSave, CancellationToken cancellationToken)
   at Microsoft.EntityFrameworkCore.ChangeTracking.Internal.StateManager.SaveChangesAsync(StateManager stateManager, Boolean acceptAllChangesOnSuccess, CancellationToken cancellationToken)
   at Microsoft.EntityFrameworkCore.SqlServer.Storage.Internal.SqlServerExecutionStrategy.ExecuteAsync[TState,TResult](TState state, Func`4 operation, Func`4 verifySucceeded, CancellationToken cancellationToken)
   at Microsoft.EntityFrameworkCore.DbContext.SaveChangesAsync(Boolean acceptAllChangesOnSuccess, CancellationToken cancellationToken)
2026-08-14 14:13:18.643 +03:00 [INF] Executed action ECommerceManagement.Api.Controllers.SellerController.CreateInvoiceDraft (ECommerceManagement.Api) in 198.2165ms
2026-08-14 14:13:18.644 +03:00 [INF] Executed endpoint 'ECommerceManagement.Api.Controllers.SellerController.CreateInvoiceDraft (ECommerceManagement.Api)'
2026-08-14 14:13:18.644 +03:00 [ERR] HTTP POST /orders/invoice responded 500 in 244.2218 ms
Microsoft.EntityFrameworkCore.DbUpdateException: An error occurred while saving the entity changes. See the inner exception for details.
 ---> Microsoft.Data.SqlClient.SqlException (0x80131904): Cannot insert duplicate key row in object 'dbo.Invoices' with unique index 'IX_Invoices_InvoiceNumber'. The duplicate key value is (INV-20260814-12).
   at Microsoft.Data.SqlClient.SqlConnection.OnError(SqlException exception, Boolean breakConnection, Action`1 wrapCloseInAction)
   at Microsoft.Data.SqlClient.SqlInternalConnection.OnError(SqlException exception, Boolean breakConnection, Action`1 wrapCloseInAction)
   at Microsoft.Data.SqlClient.TdsParser.ThrowExceptionAndWarning(TdsParserStateObject stateObj, SqlCommand command, Boolean callerHasConnectionLock, Boolean asyncClose)
   at Microsoft.Data.SqlClient.TdsParser.TryRun(RunBehavior runBehavior, SqlCommand cmdHandler, SqlDataReader dataStream, BulkCopySimpleResultSet bulkCopyHandler, TdsParserStateObject stateObj, Boolean& dataReady)
   at Microsoft.Data.SqlClient.SqlDataReader.TryHasMoreRows(Boolean& moreRows)
   at Microsoft.Data.SqlClient.SqlDataReader.TryReadInternal(Boolean setTimeout, Boolean& more)
   at Microsoft.Data.SqlClient.SqlDataReader.ReadAsyncExecute(Task task, Object state)
   at Microsoft.Data.SqlClient.SqlDataReader.InvokeAsyncCall[T](SqlDataReaderBaseAsyncCallContext`1 context)
--- End of stack trace from previous location ---
   at Microsoft.EntityFrameworkCore.Update.AffectedCountModificationCommandBatch.ConsumeResultSetAsync(Int32 startCommandIndex, RelationalDataReader reader, CancellationToken cancellationToken)
ClientConnectionId:68bbcc27-9dca-4d43-93e2-50e6f28e5cd4
Hata Numarası: 2601,Durum: 1,Sınıf:14
   --- End of inner exception stack trace ---
   at Microsoft.EntityFrameworkCore.Update.AffectedCountModificationCommandBatch.ConsumeResultSetAsync(Int32 startCommandIndex, RelationalDataReader reader, CancellationToken cancellationToken)
   at Microsoft.EntityFrameworkCore.Update.AffectedCountModificationCommandBatch.ConsumeAsync(RelationalDataReader reader, CancellationToken cancellationToken)
   at Microsoft.EntityFrameworkCore.Update.ReaderModificationCommandBatch.ExecuteAsync(IRelationalConnection connection, CancellationToken cancellationToken)
   at Microsoft.EntityFrameworkCore.Update.ReaderModificationCommandBatch.ExecuteAsync(IRelationalConnection connection, CancellationToken cancellationToken)
   at Microsoft.EntityFrameworkCore.SqlServer.Update.Internal.SqlServerModificationCommandBatch.ExecuteAsync(IRelationalConnection connection, CancellationToken cancellationToken)
   at Microsoft.EntityFrameworkCore.Update.Internal.BatchExecutor.ExecuteAsync(IEnumerable`1 commandBatches, IRelationalConnection connection, CancellationToken cancellationToken)
   at Microsoft.EntityFrameworkCore.Update.Internal.BatchExecutor.ExecuteAsync(IEnumerable`1 commandBatches, IRelationalConnection connection, CancellationToken cancellationToken)
   at Microsoft.EntityFrameworkCore.Update.Internal.BatchExecutor.ExecuteAsync(IEnumerable`1 commandBatches, IRelationalConnection connection, CancellationToken cancellationToken)
   at Microsoft.EntityFrameworkCore.Storage.RelationalDatabase.SaveChangesAsync(IList`1 entries, CancellationToken cancellationToken)
   at Microsoft.EntityFrameworkCore.ChangeTracking.Internal.StateManager.SaveChangesAsync(IList`1 entriesToSave, CancellationToken cancellationToken)
   at Microsoft.EntityFrameworkCore.ChangeTracking.Internal.StateManager.SaveChangesAsync(StateManager stateManager, Boolean acceptAllChangesOnSuccess, CancellationToken cancellationToken)
   at Microsoft.EntityFrameworkCore.SqlServer.Storage.Internal.SqlServerExecutionStrategy.ExecuteAsync[TState,TResult](TState state, Func`4 operation, Func`4 verifySucceeded, CancellationToken cancellationToken)
   at Microsoft.EntityFrameworkCore.DbContext.SaveChangesAsync(Boolean acceptAllChangesOnSuccess, CancellationToken cancellationToken)
   at Microsoft.EntityFrameworkCore.DbContext.SaveChangesAsync(Boolean acceptAllChangesOnSuccess, CancellationToken cancellationToken)
   at ECommerceManagement.Repository.Repositories.UnitOfWork.SaveChangesAsync() in /Users/yigit/RiderProjects/ECommerceManagement/src/ECommerceManagement.Repository/Repositories/UnitOfWork.cs:line 17
   at ECommerceManagement.Application.Services.SellerOrderService.CreateInvoiceDraftAsync(Int32 orderId, Int32 sellerId) in /Users/yigit/RiderProjects/ECommerceManagement/src/ECommerceManagement.Application/Services/SellerOrderService.cs:line 172
   at ECommerceManagement.Api.Controllers.SellerController.CreateInvoiceDraft(Int32 sellerId, Int32 orderId) in /Users/yigit/RiderProjects/ECommerceManagement/src/ECommerceManagement.Api/Controllers/SellerController.cs:line 63
   at Microsoft.AspNetCore.Mvc.Infrastructure.ActionMethodExecutor.TaskOfIActionResultExecutor.Execute(ActionContext actionContext, IActionResultTypeMapper mapper, ObjectMethodExecutor executor, Object controller, Object[] arguments)
   at Microsoft.AspNetCore.Mvc.Infrastructure.ControllerActionInvoker.<InvokeActionMethodAsync>g__Awaited|12_0(ControllerActionInvoker invoker, ValueTask`1 actionResultValueTask)
   at Microsoft.AspNetCore.Mvc.Infrastructure.ControllerActionInvoker.<InvokeNextActionFilterAsync>g__Awaited|10_0(ControllerActionInvoker invoker, Task lastTask, State next, Scope scope, Object state, Boolean isCompleted)
   at Microsoft.AspNetCore.Mvc.Infrastructure.ControllerActionInvoker.Rethrow(ActionExecutedContextSealed context)
   at Microsoft.AspNetCore.Mvc.Infrastructure.ControllerActionInvoker.Next(State& next, Scope& scope, Object& state, Boolean& isCompleted)
   at Microsoft.AspNetCore.Mvc.Infrastructure.ControllerActionInvoker.<InvokeInnerFilterAsync>g__Awaited|13_0(ControllerActionInvoker invoker, Task lastTask, State next, Scope scope, Object state, Boolean isCompleted)
   at Microsoft.AspNetCore.Mvc.Infrastructure.ResourceInvoker.<InvokeFilterPipelineAsync>g__Awaited|20_0(ResourceInvoker invoker, Task lastTask, State next, Scope scope, Object state, Boolean isCompleted)
   at Microsoft.AspNetCore.Mvc.Infrastructure.ResourceInvoker.<InvokeAsync>g__Logged|17_1(ResourceInvoker invoker)
   at Microsoft.AspNetCore.Mvc.Infrastructure.ResourceInvoker.<InvokeAsync>g__Logged|17_1(ResourceInvoker invoker)
   at Microsoft.AspNetCore.Routing.EndpointMiddleware.<Invoke>g__AwaitRequestTask|7_0(Endpoint endpoint, Task requestTask, ILogger logger)
   at Microsoft.AspNetCore.Authorization.AuthorizationMiddleware.Invoke(HttpContext context)
   at Microsoft.AspNetCore.Authentication.AuthenticationMiddleware.Invoke(HttpContext context)
   at Swashbuckle.AspNetCore.SwaggerUI.SwaggerUIMiddleware.Invoke(HttpContext httpContext)
   at Swashbuckle.AspNetCore.Swagger.SwaggerMiddleware.Invoke(HttpContext httpContext, ISwaggerProvider swaggerProvider)
   at Serilog.AspNetCore.RequestLoggingMiddleware.Invoke(HttpContext httpContext)
2026-08-14 14:13:18.647 +03:00 [ERR] An unhandled exception has occurred while executing the request.
Microsoft.EntityFrameworkCore.DbUpdateException: An error occurred while saving the entity changes. See the inner exception for details.
 ---> Microsoft.Data.SqlClient.SqlException (0x80131904): Cannot insert duplicate key row in object 'dbo.Invoices' with unique index 'IX_Invoices_InvoiceNumber'. The duplicate key value is (INV-20260814-12).
   at Microsoft.Data.SqlClient.SqlConnection.OnError(SqlException exception, Boolean breakConnection, Action`1 wrapCloseInAction)
   at Microsoft.Data.SqlClient.SqlInternalConnection.OnError(SqlException exception, Boolean breakConnection, Action`1 wrapCloseInAction)
   at Microsoft.Data.SqlClient.TdsParser.ThrowExceptionAndWarning(TdsParserStateObject stateObj, SqlCommand command, Boolean callerHasConnectionLock, Boolean asyncClose)
   at Microsoft.Data.SqlClient.TdsParser.TryRun(RunBehavior runBehavior, SqlCommand cmdHandler, SqlDataReader dataStream, BulkCopySimpleResultSet bulkCopyHandler, TdsParserStateObject stateObj, Boolean& dataReady)
   at Microsoft.Data.SqlClient.SqlDataReader.TryHasMoreRows(Boolean& moreRows)
   at Microsoft.Data.SqlClient.SqlDataReader.TryReadInternal(Boolean setTimeout, Boolean& more)
   at Microsoft.Data.SqlClient.SqlDataReader.ReadAsyncExecute(Task task, Object state)
   at Microsoft.Data.SqlClient.SqlDataReader.InvokeAsyncCall[T](SqlDataReaderBaseAsyncCallContext`1 context)
--- End of stack trace from previous location ---
   at Microsoft.EntityFrameworkCore.Update.AffectedCountModificationCommandBatch.ConsumeResultSetAsync(Int32 startCommandIndex, RelationalDataReader reader, CancellationToken cancellationToken)
ClientConnectionId:68bbcc27-9dca-4d43-93e2-50e6f28e5cd4
Hata Numarası: 2601,Durum: 1,Sınıf:14
   --- End of inner exception stack trace ---
   at Microsoft.EntityFrameworkCore.Update.AffectedCountModificationCommandBatch.ConsumeResultSetAsync(Int32 startCommandIndex, RelationalDataReader reader, CancellationToken cancellationToken)
   at Microsoft.EntityFrameworkCore.Update.AffectedCountModificationCommandBatch.ConsumeAsync(RelationalDataReader reader, CancellationToken cancellationToken)
   at Microsoft.EntityFrameworkCore.Update.ReaderModificationCommandBatch.ExecuteAsync(IRelationalConnection connection, CancellationToken cancellationToken)
   at Microsoft.EntityFrameworkCore.Update.ReaderModificationCommandBatch.ExecuteAsync(IRelationalConnection connection, CancellationToken cancellationToken)
   at Microsoft.EntityFrameworkCore.SqlServer.Update.Internal.SqlServerModificationCommandBatch.ExecuteAsync(IRelationalConnection connection, CancellationToken cancellationToken)
   at Microsoft.EntityFrameworkCore.Update.Internal.BatchExecutor.ExecuteAsync(IEnumerable`1 commandBatches, IRelationalConnection connection, CancellationToken cancellationToken)
   at Microsoft.EntityFrameworkCore.Update.Internal.BatchExecutor.ExecuteAsync(IEnumerable`1 commandBatches, IRelationalConnection connection, CancellationToken cancellationToken)
   at Microsoft.EntityFrameworkCore.Update.Internal.BatchExecutor.ExecuteAsync(IEnumerable`1 commandBatches, IRelationalConnection connection, CancellationToken cancellationToken)
   at Microsoft.EntityFrameworkCore.Storage.RelationalDatabase.SaveChangesAsync(IList`1 entries, CancellationToken cancellationToken)
   at Microsoft.EntityFrameworkCore.ChangeTracking.Internal.StateManager.SaveChangesAsync(IList`1 entriesToSave, CancellationToken cancellationToken)
   at Microsoft.EntityFrameworkCore.ChangeTracking.Internal.StateManager.SaveChangesAsync(StateManager stateManager, Boolean acceptAllChangesOnSuccess, CancellationToken cancellationToken)
   at Microsoft.EntityFrameworkCore.SqlServer.Storage.Internal.SqlServerExecutionStrategy.ExecuteAsync[TState,TResult](TState state, Func`4 operation, Func`4 verifySucceeded, CancellationToken cancellationToken)
   at Microsoft.EntityFrameworkCore.DbContext.SaveChangesAsync(Boolean acceptAllChangesOnSuccess, CancellationToken cancellationToken)
   at Microsoft.EntityFrameworkCore.DbContext.SaveChangesAsync(Boolean acceptAllChangesOnSuccess, CancellationToken cancellationToken)
   at ECommerceManagement.Repository.Repositories.UnitOfWork.SaveChangesAsync() in /Users/yigit/RiderProjects/ECommerceManagement/src/ECommerceManagement.Repository/Repositories/UnitOfWork.cs:line 17
   at ECommerceManagement.Application.Services.SellerOrderService.CreateInvoiceDraftAsync(Int32 orderId, Int32 sellerId) in /Users/yigit/RiderProjects/ECommerceManagement/src/ECommerceManagement.Application/Services/SellerOrderService.cs:line 172
   at ECommerceManagement.Api.Controllers.SellerController.CreateInvoiceDraft(Int32 sellerId, Int32 orderId) in /Users/yigit/RiderProjects/ECommerceManagement/src/ECommerceManagement.Api/Controllers/SellerController.cs:line 63
   at Microsoft.AspNetCore.Mvc.Infrastructure.ActionMethodExecutor.TaskOfIActionResultExecutor.Execute(ActionContext actionContext, IActionResultTypeMapper mapper, ObjectMethodExecutor executor, Object controller, Object[] arguments)
   at Microsoft.AspNetCore.Mvc.Infrastructure.ControllerActionInvoker.<InvokeActionMethodAsync>g__Awaited|12_0(ControllerActionInvoker invoker, ValueTask`1 actionResultValueTask)
   at Microsoft.AspNetCore.Mvc.Infrastructure.ControllerActionInvoker.<InvokeNextActionFilterAsync>g__Awaited|10_0(ControllerActionInvoker invoker, Task lastTask, State next, Scope scope, Object state, Boolean isCompleted)
   at Microsoft.AspNetCore.Mvc.Infrastructure.ControllerActionInvoker.Rethrow(ActionExecutedContextSealed context)
   at Microsoft.AspNetCore.Mvc.Infrastructure.ControllerActionInvoker.Next(State& next, Scope& scope, Object& state, Boolean& isCompleted)
   at Microsoft.AspNetCore.Mvc.Infrastructure.ControllerActionInvoker.<InvokeInnerFilterAsync>g__Awaited|13_0(ControllerActionInvoker invoker, Task lastTask, State next, Scope scope, Object state, Boolean isCompleted)
   at Microsoft.AspNetCore.Mvc.Infrastructure.ResourceInvoker.<InvokeFilterPipelineAsync>g__Awaited|20_0(ResourceInvoker invoker, Task lastTask, State next, Scope scope, Object state, Boolean isCompleted)
   at Microsoft.AspNetCore.Mvc.Infrastructure.ResourceInvoker.<InvokeAsync>g__Logged|17_1(ResourceInvoker invoker)
   at Microsoft.AspNetCore.Mvc.Infrastructure.ResourceInvoker.<InvokeAsync>g__Logged|17_1(ResourceInvoker invoker)
   at Microsoft.AspNetCore.Routing.EndpointMiddleware.<Invoke>g__AwaitRequestTask|7_0(Endpoint endpoint, Task requestTask, ILogger logger)
   at Microsoft.AspNetCore.Authorization.AuthorizationMiddleware.Invoke(HttpContext context)
   at Microsoft.AspNetCore.Authentication.AuthenticationMiddleware.Invoke(HttpContext context)
   at Swashbuckle.AspNetCore.SwaggerUI.SwaggerUIMiddleware.Invoke(HttpContext httpContext)
   at Swashbuckle.AspNetCore.Swagger.SwaggerMiddleware.Invoke(HttpContext httpContext, ISwaggerProvider swaggerProvider)
   at Serilog.AspNetCore.RequestLoggingMiddleware.Invoke(HttpContext httpContext)
   at Microsoft.AspNetCore.Diagnostics.DeveloperExceptionPageMiddlewareImpl.Invoke(HttpContext context)
2026-08-14 14:13:18.651 +03:00 [INF] Request finished HTTP/1.1 POST http://localhost:5275/orders/invoice?sellerId=1&orderId=12 - 500 null text/plain; charset=utf-8 262.5175ms
2026-08-14 14:13:24.798 +03:00 [INF] Request starting HTTP/1.1 GET http://localhost:5275/orders/pending?sellerId=1 - null null
2026-08-14 14:13:24.805 +03:00 [INF] Executing endpoint 'ECommerceManagement.Api.Controllers.SellerController.GetPendingOrders (ECommerceManagement.Api)'
2026-08-14 14:13:24.812 +03:00 [INF] Route matched with {action = "GetPendingOrders", controller = "Seller"}. Executing controller action with signature System.Threading.Tasks.Task`1[Microsoft.AspNetCore.Mvc.IActionResult] GetPendingOrders(Int32) on controller ECommerceManagement.Api.Controllers.SellerController (ECommerceManagement.Api).
2026-08-14 14:13:24.869 +03:00 [INF] Executed DbCommand (4ms) [Parameters=[@sellerId='?' (DbType = Int32)], CommandType='"Text"', CommandTimeout='30']
SELECT [o].[Id], [o].[BillingAddressId], [o].[CreatedAt], [o].[CustomerId], [o].[SellerId], [o].[ShippingAddressId], [o].[Status], [o].[SysmondOrderId], [o].[TotalAmount], [o].[UpdatedAt], [c].[Id], [c].[CreatedAt], [c].[FirstName], [c].[LastName], [c].[Phone], [c].[UserId], [o0].[Id], [o0].[CreatedAt], [o0].[LineTotal], [o0].[OrderId], [o0].[ProductId], [o0].[Quantity], [o0].[SysmondOrderItemId], [o0].[UnitPrice]
FROM [Orders] AS [o]
INNER JOIN [Customers] AS [c] ON [o].[CustomerId] = [c].[Id]
LEFT JOIN [OrderItems] AS [o0] ON [o].[Id] = [o0].[OrderId]
WHERE [o].[SellerId] = @sellerId AND [o].[Status] = 0
ORDER BY [o].[Id], [c].[Id]
2026-08-14 14:13:25.449 +03:00 [INF] Executed DbCommand (4ms) [Parameters=[@productIds1='?' (DbType = Int32), @productIds2='?' (DbType = Int32)], CommandType='"Text"', CommandTimeout='30']
SELECT [p].[Id], [p].[CategoryId], [p].[CreatedAt], [p].[IsActive], [p].[Name], [p].[Price], [p].[Quantity], [p].[SellerId], [p].[Sku], [p].[SysmondStockId], [p].[UpdatedAt], [p].[WarehouseId]
FROM [Products] AS [p]
WHERE [p].[Id] IN (@productIds1, @productIds2)
2026-08-14 14:13:25.463 +03:00 [INF] Executing OkObjectResult, writing value of type 'System.Linq.Enumerable+OrderedIterator`2[[ECommerceManagement.Application.DTOs.Orders.OrderDto, ECommerceManagement.Application, Version=1.0.0.0, Culture=neutral, PublicKeyToken=null],[System.DateTime, System.Private.CoreLib, Version=10.0.0.0, Culture=neutral, PublicKeyToken=7cec85d7bea7798e]]'.
2026-08-14 14:13:25.472 +03:00 [INF] Executed action ECommerceManagement.Api.Controllers.SellerController.GetPendingOrders (ECommerceManagement.Api) in 659.982ms
2026-08-14 14:13:25.473 +03:00 [INF] Executed endpoint 'ECommerceManagement.Api.Controllers.SellerController.GetPendingOrders (ECommerceManagement.Api)'
2026-08-14 14:13:25.473 +03:00 [INF] HTTP GET /orders/pending responded 200 in 673.3412 ms
2026-08-14 14:13:25.473 +03:00 [INF] Request finished HTTP/1.1 GET http://localhost:5275/orders/pending?sellerId=1 - 200 null application/json; charset=utf-8 674.8514ms
2026-08-14 14:13:36.069 +03:00 [INF] Request starting HTTP/1.1 POST http://localhost:5275/orders/invoice?sellerId=1&orderId=10 - null 0
2026-08-14 14:13:36.074 +03:00 [INF] Executing endpoint 'ECommerceManagement.Api.Controllers.SellerController.CreateInvoiceDraft (ECommerceManagement.Api)'
2026-08-14 14:13:36.075 +03:00 [INF] Route matched with {action = "CreateInvoiceDraft", controller = "Seller"}. Executing controller action with signature System.Threading.Tasks.Task`1[Microsoft.AspNetCore.Mvc.IActionResult] CreateInvoiceDraft(Int32, Int32) on controller ECommerceManagement.Api.Controllers.SellerController (ECommerceManagement.Api).
2026-08-14 14:13:36.090 +03:00 [INF] Executed DbCommand (3ms) [Parameters=[@id='?' (DbType = Int32)], CommandType='"Text"', CommandTimeout='30']
SELECT [o1].[Id], [o1].[BillingAddressId], [o1].[CreatedAt], [o1].[CustomerId], [o1].[SellerId], [o1].[ShippingAddressId], [o1].[Status], [o1].[SysmondOrderId], [o1].[TotalAmount], [o1].[UpdatedAt], [o0].[Id], [o0].[CreatedAt], [o0].[LineTotal], [o0].[OrderId], [o0].[ProductId], [o0].[Quantity], [o0].[SysmondOrderItemId], [o0].[UnitPrice]
FROM (
    SELECT TOP(1) [o].[Id], [o].[BillingAddressId], [o].[CreatedAt], [o].[CustomerId], [o].[SellerId], [o].[ShippingAddressId], [o].[Status], [o].[SysmondOrderId], [o].[TotalAmount], [o].[UpdatedAt]
    FROM [Orders] AS [o]
    WHERE [o].[Id] = @id
) AS [o1]
LEFT JOIN [OrderItems] AS [o0] ON [o1].[Id] = [o0].[OrderId]
ORDER BY [o1].[Id]
2026-08-14 14:13:36.095 +03:00 [INF] Executed DbCommand (3ms) [Parameters=[@p='?' (DbType = Int32)], CommandType='"Text"', CommandTimeout='30']
SELECT TOP(1) [c].[Id], [c].[CreatedAt], [c].[FirstName], [c].[LastName], [c].[Phone], [c].[UserId]
FROM [Customers] AS [c]
WHERE [c].[Id] = @p
2026-08-14 14:13:36.102 +03:00 [INF] Executed DbCommand (2ms) [Parameters=[@p0='?' (Size = 4000), @p1='?' (DbType = Int32), @p2='?' (DbType = DateTime2), @p3='?' (Size = 4000), @p4='?' (Size = 450), @p5='?' (DbType = Int32), @p6='?' (DbType = Int32), @p7='?' (DbType = Int32), @p8='?' (Precision = 18) (Scale = 2) (DbType = Decimal)], CommandType='"Text"', CommandTimeout='30']
SET IMPLICIT_TRANSACTIONS OFF;
SET NOCOUNT ON;
INSERT INTO [Invoices] ([AxIntegrationId], [AxIntegrationStatus], [CreatedAt], [CustomerName], [InvoiceNumber], [OrderId], [SellerId], [Status], [TotalAmount])
OUTPUT INSERTED.[Id]
VALUES (@p0, @p1, @p2, @p3, @p4, @p5, @p6, @p7, @p8);
2026-08-14 14:13:36.116 +03:00 [INF] Executed DbCommand (4ms) [Parameters=[@p9='?' (DbType = DateTime2), @p10='?' (DbType = Int32), @p11='?' (Precision = 18) (Scale = 2) (DbType = Decimal), @p12='?' (DbType = Int32), @p13='?' (DbType = Int32), @p14='?' (Precision = 18) (Scale = 2) (DbType = Decimal), @p15='?' (Precision = 18) (Scale = 2) (DbType = Decimal)], CommandType='"Text"', CommandTimeout='30']
SET IMPLICIT_TRANSACTIONS OFF;
SET NOCOUNT ON;
INSERT INTO [InvoiceItems] ([CreatedAt], [InvoiceId], [LineTotal], [ProductId], [Quantity], [TaxRate], [UnitPrice])
OUTPUT INSERTED.[Id]
VALUES (@p9, @p10, @p11, @p12, @p13, @p14, @p15);
2026-08-14 14:13:36.131 +03:00 [INF] Executing OkObjectResult, writing value of type 'ECommerceManagement.Application.DTOs.Invoices.InvoiceDto'.
2026-08-14 14:13:36.136 +03:00 [INF] Executed action ECommerceManagement.Api.Controllers.SellerController.CreateInvoiceDraft (ECommerceManagement.Api) in 61.285ms
2026-08-14 14:13:36.136 +03:00 [INF] Executed endpoint 'ECommerceManagement.Api.Controllers.SellerController.CreateInvoiceDraft (ECommerceManagement.Api)'
2026-08-14 14:13:36.136 +03:00 [INF] HTTP POST /orders/invoice responded 200 in 66.5712 ms
2026-08-14 14:13:36.136 +03:00 [INF] Request finished HTTP/1.1 POST http://localhost:5275/orders/invoice?sellerId=1&orderId=10 - 200 null application/json; charset=utf-8 66.9474ms
2026-08-14 14:35:04.211 +03:00 [INF] Application is shutting down...
2026-08-14 14:35:09.865 +03:00 [INF] Executed DbCommand (14ms) [Parameters=[], CommandType='"Text"', CommandTimeout='30']
SELECT CASE
    WHEN EXISTS (
        SELECT 1
        FROM [Users] AS [u]
        WHERE [u].[Email] = N'superadmin@sistem.com') THEN CAST(1 AS bit)
    ELSE CAST(0 AS bit)
END
2026-08-14 14:35:09.887 +03:00 [INF] Executed DbCommand (3ms) [Parameters=[], CommandType='"Text"', CommandTimeout='30']
SELECT CASE
    WHEN EXISTS (
        SELECT 1
        FROM [Users] AS [u]
        WHERE [u].[Email] = N'admin@sistem.com') THEN CAST(1 AS bit)
    ELSE CAST(0 AS bit)
END
2026-08-14 14:35:09.890 +03:00 [INF] User profile is available. Using '/Users/yigit/.aspnet/DataProtection-Keys' as key repository; keys will not be encrypted at rest.
2026-08-14 14:35:09.908 +03:00 [INF] Now listening on: http://localhost:5275
2026-08-14 14:35:09.909 +03:00 [INF] Application started. Press Ctrl+C to shut down.
2026-08-14 14:35:09.909 +03:00 [INF] Hosting environment: Development
2026-08-14 14:35:09.909 +03:00 [INF] Content root path: /Users/yigit/RiderProjects/ECommerceManagement/src/ECommerceManagement.Api
2026-08-14 14:35:17.036 +03:00 [INF] Request starting HTTP/1.1 GET http://localhost:5275/index.html - null null
2026-08-14 14:35:17.077 +03:00 [INF] HTTP GET /index.html responded 200 in 29.3717 ms
2026-08-14 14:35:17.078 +03:00 [INF] Request finished HTTP/1.1 GET http://localhost:5275/index.html - 200 null text/html;charset=utf-8 43.3861ms
2026-08-14 14:35:17.553 +03:00 [INF] Request starting HTTP/1.1 GET http://localhost:5275/swagger/v1/swagger.json - null null
2026-08-14 14:35:17.609 +03:00 [INF] HTTP GET /swagger/v1/swagger.json responded 200 in 53.4307 ms
2026-08-14 14:35:17.609 +03:00 [INF] Request finished HTTP/1.1 GET http://localhost:5275/swagger/v1/swagger.json - 200 null application/json;charset=utf-8 55.5594ms
2026-08-14 14:35:31.967 +03:00 [INF] Request starting HTTP/1.1 POST http://localhost:5275/api/Auth/login - application/json 62
2026-08-14 14:35:31.970 +03:00 [WRN] Failed to determine the https port for redirect.
2026-08-14 14:35:31.996 +03:00 [INF] Executing endpoint 'ECommerceManagement.Api.Controllers.AuthController.Login (ECommerceManagement.Api)'
2026-08-14 14:35:32.004 +03:00 [INF] Route matched with {action = "Login", controller = "Auth"}. Executing controller action with signature System.Threading.Tasks.Task`1[Microsoft.AspNetCore.Mvc.IActionResult] Login(ECommerceManagement.Application.DTOs.Auth.LoginDto) on controller ECommerceManagement.Api.Controllers.AuthController (ECommerceManagement.Api).
2026-08-14 14:35:32.037 +03:00 [WRN] You do not have a valid license key for the Lucky Penny software AutoMapper. This is allowed for development and testing scenarios. If you are running in production you are required to have a licensed version. Please visit https://luckypennysoftware.com to obtain a valid license.
2026-08-14 14:35:32.077 +03:00 [INF] Executed DbCommand (8ms) [Parameters=[@dto_Email='?' (Size = 450)], CommandType='"Text"', CommandTimeout='30']
SELECT TOP(1) [u].[Id], [u].[CreatedAt], [u].[Email], [u].[IsActive], [u].[PasswordHash], [u].[RefreshToken], [u].[RefreshTokenExpiresAt], [u].[Username]
FROM [Users] AS [u]
WHERE [u].[Email] = @dto_Email
2026-08-14 14:35:32.127 +03:00 [INF] Executed DbCommand (3ms) [Parameters=[@user_Id='?' (DbType = Int32)], CommandType='"Text"', CommandTimeout='30']
SELECT [u].[UserId], [u].[RoleId]
FROM [UserRoles] AS [u]
WHERE [u].[UserId] = @user_Id
2026-08-14 14:35:32.149 +03:00 [INF] Executed DbCommand (2ms) [Parameters=[@roleIds1='?' (DbType = Int32)], CommandType='"Text"', CommandTimeout='30']
SELECT [r].[Id], [r].[CreatedAt], [r].[Name]
FROM [Roles] AS [r]
WHERE [r].[Id] = @roleIds1
2026-08-14 14:35:32.195 +03:00 [INF] Executed DbCommand (8ms) [Parameters=[@p7='?' (DbType = Int32), @p0='?' (DbType = DateTime2), @p1='?' (Size = 450), @p2='?' (DbType = Boolean), @p3='?' (Size = 4000), @p4='?' (Size = 4000), @p5='?' (DbType = DateTime2), @p6='?' (Size = 4000)], CommandType='"Text"', CommandTimeout='30']
SET IMPLICIT_TRANSACTIONS OFF;
SET NOCOUNT ON;
UPDATE [Users] SET [CreatedAt] = @p0, [Email] = @p1, [IsActive] = @p2, [PasswordHash] = @p3, [RefreshToken] = @p4, [RefreshTokenExpiresAt] = @p5, [Username] = @p6
OUTPUT 1
WHERE [Id] = @p7;
2026-08-14 14:35:32.199 +03:00 [INF] Executing OkObjectResult, writing value of type 'ECommerceManagement.Application.DTOs.Auth.TokenResponseDto'.
2026-08-14 14:35:32.203 +03:00 [INF] Executed action ECommerceManagement.Api.Controllers.AuthController.Login (ECommerceManagement.Api) in 197.4224ms
2026-08-14 14:35:32.203 +03:00 [INF] Executed endpoint 'ECommerceManagement.Api.Controllers.AuthController.Login (ECommerceManagement.Api)'
2026-08-14 14:35:32.204 +03:00 [INF] HTTP POST /api/Auth/login responded 200 in 235.6228 ms
2026-08-14 14:35:32.205 +03:00 [INF] Request finished HTTP/1.1 POST http://localhost:5275/api/Auth/login - 200 null application/json; charset=utf-8 237.7587ms
2026-08-14 14:35:55.368 +03:00 [INF] Request starting HTTP/1.1 GET http://localhost:5275/orders/pending?sellerId=1 - null null
2026-08-14 14:35:55.406 +03:00 [INF] Executing endpoint 'ECommerceManagement.Api.Controllers.SellerController.GetPendingOrders (ECommerceManagement.Api)'
2026-08-14 14:35:55.411 +03:00 [INF] Route matched with {action = "GetPendingOrders", controller = "Seller"}. Executing controller action with signature System.Threading.Tasks.Task`1[Microsoft.AspNetCore.Mvc.IActionResult] GetPendingOrders(Int32) on controller ECommerceManagement.Api.Controllers.SellerController (ECommerceManagement.Api).
2026-08-14 14:35:55.481 +03:00 [INF] Executed DbCommand (8ms) [Parameters=[@sellerId='?' (DbType = Int32)], CommandType='"Text"', CommandTimeout='30']
SELECT [o].[Id], [o].[BillingAddressId], [o].[CreatedAt], [o].[CustomerId], [o].[SellerId], [o].[ShippingAddressId], [o].[Status], [o].[SysmondOrderId], [o].[TotalAmount], [o].[UpdatedAt], [c].[Id], [c].[CreatedAt], [c].[FirstName], [c].[LastName], [c].[Phone], [c].[UserId], [o0].[Id], [o0].[CreatedAt], [o0].[LineTotal], [o0].[OrderId], [o0].[ProductId], [o0].[Quantity], [o0].[SysmondOrderItemId], [o0].[UnitPrice]
FROM [Orders] AS [o]
INNER JOIN [Customers] AS [c] ON [o].[CustomerId] = [c].[Id]
LEFT JOIN [OrderItems] AS [o0] ON [o].[Id] = [o0].[OrderId]
WHERE [o].[SellerId] = @sellerId AND [o].[Status] = 0
ORDER BY [o].[Id], [c].[Id]
2026-08-14 14:35:55.988 +03:00 [INF] Executed DbCommand (3ms) [Parameters=[@productIds1='?' (DbType = Int32), @productIds2='?' (DbType = Int32)], CommandType='"Text"', CommandTimeout='30']
SELECT [p].[Id], [p].[CategoryId], [p].[CreatedAt], [p].[IsActive], [p].[Name], [p].[Price], [p].[Quantity], [p].[SellerId], [p].[Sku], [p].[SysmondStockId], [p].[UpdatedAt], [p].[WarehouseId]
FROM [Products] AS [p]
WHERE [p].[Id] IN (@productIds1, @productIds2)
2026-08-14 14:35:56.005 +03:00 [INF] Executing OkObjectResult, writing value of type 'System.Linq.Enumerable+OrderedIterator`2[[ECommerceManagement.Application.DTOs.Orders.OrderDto, ECommerceManagement.Application, Version=1.0.0.0, Culture=neutral, PublicKeyToken=null],[System.DateTime, System.Private.CoreLib, Version=10.0.0.0, Culture=neutral, PublicKeyToken=7cec85d7bea7798e]]'.
2026-08-14 14:35:56.012 +03:00 [INF] Executed action ECommerceManagement.Api.Controllers.SellerController.GetPendingOrders (ECommerceManagement.Api) in 600.7771ms
2026-08-14 14:35:56.012 +03:00 [INF] Executed endpoint 'ECommerceManagement.Api.Controllers.SellerController.GetPendingOrders (ECommerceManagement.Api)'
2026-08-14 14:35:56.012 +03:00 [INF] HTTP GET /orders/pending responded 200 in 643.2393 ms
2026-08-14 14:35:56.012 +03:00 [INF] Request finished HTTP/1.1 GET http://localhost:5275/orders/pending?sellerId=1 - 200 null application/json; charset=utf-8 644.0552ms
2026-08-14 14:36:48.850 +03:00 [INF] Request starting HTTP/1.1 POST http://localhost:5275/orders/invoice?sellerId=1&orderId=12 - null 0
2026-08-14 14:36:48.872 +03:00 [INF] Executing endpoint 'ECommerceManagement.Api.Controllers.SellerController.CreateAndConfirmInvoice (ECommerceManagement.Api)'
2026-08-14 14:36:48.881 +03:00 [INF] Route matched with {action = "CreateAndConfirmInvoice", controller = "Seller"}. Executing controller action with signature System.Threading.Tasks.Task`1[Microsoft.AspNetCore.Mvc.IActionResult] CreateAndConfirmInvoice(Int32, Int32) on controller ECommerceManagement.Api.Controllers.SellerController (ECommerceManagement.Api).
2026-08-14 14:36:48.927 +03:00 [INF] Executed DbCommand (18ms) [Parameters=[@id='?' (DbType = Int32)], CommandType='"Text"', CommandTimeout='30']
SELECT [o1].[Id], [o1].[BillingAddressId], [o1].[CreatedAt], [o1].[CustomerId], [o1].[SellerId], [o1].[ShippingAddressId], [o1].[Status], [o1].[SysmondOrderId], [o1].[TotalAmount], [o1].[UpdatedAt], [o0].[Id], [o0].[CreatedAt], [o0].[LineTotal], [o0].[OrderId], [o0].[ProductId], [o0].[Quantity], [o0].[SysmondOrderItemId], [o0].[UnitPrice]
FROM (
    SELECT TOP(1) [o].[Id], [o].[BillingAddressId], [o].[CreatedAt], [o].[CustomerId], [o].[SellerId], [o].[ShippingAddressId], [o].[Status], [o].[SysmondOrderId], [o].[TotalAmount], [o].[UpdatedAt]
    FROM [Orders] AS [o]
    WHERE [o].[Id] = @id
) AS [o1]
LEFT JOIN [OrderItems] AS [o0] ON [o1].[Id] = [o0].[OrderId]
ORDER BY [o1].[Id]
2026-08-14 14:36:48.939 +03:00 [INF] Executed DbCommand (3ms) [Parameters=[@p='?' (DbType = Int32)], CommandType='"Text"', CommandTimeout='30']
SELECT TOP(1) [c].[Id], [c].[CreatedAt], [c].[FirstName], [c].[LastName], [c].[Phone], [c].[UserId]
FROM [Customers] AS [c]
WHERE [c].[Id] = @p
2026-08-14 14:36:49.529 +03:00 [INF] Executed DbCommand (3ms) [Parameters=[@p='?' (DbType = Int32)], CommandType='"Text"', CommandTimeout='30']
SELECT TOP(1) [p].[Id], [p].[CategoryId], [p].[CreatedAt], [p].[IsActive], [p].[Name], [p].[Price], [p].[Quantity], [p].[SellerId], [p].[Sku], [p].[SysmondStockId], [p].[UpdatedAt], [p].[WarehouseId]
FROM [Products] AS [p]
WHERE [p].[Id] = @p
2026-08-14 14:36:49.632 +03:00 [INF] Executed action ECommerceManagement.Api.Controllers.SellerController.CreateAndConfirmInvoice (ECommerceManagement.Api) in 750.3847ms
2026-08-14 14:36:49.632 +03:00 [INF] Executed endpoint 'ECommerceManagement.Api.Controllers.SellerController.CreateAndConfirmInvoice (ECommerceManagement.Api)'
2026-08-14 14:36:49.632 +03:00 [ERR] HTTP POST /orders/invoice responded 500 in 774.7542 ms
System.Exception: Sysmond'da fatura işlemi yapılırken hata oluştu: Sysmond faturaya kalem eklenemedi: {"error":{"code":null,"message":"İşleminiz geçerli değil!","details":"Aşağıdaki hatalar doğrulama sırasında tespit edilmiştir.\r\n - Stok fiyat seçimi zorunlu\r\n","data":null,"validationErrors":[{"message":"Stok fiyat seçimi zorunlu","members":["stockPriceId"]}]}}
   at ECommerceManagement.Application.Services.SellerOrderService.CreateAndConfirmInvoiceAsync(Int32 orderId, Int32 sellerId) in /Users/yigit/RiderProjects/ECommerceManagement/src/ECommerceManagement.Application/Services/SellerOrderService.cs:line 238
   at ECommerceManagement.Api.Controllers.SellerController.CreateAndConfirmInvoice(Int32 sellerId, Int32 orderId) in /Users/yigit/RiderProjects/ECommerceManagement/src/ECommerceManagement.Api/Controllers/SellerController.cs:line 63
   at Microsoft.AspNetCore.Mvc.Infrastructure.ActionMethodExecutor.TaskOfIActionResultExecutor.Execute(ActionContext actionContext, IActionResultTypeMapper mapper, ObjectMethodExecutor executor, Object controller, Object[] arguments)
   at Microsoft.AspNetCore.Mvc.Infrastructure.ControllerActionInvoker.<InvokeActionMethodAsync>g__Awaited|12_0(ControllerActionInvoker invoker, ValueTask`1 actionResultValueTask)
   at Microsoft.AspNetCore.Mvc.Infrastructure.ControllerActionInvoker.<InvokeNextActionFilterAsync>g__Awaited|10_0(ControllerActionInvoker invoker, Task lastTask, State next, Scope scope, Object state, Boolean isCompleted)
   at Microsoft.AspNetCore.Mvc.Infrastructure.ControllerActionInvoker.Rethrow(ActionExecutedContextSealed context)
   at Microsoft.AspNetCore.Mvc.Infrastructure.ControllerActionInvoker.Next(State& next, Scope& scope, Object& state, Boolean& isCompleted)
   at Microsoft.AspNetCore.Mvc.Infrastructure.ControllerActionInvoker.<InvokeInnerFilterAsync>g__Awaited|13_0(ControllerActionInvoker invoker, Task lastTask, State next, Scope scope, Object state, Boolean isCompleted)
   at Microsoft.AspNetCore.Mvc.Infrastructure.ResourceInvoker.<InvokeFilterPipelineAsync>g__Awaited|20_0(ResourceInvoker invoker, Task lastTask, State next, Scope scope, Object state, Boolean isCompleted)
   at Microsoft.AspNetCore.Mvc.Infrastructure.ResourceInvoker.<InvokeAsync>g__Logged|17_1(ResourceInvoker invoker)
   at Microsoft.AspNetCore.Mvc.Infrastructure.ResourceInvoker.<InvokeAsync>g__Logged|17_1(ResourceInvoker invoker)
   at Microsoft.AspNetCore.Routing.EndpointMiddleware.<Invoke>g__AwaitRequestTask|7_0(Endpoint endpoint, Task requestTask, ILogger logger)
   at Microsoft.AspNetCore.Authorization.AuthorizationMiddleware.Invoke(HttpContext context)
   at Microsoft.AspNetCore.Authentication.AuthenticationMiddleware.Invoke(HttpContext context)
   at Swashbuckle.AspNetCore.SwaggerUI.SwaggerUIMiddleware.Invoke(HttpContext httpContext)
   at Swashbuckle.AspNetCore.Swagger.SwaggerMiddleware.Invoke(HttpContext httpContext, ISwaggerProvider swaggerProvider)
   at Serilog.AspNetCore.RequestLoggingMiddleware.Invoke(HttpContext httpContext)
2026-08-14 14:36:49.642 +03:00 [ERR] An unhandled exception has occurred while executing the request.
System.Exception: Sysmond'da fatura işlemi yapılırken hata oluştu: Sysmond faturaya kalem eklenemedi: {"error":{"code":null,"message":"İşleminiz geçerli değil!","details":"Aşağıdaki hatalar doğrulama sırasında tespit edilmiştir.\r\n - Stok fiyat seçimi zorunlu\r\n","data":null,"validationErrors":[{"message":"Stok fiyat seçimi zorunlu","members":["stockPriceId"]}]}}
   at ECommerceManagement.Application.Services.SellerOrderService.CreateAndConfirmInvoiceAsync(Int32 orderId, Int32 sellerId) in /Users/yigit/RiderProjects/ECommerceManagement/src/ECommerceManagement.Application/Services/SellerOrderService.cs:line 238
   at ECommerceManagement.Api.Controllers.SellerController.CreateAndConfirmInvoice(Int32 sellerId, Int32 orderId) in /Users/yigit/RiderProjects/ECommerceManagement/src/ECommerceManagement.Api/Controllers/SellerController.cs:line 63
   at Microsoft.AspNetCore.Mvc.Infrastructure.ActionMethodExecutor.TaskOfIActionResultExecutor.Execute(ActionContext actionContext, IActionResultTypeMapper mapper, ObjectMethodExecutor executor, Object controller, Object[] arguments)
   at Microsoft.AspNetCore.Mvc.Infrastructure.ControllerActionInvoker.<InvokeActionMethodAsync>g__Awaited|12_0(ControllerActionInvoker invoker, ValueTask`1 actionResultValueTask)
   at Microsoft.AspNetCore.Mvc.Infrastructure.ControllerActionInvoker.<InvokeNextActionFilterAsync>g__Awaited|10_0(ControllerActionInvoker invoker, Task lastTask, State next, Scope scope, Object state, Boolean isCompleted)
   at Microsoft.AspNetCore.Mvc.Infrastructure.ControllerActionInvoker.Rethrow(ActionExecutedContextSealed context)
   at Microsoft.AspNetCore.Mvc.Infrastructure.ControllerActionInvoker.Next(State& next, Scope& scope, Object& state, Boolean& isCompleted)
   at Microsoft.AspNetCore.Mvc.Infrastructure.ControllerActionInvoker.<InvokeInnerFilterAsync>g__Awaited|13_0(ControllerActionInvoker invoker, Task lastTask, State next, Scope scope, Object state, Boolean isCompleted)
   at Microsoft.AspNetCore.Mvc.Infrastructure.ResourceInvoker.<InvokeFilterPipelineAsync>g__Awaited|20_0(ResourceInvoker invoker, Task lastTask, State next, Scope scope, Object state, Boolean isCompleted)
   at Microsoft.AspNetCore.Mvc.Infrastructure.ResourceInvoker.<InvokeAsync>g__Logged|17_1(ResourceInvoker invoker)
   at Microsoft.AspNetCore.Mvc.Infrastructure.ResourceInvoker.<InvokeAsync>g__Logged|17_1(ResourceInvoker invoker)
   at Microsoft.AspNetCore.Routing.EndpointMiddleware.<Invoke>g__AwaitRequestTask|7_0(Endpoint endpoint, Task requestTask, ILogger logger)
   at Microsoft.AspNetCore.Authorization.AuthorizationMiddleware.Invoke(HttpContext context)
   at Microsoft.AspNetCore.Authentication.AuthenticationMiddleware.Invoke(HttpContext context)
   at Swashbuckle.AspNetCore.SwaggerUI.SwaggerUIMiddleware.Invoke(HttpContext httpContext)
   at Swashbuckle.AspNetCore.Swagger.SwaggerMiddleware.Invoke(HttpContext httpContext, ISwaggerProvider swaggerProvider)
   at Serilog.AspNetCore.RequestLoggingMiddleware.Invoke(HttpContext httpContext)
   at Microsoft.AspNetCore.Diagnostics.DeveloperExceptionPageMiddlewareImpl.Invoke(HttpContext context)
2026-08-14 14:36:49.644 +03:00 [INF] Request finished HTTP/1.1 POST http://localhost:5275/orders/invoice?sellerId=1&orderId=12 - 500 null text/plain; charset=utf-8 794.1822ms
2026-08-14 14:40:56.509 +03:00 [INF] Application is shutting down...
2026-08-14 14:40:59.083 +03:00 [INF] Executed DbCommand (13ms) [Parameters=[], CommandType='"Text"', CommandTimeout='30']
SELECT CASE
    WHEN EXISTS (
        SELECT 1
        FROM [Users] AS [u]
        WHERE [u].[Email] = N'superadmin@sistem.com') THEN CAST(1 AS bit)
    ELSE CAST(0 AS bit)
END
2026-08-14 14:40:59.105 +03:00 [INF] Executed DbCommand (2ms) [Parameters=[], CommandType='"Text"', CommandTimeout='30']
SELECT CASE
    WHEN EXISTS (
        SELECT 1
        FROM [Users] AS [u]
        WHERE [u].[Email] = N'admin@sistem.com') THEN CAST(1 AS bit)
    ELSE CAST(0 AS bit)
END
2026-08-14 14:40:59.108 +03:00 [INF] User profile is available. Using '/Users/yigit/.aspnet/DataProtection-Keys' as key repository; keys will not be encrypted at rest.
2026-08-14 14:40:59.126 +03:00 [INF] Now listening on: http://localhost:5275
2026-08-14 14:40:59.126 +03:00 [INF] Application started. Press Ctrl+C to shut down.
2026-08-14 14:40:59.126 +03:00 [INF] Hosting environment: Development
2026-08-14 14:40:59.126 +03:00 [INF] Content root path: /Users/yigit/RiderProjects/ECommerceManagement/src/ECommerceManagement.Api
2026-08-14 14:41:07.405 +03:00 [INF] Request starting HTTP/1.1 POST http://localhost:5275/orders/invoice?sellerId=1&orderId=12 - null 0
2026-08-14 14:41:07.423 +03:00 [WRN] Failed to determine the https port for redirect.
2026-08-14 14:41:07.454 +03:00 [INF] Executing endpoint 'ECommerceManagement.Api.Controllers.SellerController.CreateAndConfirmInvoice (ECommerceManagement.Api)'
2026-08-14 14:41:07.460 +03:00 [INF] Route matched with {action = "CreateAndConfirmInvoice", controller = "Seller"}. Executing controller action with signature System.Threading.Tasks.Task`1[Microsoft.AspNetCore.Mvc.IActionResult] CreateAndConfirmInvoice(Int32, Int32) on controller ECommerceManagement.Api.Controllers.SellerController (ECommerceManagement.Api).
2026-08-14 14:41:07.486 +03:00 [WRN] You do not have a valid license key for the Lucky Penny software AutoMapper. This is allowed for development and testing scenarios. If you are running in production you are required to have a licensed version. Please visit https://luckypennysoftware.com to obtain a valid license.
2026-08-14 14:41:07.543 +03:00 [INF] Executed DbCommand (9ms) [Parameters=[@id='?' (DbType = Int32)], CommandType='"Text"', CommandTimeout='30']
SELECT [o1].[Id], [o1].[BillingAddressId], [o1].[CreatedAt], [o1].[CustomerId], [o1].[SellerId], [o1].[ShippingAddressId], [o1].[Status], [o1].[SysmondOrderId], [o1].[TotalAmount], [o1].[UpdatedAt], [o0].[Id], [o0].[CreatedAt], [o0].[LineTotal], [o0].[OrderId], [o0].[ProductId], [o0].[Quantity], [o0].[SysmondOrderItemId], [o0].[UnitPrice]
FROM (
    SELECT TOP(1) [o].[Id], [o].[BillingAddressId], [o].[CreatedAt], [o].[CustomerId], [o].[SellerId], [o].[ShippingAddressId], [o].[Status], [o].[SysmondOrderId], [o].[TotalAmount], [o].[UpdatedAt]
    FROM [Orders] AS [o]
    WHERE [o].[Id] = @id
) AS [o1]
LEFT JOIN [OrderItems] AS [o0] ON [o1].[Id] = [o0].[OrderId]
ORDER BY [o1].[Id]
2026-08-14 14:41:07.572 +03:00 [INF] Executed DbCommand (2ms) [Parameters=[@p='?' (DbType = Int32)], CommandType='"Text"', CommandTimeout='30']
SELECT TOP(1) [c].[Id], [c].[CreatedAt], [c].[FirstName], [c].[LastName], [c].[Phone], [c].[UserId]
FROM [Customers] AS [c]
WHERE [c].[Id] = @p
2026-08-14 14:41:08.445 +03:00 [INF] Executed DbCommand (4ms) [Parameters=[@p='?' (DbType = Int32)], CommandType='"Text"', CommandTimeout='30']
SELECT TOP(1) [p].[Id], [p].[CategoryId], [p].[CreatedAt], [p].[IsActive], [p].[Name], [p].[Price], [p].[Quantity], [p].[SellerId], [p].[Sku], [p].[SysmondStockId], [p].[UpdatedAt], [p].[WarehouseId]
FROM [Products] AS [p]
WHERE [p].[Id] = @p
2026-08-14 14:41:08.795 +03:00 [INF] Executed DbCommand (26ms) [Parameters=[@p0='?' (Size = 4000), @p1='?' (DbType = Int32), @p2='?' (DbType = DateTime2), @p3='?' (Size = 4000), @p4='?' (Size = 450), @p5='?' (DbType = Int32), @p6='?' (DbType = Int32), @p7='?' (DbType = Int32), @p8='?' (Precision = 18) (Scale = 2) (DbType = Decimal), @p18='?' (DbType = Int32), @p9='?' (DbType = Int32), @p10='?' (DbType = DateTime2), @p11='?' (DbType = Int32), @p12='?' (DbType = Int32), @p13='?' (DbType = Int32), @p14='?' (DbType = Int32), @p15='?' (DbType = Guid), @p16='?' (Precision = 18) (Scale = 2) (DbType = Decimal), @p17='?' (DbType = DateTime2)], CommandType='"Text"', CommandTimeout='30']
SET NOCOUNT ON;
INSERT INTO [Invoices] ([AxIntegrationId], [AxIntegrationStatus], [CreatedAt], [CustomerName], [InvoiceNumber], [OrderId], [SellerId], [Status], [TotalAmount])
OUTPUT INSERTED.[Id]
VALUES (@p0, @p1, @p2, @p3, @p4, @p5, @p6, @p7, @p8);
UPDATE [Orders] SET [BillingAddressId] = @p9, [CreatedAt] = @p10, [CustomerId] = @p11, [SellerId] = @p12, [ShippingAddressId] = @p13, [Status] = @p14, [SysmondOrderId] = @p15, [TotalAmount] = @p16, [UpdatedAt] = @p17
OUTPUT 1
WHERE [Id] = @p18;
2026-08-14 14:41:08.804 +03:00 [INF] Executed DbCommand (3ms) [Parameters=[@p19='?' (DbType = DateTime2), @p20='?' (DbType = Int32), @p21='?' (Precision = 18) (Scale = 2) (DbType = Decimal), @p22='?' (DbType = Int32), @p23='?' (DbType = Int32), @p24='?' (Precision = 18) (Scale = 2) (DbType = Decimal), @p25='?' (Precision = 18) (Scale = 2) (DbType = Decimal)], CommandType='"Text"', CommandTimeout='30']
SET IMPLICIT_TRANSACTIONS OFF;
SET NOCOUNT ON;
INSERT INTO [InvoiceItems] ([CreatedAt], [InvoiceId], [LineTotal], [ProductId], [Quantity], [TaxRate], [UnitPrice])
OUTPUT INSERTED.[Id]
VALUES (@p19, @p20, @p21, @p22, @p23, @p24, @p25);
2026-08-14 14:41:08.821 +03:00 [INF] Executing OkObjectResult, writing value of type 'ECommerceManagement.Application.DTOs.Invoices.InvoiceDto'.
2026-08-14 14:41:08.828 +03:00 [INF] Executed action ECommerceManagement.Api.Controllers.SellerController.CreateAndConfirmInvoice (ECommerceManagement.Api) in 1366.8777ms
2026-08-14 14:41:08.828 +03:00 [INF] Executed endpoint 'ECommerceManagement.Api.Controllers.SellerController.CreateAndConfirmInvoice (ECommerceManagement.Api)'
2026-08-14 14:41:08.829 +03:00 [INF] HTTP POST /orders/invoice responded 200 in 1412.7933 ms
2026-08-14 14:41:08.831 +03:00 [INF] Request finished HTTP/1.1 POST http://localhost:5275/orders/invoice?sellerId=1&orderId=12 - 200 null application/json; charset=utf-8 1427.5721ms
2026-08-14 14:43:38.623 +03:00 [INF] Request starting HTTP/1.1 POST http://localhost:5275/api/Catalog/sync-products-from-sysmond - null 0
2026-08-14 14:43:38.634 +03:00 [INF] Executing endpoint 'ECommerceManagement.Api.Controllers.CatalogController.SyncProducts (ECommerceManagement.Api)'
2026-08-14 14:43:38.643 +03:00 [INF] Route matched with {action = "SyncProducts", controller = "Catalog"}. Executing controller action with signature System.Threading.Tasks.Task`1[Microsoft.AspNetCore.Mvc.IActionResult] SyncProducts() on controller ECommerceManagement.Api.Controllers.CatalogController (ECommerceManagement.Api).
2026-08-14 14:43:39.078 +03:00 [INF] Executed DbCommand (8ms) [Parameters=[], CommandType='"Text"', CommandTimeout='30']
SELECT [p].[Id], [p].[CategoryId], [p].[CreatedAt], [p].[IsActive], [p].[Name], [p].[Price], [p].[Quantity], [p].[SellerId], [p].[Sku], [p].[SysmondStockId], [p].[UpdatedAt], [p].[WarehouseId]
FROM [Products] AS [p]
2026-08-14 14:43:39.094 +03:00 [INF] Executed DbCommand (8ms) [Parameters=[], CommandType='"Text"', CommandTimeout='30']
SELECT [w].[Id], [w].[CreatedAt], [w].[IsActive], [w].[Location], [w].[Name], [w].[SysmondId]
FROM [Warehouses] AS [w]
2026-08-14 14:43:39.123 +03:00 [INF] Executed DbCommand (6ms) [Parameters=[@p11='?' (DbType = Int32), @p0='?' (DbType = Int32), @p1='?' (DbType = DateTime2), @p2='?' (DbType = Boolean), @p3='?' (Size = 4000), @p4='?' (Precision = 18) (Scale = 2) (DbType = Decimal), @p5='?' (DbType = Int32), @p6='?' (DbType = Int32), @p7='?' (Size = 4000), @p8='?' (DbType = Guid), @p9='?' (DbType = DateTime2), @p10='?' (DbType = Int32), @p23='?' (DbType = Int32), @p12='?' (DbType = Int32), @p13='?' (DbType = DateTime2), @p14='?' (DbType = Boolean), @p15='?' (Size = 4000), @p16='?' (Precision = 18) (Scale = 2) (DbType = Decimal), @p17='?' (DbType = Int32), @p18='?' (DbType = Int32), @p19='?' (Size = 4000), @p20='?' (DbType = Guid), @p21='?' (DbType = DateTime2), @p22='?' (DbType = Int32), @p35='?' (DbType = Int32), @p24='?' (DbType = Int32), @p25='?' (DbType = DateTime2), @p26='?' (DbType = Boolean), @p27='?' (Size = 4000), @p28='?' (Precision = 18) (Scale = 2) (DbType = Decimal), @p29='?' (DbType = Int32), @p30='?' (DbType = Int32), @p31='?' (Size = 4000), @p32='?' (DbType = Guid), @p33='?' (DbType = DateTime2), @p34='?' (DbType = Int32), @p47='?' (DbType = Int32), @p36='?' (DbType = Int32), @p37='?' (DbType = DateTime2), @p38='?' (DbType = Boolean), @p39='?' (Size = 4000), @p40='?' (Precision = 18) (Scale = 2) (DbType = Decimal), @p41='?' (DbType = Int32), @p42='?' (DbType = Int32), @p43='?' (Size = 4000), @p44='?' (DbType = Guid), @p45='?' (DbType = DateTime2), @p46='?' (DbType = Int32), @p59='?' (DbType = Int32), @p48='?' (DbType = Int32), @p49='?' (DbType = DateTime2), @p50='?' (DbType = Boolean), @p51='?' (Size = 4000), @p52='?' (Precision = 18) (Scale = 2) (DbType = Decimal), @p53='?' (DbType = Int32), @p54='?' (DbType = Int32), @p55='?' (Size = 4000), @p56='?' (DbType = Guid), @p57='?' (DbType = DateTime2), @p58='?' (DbType = Int32), @p71='?' (DbType = Int32), @p60='?' (DbType = Int32), @p61='?' (DbType = DateTime2), @p62='?' (DbType = Boolean), @p63='?' (Size = 4000), @p64='?' (Precision = 18) (Scale = 2) (DbType = Decimal), @p65='?' (DbType = Int32), @p66='?' (DbType = Int32), @p67='?' (Size = 4000), @p68='?' (DbType = Guid), @p69='?' (DbType = DateTime2), @p70='?' (DbType = Int32)], CommandType='"Text"', CommandTimeout='30']
SET NOCOUNT ON;
UPDATE [Products] SET [CategoryId] = @p0, [CreatedAt] = @p1, [IsActive] = @p2, [Name] = @p3, [Price] = @p4, [Quantity] = @p5, [SellerId] = @p6, [Sku] = @p7, [SysmondStockId] = @p8, [UpdatedAt] = @p9, [WarehouseId] = @p10
OUTPUT 1
WHERE [Id] = @p11;
UPDATE [Products] SET [CategoryId] = @p12, [CreatedAt] = @p13, [IsActive] = @p14, [Name] = @p15, [Price] = @p16, [Quantity] = @p17, [SellerId] = @p18, [Sku] = @p19, [SysmondStockId] = @p20, [UpdatedAt] = @p21, [WarehouseId] = @p22
OUTPUT 1
WHERE [Id] = @p23;
UPDATE [Products] SET [CategoryId] = @p24, [CreatedAt] = @p25, [IsActive] = @p26, [Name] = @p27, [Price] = @p28, [Quantity] = @p29, [SellerId] = @p30, [Sku] = @p31, [SysmondStockId] = @p32, [UpdatedAt] = @p33, [WarehouseId] = @p34
OUTPUT 1
WHERE [Id] = @p35;
UPDATE [Products] SET [CategoryId] = @p36, [CreatedAt] = @p37, [IsActive] = @p38, [Name] = @p39, [Price] = @p40, [Quantity] = @p41, [SellerId] = @p42, [Sku] = @p43, [SysmondStockId] = @p44, [UpdatedAt] = @p45, [WarehouseId] = @p46
OUTPUT 1
WHERE [Id] = @p47;
UPDATE [Products] SET [CategoryId] = @p48, [CreatedAt] = @p49, [IsActive] = @p50, [Name] = @p51, [Price] = @p52, [Quantity] = @p53, [SellerId] = @p54, [Sku] = @p55, [SysmondStockId] = @p56, [UpdatedAt] = @p57, [WarehouseId] = @p58
OUTPUT 1
WHERE [Id] = @p59;
UPDATE [Products] SET [CategoryId] = @p60, [CreatedAt] = @p61, [IsActive] = @p62, [Name] = @p63, [Price] = @p64, [Quantity] = @p65, [SellerId] = @p66, [Sku] = @p67, [SysmondStockId] = @p68, [UpdatedAt] = @p69, [WarehouseId] = @p70
OUTPUT 1
WHERE [Id] = @p71;
2026-08-14 14:43:39.129 +03:00 [INF] Executing OkObjectResult, writing value of type '<>f__AnonymousType1`1[[System.String, System.Private.CoreLib, Version=10.0.0.0, Culture=neutral, PublicKeyToken=7cec85d7bea7798e]]'.
2026-08-14 14:43:39.131 +03:00 [INF] Executed action ECommerceManagement.Api.Controllers.CatalogController.SyncProducts (ECommerceManagement.Api) in 488.1547ms
2026-08-14 14:43:39.131 +03:00 [INF] Executed endpoint 'ECommerceManagement.Api.Controllers.CatalogController.SyncProducts (ECommerceManagement.Api)'
2026-08-14 14:43:39.131 +03:00 [INF] HTTP POST /api/Catalog/sync-products-from-sysmond responded 200 in 505.6528 ms
2026-08-14 14:43:39.132 +03:00 [INF] Request finished HTTP/1.1 POST http://localhost:5275/api/Catalog/sync-products-from-sysmond - 200 null application/json; charset=utf-8 509.1308ms
2026-08-14 14:43:44.089 +03:00 [INF] Request starting HTTP/1.1 POST http://localhost:5275/api/Catalog/sync-orders-from-sysmond - null 0
2026-08-14 14:43:44.094 +03:00 [INF] Executing endpoint 'ECommerceManagement.Api.Controllers.CatalogController.SyncOrders (ECommerceManagement.Api)'
2026-08-14 14:43:44.100 +03:00 [INF] Route matched with {action = "SyncOrders", controller = "Catalog"}. Executing controller action with signature System.Threading.Tasks.Task`1[Microsoft.AspNetCore.Mvc.IActionResult] SyncOrders() on controller ECommerceManagement.Api.Controllers.CatalogController (ECommerceManagement.Api).
2026-08-14 14:43:44.301 +03:00 [INF] Executed DbCommand (4ms) [Parameters=[], CommandType='"Text"', CommandTimeout='30']
SELECT [o].[Id], [o].[BillingAddressId], [o].[CreatedAt], [o].[CustomerId], [o].[SellerId], [o].[ShippingAddressId], [o].[Status], [o].[SysmondOrderId], [o].[TotalAmount], [o].[UpdatedAt], [o0].[Id], [o0].[CreatedAt], [o0].[LineTotal], [o0].[OrderId], [o0].[ProductId], [o0].[Quantity], [o0].[SysmondOrderItemId], [o0].[UnitPrice]
FROM [Orders] AS [o]
LEFT JOIN [OrderItems] AS [o0] ON [o].[Id] = [o0].[OrderId]
ORDER BY [o].[Id]
2026-08-14 14:43:44.305 +03:00 [INF] Executed DbCommand (2ms) [Parameters=[], CommandType='"Text"', CommandTimeout='30']
SELECT [p].[Id], [p].[CategoryId], [p].[CreatedAt], [p].[IsActive], [p].[Name], [p].[Price], [p].[Quantity], [p].[SellerId], [p].[Sku], [p].[SysmondStockId], [p].[UpdatedAt], [p].[WarehouseId]
FROM [Products] AS [p]
2026-08-14 14:43:44.383 +03:00 [INF] Executed DbCommand (4ms) [Parameters=[@p0='?' (DbType = Int32), @p1='?' (DbType = DateTime2), @p2='?' (DbType = Int32), @p3='?' (DbType = Int32), @p4='?' (DbType = Int32), @p5='?' (DbType = Int32), @p6='?' (DbType = Guid), @p7='?' (Precision = 18) (Scale = 2) (DbType = Decimal), @p8='?' (DbType = DateTime2)], CommandType='"Text"', CommandTimeout='30']
SET IMPLICIT_TRANSACTIONS OFF;
SET NOCOUNT ON;
INSERT INTO [Orders] ([BillingAddressId], [CreatedAt], [CustomerId], [SellerId], [ShippingAddressId], [Status], [SysmondOrderId], [TotalAmount], [UpdatedAt])
OUTPUT INSERTED.[Id]
VALUES (@p0, @p1, @p2, @p3, @p4, @p5, @p6, @p7, @p8);
2026-08-14 14:43:44.389 +03:00 [INF] Executed DbCommand (3ms) [Parameters=[@p9='?' (DbType = DateTime2), @p10='?' (Precision = 18) (Scale = 2) (DbType = Decimal), @p11='?' (DbType = Int32), @p12='?' (DbType = Int32), @p13='?' (DbType = Int32), @p14='?' (DbType = Guid), @p15='?' (Precision = 18) (Scale = 2) (DbType = Decimal)], CommandType='"Text"', CommandTimeout='30']
SET IMPLICIT_TRANSACTIONS OFF;
SET NOCOUNT ON;
INSERT INTO [OrderItems] ([CreatedAt], [LineTotal], [OrderId], [ProductId], [Quantity], [SysmondOrderItemId], [UnitPrice])
OUTPUT INSERTED.[Id]
VALUES (@p9, @p10, @p11, @p12, @p13, @p14, @p15);
2026-08-14 14:43:44.399 +03:00 [INF] Executing OkObjectResult, writing value of type 'System.String'.
2026-08-14 14:43:44.399 +03:00 [INF] Executed action ECommerceManagement.Api.Controllers.CatalogController.SyncOrders (ECommerceManagement.Api) in 299.3755ms
2026-08-14 14:43:44.400 +03:00 [INF] Executed endpoint 'ECommerceManagement.Api.Controllers.CatalogController.SyncOrders (ECommerceManagement.Api)'
2026-08-14 14:43:44.400 +03:00 [INF] HTTP POST /api/Catalog/sync-orders-from-sysmond responded 200 in 308.6593 ms
2026-08-14 14:43:44.400 +03:00 [INF] Request finished HTTP/1.1 POST http://localhost:5275/api/Catalog/sync-orders-from-sysmond - 200 null text/plain; charset=utf-8 311.4305ms
2026-08-14 14:43:51.274 +03:00 [INF] Request starting HTTP/1.1 GET http://localhost:5275/orders/pending?sellerId=1 - null null
2026-08-14 14:43:51.279 +03:00 [INF] Executing endpoint 'ECommerceManagement.Api.Controllers.SellerController.GetPendingOrders (ECommerceManagement.Api)'
2026-08-14 14:43:51.285 +03:00 [INF] Route matched with {action = "GetPendingOrders", controller = "Seller"}. Executing controller action with signature System.Threading.Tasks.Task`1[Microsoft.AspNetCore.Mvc.IActionResult] GetPendingOrders(Int32) on controller ECommerceManagement.Api.Controllers.SellerController (ECommerceManagement.Api).
2026-08-14 14:43:51.314 +03:00 [INF] Executed DbCommand (4ms) [Parameters=[@sellerId='?' (DbType = Int32)], CommandType='"Text"', CommandTimeout='30']
SELECT [o].[Id], [o].[BillingAddressId], [o].[CreatedAt], [o].[CustomerId], [o].[SellerId], [o].[ShippingAddressId], [o].[Status], [o].[SysmondOrderId], [o].[TotalAmount], [o].[UpdatedAt], [c].[Id], [c].[CreatedAt], [c].[FirstName], [c].[LastName], [c].[Phone], [c].[UserId], [o0].[Id], [o0].[CreatedAt], [o0].[LineTotal], [o0].[OrderId], [o0].[ProductId], [o0].[Quantity], [o0].[SysmondOrderItemId], [o0].[UnitPrice]
FROM [Orders] AS [o]
INNER JOIN [Customers] AS [c] ON [o].[CustomerId] = [c].[Id]
LEFT JOIN [OrderItems] AS [o0] ON [o].[Id] = [o0].[OrderId]
WHERE [o].[SellerId] = @sellerId AND [o].[Status] = 0
ORDER BY [o].[Id], [c].[Id]
2026-08-14 14:43:51.448 +03:00 [INF] Executed DbCommand (4ms) [Parameters=[@productIds1='?' (DbType = Int32), @productIds2='?' (DbType = Int32)], CommandType='"Text"', CommandTimeout='30']
SELECT [p].[Id], [p].[CategoryId], [p].[CreatedAt], [p].[IsActive], [p].[Name], [p].[Price], [p].[Quantity], [p].[SellerId], [p].[Sku], [p].[SysmondStockId], [p].[UpdatedAt], [p].[WarehouseId]
FROM [Products] AS [p]
WHERE [p].[Id] IN (@productIds1, @productIds2)
2026-08-14 14:43:51.450 +03:00 [INF] Executing OkObjectResult, writing value of type 'System.Linq.Enumerable+OrderedIterator`2[[ECommerceManagement.Application.DTOs.Orders.OrderDto, ECommerceManagement.Application, Version=1.0.0.0, Culture=neutral, PublicKeyToken=null],[System.DateTime, System.Private.CoreLib, Version=10.0.0.0, Culture=neutral, PublicKeyToken=7cec85d7bea7798e]]'.
2026-08-14 14:43:51.458 +03:00 [INF] Executed action ECommerceManagement.Api.Controllers.SellerController.GetPendingOrders (ECommerceManagement.Api) in 172.4493ms
2026-08-14 14:43:51.458 +03:00 [INF] Executed endpoint 'ECommerceManagement.Api.Controllers.SellerController.GetPendingOrders (ECommerceManagement.Api)'
2026-08-14 14:43:51.458 +03:00 [INF] HTTP GET /orders/pending responded 200 in 183.4577 ms
2026-08-14 14:43:51.458 +03:00 [INF] Request finished HTTP/1.1 GET http://localhost:5275/orders/pending?sellerId=1 - 200 null application/json; charset=utf-8 184.3501ms
2026-08-14 14:44:01.365 +03:00 [INF] Request starting HTTP/1.1 POST http://localhost:5275/orders/invoice?sellerId=1&orderId=13 - null 0
2026-08-14 14:44:01.367 +03:00 [INF] Executing endpoint 'ECommerceManagement.Api.Controllers.SellerController.CreateAndConfirmInvoice (ECommerceManagement.Api)'
2026-08-14 14:44:01.367 +03:00 [INF] Route matched with {action = "CreateAndConfirmInvoice", controller = "Seller"}. Executing controller action with signature System.Threading.Tasks.Task`1[Microsoft.AspNetCore.Mvc.IActionResult] CreateAndConfirmInvoice(Int32, Int32) on controller ECommerceManagement.Api.Controllers.SellerController (ECommerceManagement.Api).
2026-08-14 14:44:01.380 +03:00 [INF] Executed DbCommand (3ms) [Parameters=[@id='?' (DbType = Int32)], CommandType='"Text"', CommandTimeout='30']
SELECT [o1].[Id], [o1].[BillingAddressId], [o1].[CreatedAt], [o1].[CustomerId], [o1].[SellerId], [o1].[ShippingAddressId], [o1].[Status], [o1].[SysmondOrderId], [o1].[TotalAmount], [o1].[UpdatedAt], [o0].[Id], [o0].[CreatedAt], [o0].[LineTotal], [o0].[OrderId], [o0].[ProductId], [o0].[Quantity], [o0].[SysmondOrderItemId], [o0].[UnitPrice]
FROM (
    SELECT TOP(1) [o].[Id], [o].[BillingAddressId], [o].[CreatedAt], [o].[CustomerId], [o].[SellerId], [o].[ShippingAddressId], [o].[Status], [o].[SysmondOrderId], [o].[TotalAmount], [o].[UpdatedAt]
    FROM [Orders] AS [o]
    WHERE [o].[Id] = @id
) AS [o1]
LEFT JOIN [OrderItems] AS [o0] ON [o1].[Id] = [o0].[OrderId]
ORDER BY [o1].[Id]
2026-08-14 14:44:01.383 +03:00 [INF] Executed DbCommand (2ms) [Parameters=[@p='?' (DbType = Int32)], CommandType='"Text"', CommandTimeout='30']
SELECT TOP(1) [c].[Id], [c].[CreatedAt], [c].[FirstName], [c].[LastName], [c].[Phone], [c].[UserId]
FROM [Customers] AS [c]
WHERE [c].[Id] = @p
2026-08-14 14:44:01.785 +03:00 [INF] Executed DbCommand (2ms) [Parameters=[@p='?' (DbType = Int32)], CommandType='"Text"', CommandTimeout='30']
SELECT TOP(1) [p].[Id], [p].[CategoryId], [p].[CreatedAt], [p].[IsActive], [p].[Name], [p].[Price], [p].[Quantity], [p].[SellerId], [p].[Sku], [p].[SysmondStockId], [p].[UpdatedAt], [p].[WarehouseId]
FROM [Products] AS [p]
WHERE [p].[Id] = @p
2026-08-14 14:44:02.023 +03:00 [INF] Executed DbCommand (3ms) [Parameters=[@p0='?' (Size = 4000), @p1='?' (DbType = Int32), @p2='?' (DbType = DateTime2), @p3='?' (Size = 4000), @p4='?' (Size = 450), @p5='?' (DbType = Int32), @p6='?' (DbType = Int32), @p7='?' (DbType = Int32), @p8='?' (Precision = 18) (Scale = 2) (DbType = Decimal), @p18='?' (DbType = Int32), @p9='?' (DbType = Int32), @p10='?' (DbType = DateTime2), @p11='?' (DbType = Int32), @p12='?' (DbType = Int32), @p13='?' (DbType = Int32), @p14='?' (DbType = Int32), @p15='?' (DbType = Guid), @p16='?' (Precision = 18) (Scale = 2) (DbType = Decimal), @p17='?' (DbType = DateTime2)], CommandType='"Text"', CommandTimeout='30']
SET NOCOUNT ON;
INSERT INTO [Invoices] ([AxIntegrationId], [AxIntegrationStatus], [CreatedAt], [CustomerName], [InvoiceNumber], [OrderId], [SellerId], [Status], [TotalAmount])
OUTPUT INSERTED.[Id]
VALUES (@p0, @p1, @p2, @p3, @p4, @p5, @p6, @p7, @p8);
UPDATE [Orders] SET [BillingAddressId] = @p9, [CreatedAt] = @p10, [CustomerId] = @p11, [SellerId] = @p12, [ShippingAddressId] = @p13, [Status] = @p14, [SysmondOrderId] = @p15, [TotalAmount] = @p16, [UpdatedAt] = @p17
OUTPUT 1
WHERE [Id] = @p18;
2026-08-14 14:44:02.026 +03:00 [INF] Executed DbCommand (2ms) [Parameters=[@p19='?' (DbType = DateTime2), @p20='?' (DbType = Int32), @p21='?' (Precision = 18) (Scale = 2) (DbType = Decimal), @p22='?' (DbType = Int32), @p23='?' (DbType = Int32), @p24='?' (Precision = 18) (Scale = 2) (DbType = Decimal), @p25='?' (Precision = 18) (Scale = 2) (DbType = Decimal)], CommandType='"Text"', CommandTimeout='30']
SET IMPLICIT_TRANSACTIONS OFF;
SET NOCOUNT ON;
INSERT INTO [InvoiceItems] ([CreatedAt], [InvoiceId], [LineTotal], [ProductId], [Quantity], [TaxRate], [UnitPrice])
OUTPUT INSERTED.[Id]
VALUES (@p19, @p20, @p21, @p22, @p23, @p24, @p25);
2026-08-14 14:44:02.030 +03:00 [INF] Executing OkObjectResult, writing value of type 'ECommerceManagement.Application.DTOs.Invoices.InvoiceDto'.
2026-08-14 14:44:02.031 +03:00 [INF] Executed action ECommerceManagement.Api.Controllers.SellerController.CreateAndConfirmInvoice (ECommerceManagement.Api) in 663.1187ms
2026-08-14 14:44:02.031 +03:00 [INF] Executed endpoint 'ECommerceManagement.Api.Controllers.SellerController.CreateAndConfirmInvoice (ECommerceManagement.Api)'
2026-08-14 14:44:02.031 +03:00 [INF] HTTP POST /orders/invoice responded 200 in 665.1548 ms
2026-08-14 14:44:02.031 +03:00 [INF] Request finished HTTP/1.1 POST http://localhost:5275/orders/invoice?sellerId=1&orderId=13 - 200 null application/json; charset=utf-8 665.6649ms
2026-08-14 14:45:40.577 +03:00 [INF] Request starting HTTP/1.1 GET http://localhost:5275/orders/all?sellerId=1 - null null
2026-08-14 14:45:40.580 +03:00 [INF] Executing endpoint 'ECommerceManagement.Api.Controllers.SellerController.GetAllOrders (ECommerceManagement.Api)'
2026-08-14 14:45:40.586 +03:00 [INF] Route matched with {action = "GetAllOrders", controller = "Seller"}. Executing controller action with signature System.Threading.Tasks.Task`1[Microsoft.AspNetCore.Mvc.IActionResult] GetAllOrders(Int32) on controller ECommerceManagement.Api.Controllers.SellerController (ECommerceManagement.Api).
2026-08-14 14:45:40.608 +03:00 [INF] Executed DbCommand (5ms) [Parameters=[@sellerId='?' (DbType = Int32)], CommandType='"Text"', CommandTimeout='30']
SELECT [o].[Id], [o].[BillingAddressId], [o].[CreatedAt], [o].[CustomerId], [o].[SellerId], [o].[ShippingAddressId], [o].[Status], [o].[SysmondOrderId], [o].[TotalAmount], [o].[UpdatedAt], [c].[Id], [c].[CreatedAt], [c].[FirstName], [c].[LastName], [c].[Phone], [c].[UserId], [o0].[Id], [o0].[CreatedAt], [o0].[LineTotal], [o0].[OrderId], [o0].[ProductId], [o0].[Quantity], [o0].[SysmondOrderItemId], [o0].[UnitPrice]
FROM [Orders] AS [o]
INNER JOIN [Customers] AS [c] ON [o].[CustomerId] = [c].[Id]
LEFT JOIN [OrderItems] AS [o0] ON [o].[Id] = [o0].[OrderId]
WHERE [o].[SellerId] = @sellerId
ORDER BY [o].[Id], [c].[Id]
2026-08-14 14:45:40.618 +03:00 [INF] Executed DbCommand (4ms) [Parameters=[@productIds1='?' (DbType = Int32), @productIds2='?' (DbType = Int32), @productIds3='?' (DbType = Int32), @productIds4='?' (DbType = Int32)], CommandType='"Text"', CommandTimeout='30']
SELECT [p].[Id], [p].[CategoryId], [p].[CreatedAt], [p].[IsActive], [p].[Name], [p].[Price], [p].[Quantity], [p].[SellerId], [p].[Sku], [p].[SysmondStockId], [p].[UpdatedAt], [p].[WarehouseId]
FROM [Products] AS [p]
WHERE [p].[Id] IN (@productIds1, @productIds2, @productIds3, @productIds4)
2026-08-14 14:45:40.619 +03:00 [INF] Executing OkObjectResult, writing value of type 'System.Linq.Enumerable+ListSelectIterator`2[[ECommerceManagement.Domain.Entities.Order, ECommerceManagement.Domain, Version=1.0.0.0, Culture=neutral, PublicKeyToken=null],[ECommerceManagement.Application.DTOs.Orders.OrderDto, ECommerceManagement.Application, Version=1.0.0.0, Culture=neutral, PublicKeyToken=null]]'.
2026-08-14 14:45:40.620 +03:00 [INF] Executed action ECommerceManagement.Api.Controllers.SellerController.GetAllOrders (ECommerceManagement.Api) in 34.0015ms
2026-08-14 14:45:40.620 +03:00 [INF] Executed endpoint 'ECommerceManagement.Api.Controllers.SellerController.GetAllOrders (ECommerceManagement.Api)'
2026-08-14 14:45:40.629 +03:00 [INF] HTTP GET /orders/all responded 200 in 50.8185 ms
2026-08-14 14:45:40.630 +03:00 [INF] Request finished HTTP/1.1 GET http://localhost:5275/orders/all?sellerId=1 - 200 null application/json; charset=utf-8 52.2405ms
2026-08-14 14:46:06.452 +03:00 [INF] Request starting HTTP/1.1 GET http://localhost:5275/invoices?sellerId=1 - null null
2026-08-14 14:46:06.452 +03:00 [INF] Executing endpoint 'ECommerceManagement.Api.Controllers.SellerController.GetInvoices (ECommerceManagement.Api)'
2026-08-14 14:46:06.459 +03:00 [INF] Route matched with {action = "GetInvoices", controller = "Seller"}. Executing controller action with signature System.Threading.Tasks.Task`1[Microsoft.AspNetCore.Mvc.IActionResult] GetInvoices(Int32) on controller ECommerceManagement.Api.Controllers.SellerController (ECommerceManagement.Api).
2026-08-14 14:46:06.495 +03:00 [INF] Executed DbCommand (27ms) [Parameters=[@sellerId='?' (DbType = Int32)], CommandType='"Text"', CommandTimeout='30']
SELECT [i].[Id], [i].[AxIntegrationId], [i].[AxIntegrationStatus], [i].[CreatedAt], [i].[CustomerName], [i].[InvoiceNumber], [i].[OrderId], [i].[SellerId], [i].[Status], [i].[TotalAmount]
FROM [Invoices] AS [i]
WHERE [i].[SellerId] = @sellerId
2026-08-14 14:46:06.508 +03:00 [INF] Executing OkObjectResult, writing value of type 'System.Collections.Generic.List`1[[ECommerceManagement.Application.DTOs.Invoices.InvoiceDto, ECommerceManagement.Application, Version=1.0.0.0, Culture=neutral, PublicKeyToken=null]]'.
2026-08-14 14:46:06.509 +03:00 [INF] Executed action ECommerceManagement.Api.Controllers.SellerController.GetInvoices (ECommerceManagement.Api) in 49.605ms
2026-08-14 14:46:06.509 +03:00 [INF] Executed endpoint 'ECommerceManagement.Api.Controllers.SellerController.GetInvoices (ECommerceManagement.Api)'
2026-08-14 14:46:06.509 +03:00 [INF] HTTP GET /invoices responded 200 in 57.2297 ms
2026-08-14 14:46:06.509 +03:00 [INF] Request finished HTTP/1.1 GET http://localhost:5275/invoices?sellerId=1 - 200 null application/json; charset=utf-8 57.7257ms
2026-08-14 14:52:29.508 +03:00 [INF] Application is shutting down...
2026-08-14 14:52:33.598 +03:00 [INF] Executed DbCommand (14ms) [Parameters=[], CommandType='"Text"', CommandTimeout='30']
SELECT CASE
    WHEN EXISTS (
        SELECT 1
        FROM [Users] AS [u]
        WHERE [u].[Email] = N'superadmin@sistem.com') THEN CAST(1 AS bit)
    ELSE CAST(0 AS bit)
END
2026-08-14 14:52:33.618 +03:00 [INF] Executed DbCommand (2ms) [Parameters=[], CommandType='"Text"', CommandTimeout='30']
SELECT CASE
    WHEN EXISTS (
        SELECT 1
        FROM [Users] AS [u]
        WHERE [u].[Email] = N'admin@sistem.com') THEN CAST(1 AS bit)
    ELSE CAST(0 AS bit)
END
2026-08-14 14:52:33.622 +03:00 [INF] User profile is available. Using '/Users/yigit/.aspnet/DataProtection-Keys' as key repository; keys will not be encrypted at rest.
2026-08-14 14:52:33.641 +03:00 [INF] Now listening on: http://localhost:5275
2026-08-14 14:52:33.641 +03:00 [INF] Application started. Press Ctrl+C to shut down.
2026-08-14 14:52:33.641 +03:00 [INF] Hosting environment: Development
2026-08-14 14:52:33.641 +03:00 [INF] Content root path: /Users/yigit/RiderProjects/ECommerceManagement/src/ECommerceManagement.Api
2026-08-14 14:52:41.045 +03:00 [INF] Request starting HTTP/1.1 GET http://localhost:5275/orders/pending?sellerId=1 - null null
2026-08-14 14:52:41.067 +03:00 [WRN] Failed to determine the https port for redirect.
2026-08-14 14:52:41.097 +03:00 [INF] Executing endpoint 'ECommerceManagement.Api.Controllers.SellerController.GetPendingOrders (ECommerceManagement.Api)'
2026-08-14 14:52:41.103 +03:00 [INF] Route matched with {action = "GetPendingOrders", controller = "Seller"}. Executing controller action with signature System.Threading.Tasks.Task`1[Microsoft.AspNetCore.Mvc.IActionResult] GetPendingOrders(Int32) on controller ECommerceManagement.Api.Controllers.SellerController (ECommerceManagement.Api).
2026-08-14 14:52:41.128 +03:00 [WRN] You do not have a valid license key for the Lucky Penny software AutoMapper. This is allowed for development and testing scenarios. If you are running in production you are required to have a licensed version. Please visit https://luckypennysoftware.com to obtain a valid license.
2026-08-14 14:52:41.194 +03:00 [INF] Executed DbCommand (14ms) [Parameters=[@sellerId='?' (DbType = Int32)], CommandType='"Text"', CommandTimeout='30']
SELECT [o].[Id], [o].[BillingAddressId], [o].[CreatedAt], [o].[CustomerId], [o].[SellerId], [o].[ShippingAddressId], [o].[Status], [o].[SysmondOrderId], [o].[TotalAmount], [o].[UpdatedAt], [c].[Id], [c].[CreatedAt], [c].[FirstName], [c].[LastName], [c].[Phone], [c].[UserId], [o0].[Id], [o0].[CreatedAt], [o0].[LineTotal], [o0].[OrderId], [o0].[ProductId], [o0].[Quantity], [o0].[SysmondOrderItemId], [o0].[UnitPrice]
FROM [Orders] AS [o]
INNER JOIN [Customers] AS [c] ON [o].[CustomerId] = [c].[Id]
LEFT JOIN [OrderItems] AS [o0] ON [o].[Id] = [o0].[OrderId]
WHERE [o].[SellerId] = @sellerId AND [o].[Status] = 0
ORDER BY [o].[Id], [c].[Id]
2026-08-14 14:52:41.938 +03:00 [INF] Executed DbCommand (3ms) [Parameters=[@productIds1='?' (DbType = Int32)], CommandType='"Text"', CommandTimeout='30']
SELECT [p].[Id], [p].[CategoryId], [p].[CreatedAt], [p].[IsActive], [p].[Name], [p].[Price], [p].[Quantity], [p].[SellerId], [p].[Sku], [p].[SysmondStockId], [p].[UpdatedAt], [p].[WarehouseId]
FROM [Products] AS [p]
WHERE [p].[Id] = @productIds1
2026-08-14 14:52:41.953 +03:00 [INF] Executing OkObjectResult, writing value of type 'System.Linq.Enumerable+OrderedIterator`2[[ECommerceManagement.Application.DTOs.Orders.OrderDto, ECommerceManagement.Application, Version=1.0.0.0, Culture=neutral, PublicKeyToken=null],[System.DateTime, System.Private.CoreLib, Version=10.0.0.0, Culture=neutral, PublicKeyToken=7cec85d7bea7798e]]'.
2026-08-14 14:52:41.964 +03:00 [INF] Executed action ECommerceManagement.Api.Controllers.SellerController.GetPendingOrders (ECommerceManagement.Api) in 859.519ms
2026-08-14 14:52:41.964 +03:00 [INF] Executed endpoint 'ECommerceManagement.Api.Controllers.SellerController.GetPendingOrders (ECommerceManagement.Api)'
2026-08-14 14:52:41.966 +03:00 [INF] HTTP GET /orders/pending responded 200 in 907.6213 ms
2026-08-14 14:52:41.968 +03:00 [INF] Request finished HTTP/1.1 GET http://localhost:5275/orders/pending?sellerId=1 - 200 null application/json; charset=utf-8 923.7096ms
2026-08-14 14:53:09.952 +03:00 [INF] Request starting HTTP/1.1 POST http://localhost:5275/orders/invoice?sellerId=1&orderId=10 - null 0
2026-08-14 14:53:09.960 +03:00 [INF] Executing endpoint 'ECommerceManagement.Api.Controllers.SellerController.CreateAndConfirmInvoice (ECommerceManagement.Api)'
2026-08-14 14:53:09.969 +03:00 [INF] Route matched with {action = "CreateAndConfirmInvoice", controller = "Seller"}. Executing controller action with signature System.Threading.Tasks.Task`1[Microsoft.AspNetCore.Mvc.IActionResult] CreateAndConfirmInvoice(Int32, Int32) on controller ECommerceManagement.Api.Controllers.SellerController (ECommerceManagement.Api).
2026-08-14 14:53:10.030 +03:00 [INF] Executed DbCommand (9ms) [Parameters=[@id='?' (DbType = Int32)], CommandType='"Text"', CommandTimeout='30']
SELECT [o1].[Id], [o1].[BillingAddressId], [o1].[CreatedAt], [o1].[CustomerId], [o1].[SellerId], [o1].[ShippingAddressId], [o1].[Status], [o1].[SysmondOrderId], [o1].[TotalAmount], [o1].[UpdatedAt], [o0].[Id], [o0].[CreatedAt], [o0].[LineTotal], [o0].[OrderId], [o0].[ProductId], [o0].[Quantity], [o0].[SysmondOrderItemId], [o0].[UnitPrice]
FROM (
    SELECT TOP(1) [o].[Id], [o].[BillingAddressId], [o].[CreatedAt], [o].[CustomerId], [o].[SellerId], [o].[ShippingAddressId], [o].[Status], [o].[SysmondOrderId], [o].[TotalAmount], [o].[UpdatedAt]
    FROM [Orders] AS [o]
    WHERE [o].[Id] = @id
) AS [o1]
LEFT JOIN [OrderItems] AS [o0] ON [o1].[Id] = [o0].[OrderId]
ORDER BY [o1].[Id]
2026-08-14 14:53:10.039 +03:00 [INF] Executed DbCommand (2ms) [Parameters=[@p='?' (DbType = Int32)], CommandType='"Text"', CommandTimeout='30']
SELECT TOP(1) [c].[Id], [c].[CreatedAt], [c].[FirstName], [c].[LastName], [c].[Phone], [c].[UserId]
FROM [Customers] AS [c]
WHERE [c].[Id] = @p
2026-08-14 14:53:10.542 +03:00 [INF] Executed DbCommand (3ms) [Parameters=[@p='?' (DbType = Int32)], CommandType='"Text"', CommandTimeout='30']
SELECT TOP(1) [p].[Id], [p].[CategoryId], [p].[CreatedAt], [p].[IsActive], [p].[Name], [p].[Price], [p].[Quantity], [p].[SellerId], [p].[Sku], [p].[SysmondStockId], [p].[UpdatedAt], [p].[WarehouseId]
FROM [Products] AS [p]
WHERE [p].[Id] = @p
2026-08-14 14:53:10.887 +03:00 [INF] Executed DbCommand (6ms) [Parameters=[@p0='?' (Size = 4000), @p1='?' (DbType = Int32), @p2='?' (DbType = DateTime2), @p3='?' (Size = 4000), @p4='?' (Size = 450), @p5='?' (DbType = Int32), @p6='?' (DbType = Int32), @p7='?' (DbType = Int32), @p8='?' (Precision = 18) (Scale = 2) (DbType = Decimal), @p18='?' (DbType = Int32), @p9='?' (DbType = Int32), @p10='?' (DbType = DateTime2), @p11='?' (DbType = Int32), @p12='?' (DbType = Int32), @p13='?' (DbType = Int32), @p14='?' (DbType = Int32), @p15='?' (DbType = Guid), @p16='?' (Precision = 18) (Scale = 2) (DbType = Decimal), @p17='?' (DbType = DateTime2)], CommandType='"Text"', CommandTimeout='30']
SET NOCOUNT ON;
INSERT INTO [Invoices] ([AxIntegrationId], [AxIntegrationStatus], [CreatedAt], [CustomerName], [InvoiceNumber], [OrderId], [SellerId], [Status], [TotalAmount])
OUTPUT INSERTED.[Id]
VALUES (@p0, @p1, @p2, @p3, @p4, @p5, @p6, @p7, @p8);
UPDATE [Orders] SET [BillingAddressId] = @p9, [CreatedAt] = @p10, [CustomerId] = @p11, [SellerId] = @p12, [ShippingAddressId] = @p13, [Status] = @p14, [SysmondOrderId] = @p15, [TotalAmount] = @p16, [UpdatedAt] = @p17
OUTPUT 1
WHERE [Id] = @p18;
2026-08-14 14:53:10.896 +03:00 [INF] Executed DbCommand (3ms) [Parameters=[@p19='?' (DbType = DateTime2), @p20='?' (DbType = Int32), @p21='?' (Precision = 18) (Scale = 2) (DbType = Decimal), @p22='?' (DbType = Int32), @p23='?' (DbType = Int32), @p24='?' (Precision = 18) (Scale = 2) (DbType = Decimal), @p25='?' (Precision = 18) (Scale = 2) (DbType = Decimal)], CommandType='"Text"', CommandTimeout='30']
SET IMPLICIT_TRANSACTIONS OFF;
SET NOCOUNT ON;
INSERT INTO [InvoiceItems] ([CreatedAt], [InvoiceId], [LineTotal], [ProductId], [Quantity], [TaxRate], [UnitPrice])
OUTPUT INSERTED.[Id]
VALUES (@p19, @p20, @p21, @p22, @p23, @p24, @p25);
2026-08-14 14:53:10.911 +03:00 [INF] Executing OkObjectResult, writing value of type 'ECommerceManagement.Application.DTOs.Invoices.InvoiceDto'.
2026-08-14 14:53:10.915 +03:00 [INF] Executed action ECommerceManagement.Api.Controllers.SellerController.CreateAndConfirmInvoice (ECommerceManagement.Api) in 945.2167ms
2026-08-14 14:53:10.915 +03:00 [INF] Executed endpoint 'ECommerceManagement.Api.Controllers.SellerController.CreateAndConfirmInvoice (ECommerceManagement.Api)'
2026-08-14 14:53:10.915 +03:00 [INF] HTTP POST /orders/invoice responded 200 in 957.4711 ms
2026-08-14 14:53:10.915 +03:00 [INF] Request finished HTTP/1.1 POST http://localhost:5275/orders/invoice?sellerId=1&orderId=10 - 200 null application/json; charset=utf-8 963.288ms
2026-08-14 14:53:46.902 +03:00 [INF] Request starting HTTP/1.1 PUT http://localhost:5275/invoices/confirm?sellerId=1&invoiceId=6 - null 0
2026-08-14 14:53:46.908 +03:00 [INF] HTTP PUT /invoices/confirm responded 404 in 5.1416 ms
2026-08-14 14:53:46.909 +03:00 [INF] Request finished HTTP/1.1 PUT http://localhost:5275/invoices/confirm?sellerId=1&invoiceId=6 - 404 0 null 6.7442ms
2026-08-14 14:53:46.910 +03:00 [INF] Request reached the end of the middleware pipeline without being handled by application code. Request path: PUT http://localhost:5275/invoices/confirm, Response status code: 404
2026-08-14 14:54:04.207 +03:00 [INF] Request starting HTTP/1.1 GET http://localhost:5275/index.html - null null
2026-08-14 14:54:04.238 +03:00 [INF] HTTP GET /index.html responded 200 in 30.7773 ms
2026-08-14 14:54:04.238 +03:00 [INF] Request finished HTTP/1.1 GET http://localhost:5275/index.html - 200 null text/html;charset=utf-8 31.4358ms
2026-08-14 14:54:04.659 +03:00 [INF] Request starting HTTP/1.1 GET http://localhost:5275/swagger/v1/swagger.json - null null
2026-08-14 14:54:04.711 +03:00 [INF] HTTP GET /swagger/v1/swagger.json responded 200 in 52.0090 ms
2026-08-14 14:54:04.712 +03:00 [INF] Request finished HTTP/1.1 GET http://localhost:5275/swagger/v1/swagger.json - 200 null application/json;charset=utf-8 52.4826ms
2026-08-14 14:54:24.266 +03:00 [INF] Request starting HTTP/1.1 POST http://localhost:5275/api/Auth/login - application/json 62
2026-08-14 14:54:24.272 +03:00 [INF] Executing endpoint 'ECommerceManagement.Api.Controllers.AuthController.Login (ECommerceManagement.Api)'
2026-08-14 14:54:24.278 +03:00 [INF] Route matched with {action = "Login", controller = "Auth"}. Executing controller action with signature System.Threading.Tasks.Task`1[Microsoft.AspNetCore.Mvc.IActionResult] Login(ECommerceManagement.Application.DTOs.Auth.LoginDto) on controller ECommerceManagement.Api.Controllers.AuthController (ECommerceManagement.Api).
2026-08-14 14:54:24.306 +03:00 [INF] Executed DbCommand (4ms) [Parameters=[@dto_Email='?' (Size = 450)], CommandType='"Text"', CommandTimeout='30']
SELECT TOP(1) [u].[Id], [u].[CreatedAt], [u].[Email], [u].[IsActive], [u].[PasswordHash], [u].[RefreshToken], [u].[RefreshTokenExpiresAt], [u].[Username]
FROM [Users] AS [u]
WHERE [u].[Email] = @dto_Email
2026-08-14 14:54:24.364 +03:00 [INF] Executed DbCommand (3ms) [Parameters=[@user_Id='?' (DbType = Int32)], CommandType='"Text"', CommandTimeout='30']
SELECT [u].[UserId], [u].[RoleId]
FROM [UserRoles] AS [u]
WHERE [u].[UserId] = @user_Id
2026-08-14 14:54:24.370 +03:00 [INF] Executed DbCommand (2ms) [Parameters=[@roleIds1='?' (DbType = Int32)], CommandType='"Text"', CommandTimeout='30']
SELECT [r].[Id], [r].[CreatedAt], [r].[Name]
FROM [Roles] AS [r]
WHERE [r].[Id] = @roleIds1
2026-08-14 14:54:24.391 +03:00 [INF] Executed DbCommand (10ms) [Parameters=[@p7='?' (DbType = Int32), @p0='?' (DbType = DateTime2), @p1='?' (Size = 450), @p2='?' (DbType = Boolean), @p3='?' (Size = 4000), @p4='?' (Size = 4000), @p5='?' (DbType = DateTime2), @p6='?' (Size = 4000)], CommandType='"Text"', CommandTimeout='30']
SET IMPLICIT_TRANSACTIONS OFF;
SET NOCOUNT ON;
UPDATE [Users] SET [CreatedAt] = @p0, [Email] = @p1, [IsActive] = @p2, [PasswordHash] = @p3, [RefreshToken] = @p4, [RefreshTokenExpiresAt] = @p5, [Username] = @p6
OUTPUT 1
WHERE [Id] = @p7;
2026-08-14 14:54:24.391 +03:00 [INF] Executing OkObjectResult, writing value of type 'ECommerceManagement.Application.DTOs.Auth.TokenResponseDto'.
2026-08-14 14:54:24.392 +03:00 [INF] Executed action ECommerceManagement.Api.Controllers.AuthController.Login (ECommerceManagement.Api) in 113.8655ms
2026-08-14 14:54:24.392 +03:00 [INF] Executed endpoint 'ECommerceManagement.Api.Controllers.AuthController.Login (ECommerceManagement.Api)'
2026-08-14 14:54:24.392 +03:00 [INF] HTTP POST /api/Auth/login responded 200 in 125.4909 ms
2026-08-14 14:54:24.392 +03:00 [INF] Request finished HTTP/1.1 POST http://localhost:5275/api/Auth/login - 200 null application/json; charset=utf-8 126.0878ms
2026-08-14 14:54:46.462 +03:00 [INF] Request starting HTTP/1.1 GET http://localhost:5275/invoices?sellerId=1 - null null
2026-08-14 14:54:46.468 +03:00 [INF] Executing endpoint 'ECommerceManagement.Api.Controllers.SellerController.GetInvoices (ECommerceManagement.Api)'
2026-08-14 14:54:46.474 +03:00 [INF] Route matched with {action = "GetInvoices", controller = "Seller"}. Executing controller action with signature System.Threading.Tasks.Task`1[Microsoft.AspNetCore.Mvc.IActionResult] GetInvoices(Int32) on controller ECommerceManagement.Api.Controllers.SellerController (ECommerceManagement.Api).
2026-08-14 14:54:46.499 +03:00 [INF] Executed DbCommand (5ms) [Parameters=[@sellerId='?' (DbType = Int32)], CommandType='"Text"', CommandTimeout='30']
SELECT [i].[Id], [i].[AxIntegrationId], [i].[AxIntegrationStatus], [i].[CreatedAt], [i].[CustomerName], [i].[InvoiceNumber], [i].[OrderId], [i].[SellerId], [i].[Status], [i].[TotalAmount]
FROM [Invoices] AS [i]
WHERE [i].[SellerId] = @sellerId
2026-08-14 14:54:46.504 +03:00 [INF] Executing OkObjectResult, writing value of type 'System.Collections.Generic.List`1[[ECommerceManagement.Application.DTOs.Invoices.InvoiceDto, ECommerceManagement.Application, Version=1.0.0.0, Culture=neutral, PublicKeyToken=null]]'.
2026-08-14 14:54:46.505 +03:00 [INF] Executed action ECommerceManagement.Api.Controllers.SellerController.GetInvoices (ECommerceManagement.Api) in 30.122ms
2026-08-14 14:54:46.505 +03:00 [INF] Executed endpoint 'ECommerceManagement.Api.Controllers.SellerController.GetInvoices (ECommerceManagement.Api)'
2026-08-14 14:54:46.505 +03:00 [INF] HTTP GET /invoices responded 200 in 40.3432 ms
2026-08-14 14:54:46.505 +03:00 [INF] Request finished HTTP/1.1 GET http://localhost:5275/invoices?sellerId=1 - 200 null application/json; charset=utf-8 43.509ms
2026-08-14 14:54:58.183 +03:00 [INF] Request starting HTTP/1.1 PUT http://localhost:5275/orders/ship?sellerId=1&orderId=6 - null 0
2026-08-14 14:54:58.183 +03:00 [INF] Executing endpoint 'ECommerceManagement.Api.Controllers.SellerController.ShipOrder (ECommerceManagement.Api)'
2026-08-14 14:54:58.191 +03:00 [INF] Route matched with {action = "ShipOrder", controller = "Seller"}. Executing controller action with signature System.Threading.Tasks.Task`1[Microsoft.AspNetCore.Mvc.IActionResult] ShipOrder(Int32, Int32) on controller ECommerceManagement.Api.Controllers.SellerController (ECommerceManagement.Api).
2026-08-14 14:54:58.244 +03:00 [INF] Executed DbCommand (43ms) [Parameters=[@p='?' (DbType = Int32)], CommandType='"Text"', CommandTimeout='30']
SELECT TOP(1) [o].[Id], [o].[BillingAddressId], [o].[CreatedAt], [o].[CustomerId], [o].[SellerId], [o].[ShippingAddressId], [o].[Status], [o].[SysmondOrderId], [o].[TotalAmount], [o].[UpdatedAt]
FROM [Orders] AS [o]
WHERE [o].[Id] = @p
2026-08-14 14:54:58.249 +03:00 [INF] Executed action ECommerceManagement.Api.Controllers.SellerController.ShipOrder (ECommerceManagement.Api) in 57.2408ms
2026-08-14 14:54:58.249 +03:00 [INF] Executed endpoint 'ECommerceManagement.Api.Controllers.SellerController.ShipOrder (ECommerceManagement.Api)'
2026-08-14 14:54:58.249 +03:00 [ERR] HTTP PUT /orders/ship responded 500 in 66.4762 ms
System.InvalidOperationException: Sadece faturası kesilmiş (Invoiced) siparişler kargolanabilir.
   at ECommerceManagement.Application.Services.SellerOrderService.ShipOrderAsync(Int32 orderId, Int32 sellerId) in /Users/yigit/RiderProjects/ECommerceManagement/src/ECommerceManagement.Application/Services/SellerOrderService.cs:line 280
   at ECommerceManagement.Api.Controllers.SellerController.ShipOrder(Int32 sellerId, Int32 orderId) in /Users/yigit/RiderProjects/ECommerceManagement/src/ECommerceManagement.Api/Controllers/SellerController.cs:line 70
   at Microsoft.AspNetCore.Mvc.Infrastructure.ActionMethodExecutor.TaskOfIActionResultExecutor.Execute(ActionContext actionContext, IActionResultTypeMapper mapper, ObjectMethodExecutor executor, Object controller, Object[] arguments)
   at Microsoft.AspNetCore.Mvc.Infrastructure.ControllerActionInvoker.<InvokeActionMethodAsync>g__Awaited|12_0(ControllerActionInvoker invoker, ValueTask`1 actionResultValueTask)
   at Microsoft.AspNetCore.Mvc.Infrastructure.ControllerActionInvoker.<InvokeNextActionFilterAsync>g__Awaited|10_0(ControllerActionInvoker invoker, Task lastTask, State next, Scope scope, Object state, Boolean isCompleted)
   at Microsoft.AspNetCore.Mvc.Infrastructure.ControllerActionInvoker.Rethrow(ActionExecutedContextSealed context)
   at Microsoft.AspNetCore.Mvc.Infrastructure.ControllerActionInvoker.Next(State& next, Scope& scope, Object& state, Boolean& isCompleted)
   at Microsoft.AspNetCore.Mvc.Infrastructure.ControllerActionInvoker.<InvokeInnerFilterAsync>g__Awaited|13_0(ControllerActionInvoker invoker, Task lastTask, State next, Scope scope, Object state, Boolean isCompleted)
   at Microsoft.AspNetCore.Mvc.Infrastructure.ResourceInvoker.<InvokeFilterPipelineAsync>g__Awaited|20_0(ResourceInvoker invoker, Task lastTask, State next, Scope scope, Object state, Boolean isCompleted)
   at Microsoft.AspNetCore.Mvc.Infrastructure.ResourceInvoker.<InvokeAsync>g__Logged|17_1(ResourceInvoker invoker)
   at Microsoft.AspNetCore.Mvc.Infrastructure.ResourceInvoker.<InvokeAsync>g__Logged|17_1(ResourceInvoker invoker)
   at Microsoft.AspNetCore.Routing.EndpointMiddleware.<Invoke>g__AwaitRequestTask|7_0(Endpoint endpoint, Task requestTask, ILogger logger)
   at Microsoft.AspNetCore.Authorization.AuthorizationMiddleware.Invoke(HttpContext context)
   at Microsoft.AspNetCore.Authentication.AuthenticationMiddleware.Invoke(HttpContext context)
   at Swashbuckle.AspNetCore.SwaggerUI.SwaggerUIMiddleware.Invoke(HttpContext httpContext)
   at Swashbuckle.AspNetCore.Swagger.SwaggerMiddleware.Invoke(HttpContext httpContext, ISwaggerProvider swaggerProvider)
   at Serilog.AspNetCore.RequestLoggingMiddleware.Invoke(HttpContext httpContext)
2026-08-14 14:54:58.268 +03:00 [ERR] An unhandled exception has occurred while executing the request.
System.InvalidOperationException: Sadece faturası kesilmiş (Invoiced) siparişler kargolanabilir.
   at ECommerceManagement.Application.Services.SellerOrderService.ShipOrderAsync(Int32 orderId, Int32 sellerId) in /Users/yigit/RiderProjects/ECommerceManagement/src/ECommerceManagement.Application/Services/SellerOrderService.cs:line 280
   at ECommerceManagement.Api.Controllers.SellerController.ShipOrder(Int32 sellerId, Int32 orderId) in /Users/yigit/RiderProjects/ECommerceManagement/src/ECommerceManagement.Api/Controllers/SellerController.cs:line 70
   at Microsoft.AspNetCore.Mvc.Infrastructure.ActionMethodExecutor.TaskOfIActionResultExecutor.Execute(ActionContext actionContext, IActionResultTypeMapper mapper, ObjectMethodExecutor executor, Object controller, Object[] arguments)
   at Microsoft.AspNetCore.Mvc.Infrastructure.ControllerActionInvoker.<InvokeActionMethodAsync>g__Awaited|12_0(ControllerActionInvoker invoker, ValueTask`1 actionResultValueTask)
   at Microsoft.AspNetCore.Mvc.Infrastructure.ControllerActionInvoker.<InvokeNextActionFilterAsync>g__Awaited|10_0(ControllerActionInvoker invoker, Task lastTask, State next, Scope scope, Object state, Boolean isCompleted)
   at Microsoft.AspNetCore.Mvc.Infrastructure.ControllerActionInvoker.Rethrow(ActionExecutedContextSealed context)
   at Microsoft.AspNetCore.Mvc.Infrastructure.ControllerActionInvoker.Next(State& next, Scope& scope, Object& state, Boolean& isCompleted)
   at Microsoft.AspNetCore.Mvc.Infrastructure.ControllerActionInvoker.<InvokeInnerFilterAsync>g__Awaited|13_0(ControllerActionInvoker invoker, Task lastTask, State next, Scope scope, Object state, Boolean isCompleted)
   at Microsoft.AspNetCore.Mvc.Infrastructure.ResourceInvoker.<InvokeFilterPipelineAsync>g__Awaited|20_0(ResourceInvoker invoker, Task lastTask, State next, Scope scope, Object state, Boolean isCompleted)
   at Microsoft.AspNetCore.Mvc.Infrastructure.ResourceInvoker.<InvokeAsync>g__Logged|17_1(ResourceInvoker invoker)
   at Microsoft.AspNetCore.Mvc.Infrastructure.ResourceInvoker.<InvokeAsync>g__Logged|17_1(ResourceInvoker invoker)
   at Microsoft.AspNetCore.Routing.EndpointMiddleware.<Invoke>g__AwaitRequestTask|7_0(Endpoint endpoint, Task requestTask, ILogger logger)
   at Microsoft.AspNetCore.Authorization.AuthorizationMiddleware.Invoke(HttpContext context)
   at Microsoft.AspNetCore.Authentication.AuthenticationMiddleware.Invoke(HttpContext context)
   at Swashbuckle.AspNetCore.SwaggerUI.SwaggerUIMiddleware.Invoke(HttpContext httpContext)
   at Swashbuckle.AspNetCore.Swagger.SwaggerMiddleware.Invoke(HttpContext httpContext, ISwaggerProvider swaggerProvider)
   at Serilog.AspNetCore.RequestLoggingMiddleware.Invoke(HttpContext httpContext)
   at Microsoft.AspNetCore.Diagnostics.DeveloperExceptionPageMiddlewareImpl.Invoke(HttpContext context)
2026-08-14 14:54:58.271 +03:00 [INF] Request finished HTTP/1.1 PUT http://localhost:5275/orders/ship?sellerId=1&orderId=6 - 500 null text/plain; charset=utf-8 88.7849ms
2026-08-14 14:55:43.963 +03:00 [INF] Request starting HTTP/1.1 PUT http://localhost:5275/orders/ship?sellerId=1&orderId=10 - null 0
2026-08-14 14:55:43.965 +03:00 [INF] Executing endpoint 'ECommerceManagement.Api.Controllers.SellerController.ShipOrder (ECommerceManagement.Api)'
2026-08-14 14:55:43.966 +03:00 [INF] Route matched with {action = "ShipOrder", controller = "Seller"}. Executing controller action with signature System.Threading.Tasks.Task`1[Microsoft.AspNetCore.Mvc.IActionResult] ShipOrder(Int32, Int32) on controller ECommerceManagement.Api.Controllers.SellerController (ECommerceManagement.Api).
2026-08-14 14:55:43.985 +03:00 [INF] Executed DbCommand (7ms) [Parameters=[@p='?' (DbType = Int32)], CommandType='"Text"', CommandTimeout='30']
SELECT TOP(1) [o].[Id], [o].[BillingAddressId], [o].[CreatedAt], [o].[CustomerId], [o].[SellerId], [o].[ShippingAddressId], [o].[Status], [o].[SysmondOrderId], [o].[TotalAmount], [o].[UpdatedAt]
FROM [Orders] AS [o]
WHERE [o].[Id] = @p
2026-08-14 14:55:44.177 +03:00 [INF] Executed DbCommand (11ms) [Parameters=[@p9='?' (DbType = Int32), @p0='?' (DbType = Int32), @p1='?' (DbType = DateTime2), @p2='?' (DbType = Int32), @p3='?' (DbType = Int32), @p4='?' (DbType = Int32), @p5='?' (DbType = Int32), @p6='?' (DbType = Guid), @p7='?' (Precision = 18) (Scale = 2) (DbType = Decimal), @p8='?' (DbType = DateTime2)], CommandType='"Text"', CommandTimeout='30']
SET IMPLICIT_TRANSACTIONS OFF;
SET NOCOUNT ON;
UPDATE [Orders] SET [BillingAddressId] = @p0, [CreatedAt] = @p1, [CustomerId] = @p2, [SellerId] = @p3, [ShippingAddressId] = @p4, [Status] = @p5, [SysmondOrderId] = @p6, [TotalAmount] = @p7, [UpdatedAt] = @p8
OUTPUT 1
WHERE [Id] = @p9;
2026-08-14 14:55:44.178 +03:00 [INF] Executing OkObjectResult, writing value of type '<>f__AnonymousType0`1[[System.String, System.Private.CoreLib, Version=10.0.0.0, Culture=neutral, PublicKeyToken=7cec85d7bea7798e]]'.
2026-08-14 14:55:44.183 +03:00 [INF] Executed action ECommerceManagement.Api.Controllers.SellerController.ShipOrder (ECommerceManagement.Api) in 216.8724ms
2026-08-14 14:55:44.183 +03:00 [INF] Executed endpoint 'ECommerceManagement.Api.Controllers.SellerController.ShipOrder (ECommerceManagement.Api)'
2026-08-14 14:55:44.183 +03:00 [INF] HTTP PUT /orders/ship responded 200 in 219.6156 ms
2026-08-14 14:55:44.183 +03:00 [INF] Request finished HTTP/1.1 PUT http://localhost:5275/orders/ship?sellerId=1&orderId=10 - 200 null application/json; charset=utf-8 220.6453ms
2026-08-14 14:57:34.751 +03:00 [INF] Application is shutting down...
